dataset,subject,session,pipeline,metric,score,fold,fold_policy,n_train,n_test,n_channels,time,pipeline_digest,paradigm_digest,evaluation,moecog_version,computed_at
Miller2019-motor_basic,bp,0,HighGamma + LDA,kappa,1.0,0,chronological,48,12,47,0.266442060470581,f0ad027786a9,0d79a81a67b3,within_subject,0.3.0.dev0,2026-09-10T20:10:50
Miller2019-motor_basic,bp,0,HighGamma + LDA,accuracy,1.0,0,chronological,48,12,47,0.266442060470581,f0ad027786a9,0d79a81a67b3,within_subject,0.3.0.dev0,2026-09-10T20:10:50
Miller2019-motor_basic,bp,0,HighGamma + LDA,balanced_accuracy,1.0,0,chronological,48,12,47,0.266442060470581,f0ad027786a9,0d79a81a67b3,within_subject,0.3.0.dev0,2026-09-10T20:10:50
Miller2019-motor_basic,bp,0,LogBandPower + LDA,kappa,1.0,0,chronological,48,12,47,0.1632142066955566,ad4c2abc31c8,0d79a81a67b3,within_subject,0.3.0.dev0,2026-09-10T20:10:50
Miller2019-motor_basic,bp,0,LogBandPower + LDA,accuracy,1.0,0,chronological,48,12,47,0.1632142066955566,ad4c2abc31c8,0d79a81a67b3,within_subject,0.3.0.dev0,2026-09-10T20:10:50
Miller2019-motor_basic,bp,0,LogBandPower + LDA,balanced_accuracy,1.0,0,chronological,48,12,47,0.1632142066955566,ad4c2abc31c8,0d79a81a67b3,within_subject,0.3.0.dev0,2026-09-10T20:10:50
Miller2019-motor_basic,bp,0,LogBandPower + LogReg,kappa,1.0,0,chronological,48,12,47,0.1556179523468017,688f919f3ab0,0d79a81a67b3,within_subject,0.3.0.dev0,2026-09-10T20:10:50
Miller2019-motor_basic,bp,0,LogBandPower + LogReg,accuracy,1.0,0,chronological,48,12,47,0.1556179523468017,688f919f3ab0,0d79a81a67b3,within_subject,0.3.0.dev0,2026-09-10T20:10:50
Miller2019-motor_basic,bp,0,LogBandPower + LogReg,balanced_accuracy,1.0,0,chronological,48,12,47,0.1556179523468017,688f919f3ab0,0d79a81a67b3,within_subject,0.3.0.dev0,2026-09-10T20:10:50
Miller2019-motor_basic,bp,0,Riemann TS + LogReg,kappa,1.0,0,chronological,48,12,47,0.2179410457611084,b4736e60e22e,0d79a81a67b3,within_subject,0.3.0.dev0,2026-09-10T20:10:50
Miller2019-motor_basic,bp,0,Riemann TS + LogReg,accuracy,1.0,0,chronological,48,12,47,0.2179410457611084,b4736e60e22e,0d79a81a67b3,within_subject,0.3.0.dev0,2026-09-10T20:10:50
Miller2019-motor_basic,bp,0,Riemann TS + LogReg,balanced_accuracy,1.0,0,chronological,48,12,47,0.2179410457611084,b4736e60e22e,0d79a81a67b3,within_subject,0.3.0.dev0,2026-09-10T20:10:50
Miller2019-motor_basic,bp,0,HighGamma + LDA,kappa,1.0,1,chronological,48,12,47,0.1440820693969726,f0ad027786a9,0d79a81a67b3,within_subject,0.3.0.dev0,2026-09-10T20:10:50
Miller2019-motor_basic,bp,0,HighGamma + LDA,accuracy,1.0,1,chronological,48,12,47,0.1440820693969726,f0ad027786a9,0d79a81a67b3,within_subject,0.3.0.dev0,2026-09-10T20:10:50
Miller2019-motor_basic,bp,0,HighGamma + LDA,balanced_accuracy,1.0,1,chronological,48,12,47,0.1440820693969726,f0ad027786a9,0d79a81a67b3,within_subject,0.3.0.dev0,2026-09-10T20:10:50
Miller2019-motor_basic,bp,0,LogBandPower + LDA,kappa,1.0,1,chronological,48,12,47,0.1492998600006103,ad4c2abc31c8,0d79a81a67b3,within_subject,0.3.0.dev0,2026-09-10T20:10:50
Miller2019-motor_basic,bp,0,LogBandPower + LDA,accuracy,1.0,1,chronological,48,12,47,0.1492998600006103,ad4c2abc31c8,0d79a81a67b3,within_subject,0.3.0.dev0,2026-09-10T20:10:50
Miller2019-motor_basic,bp,0,LogBandPower + LDA,balanced_accuracy,1.0,1,chronological,48,12,47,0.1492998600006103,ad4c2abc31c8,0d79a81a67b3,within_subject,0.3.0.dev0,2026-09-10T20:10:50
Miller2019-motor_basic,bp,0,LogBandPower + LogReg,kappa,1.0,1,chronological,48,12,47,0.1440446376800537,688f919f3ab0,0d79a81a67b3,within_subject,0.3.0.dev0,2026-09-10T20:10:50
Miller2019-motor_basic,bp,0,LogBandPower + LogReg,accuracy,1.0,1,chronological,48,12,47,0.1440446376800537,688f919f3ab0,0d79a81a67b3,within_subject,0.3.0.dev0,2026-09-10T20:10:50
Miller2019-motor_basic,bp,0,LogBandPower + LogReg,balanced_accuracy,1.0,1,chronological,48,12,47,0.1440446376800537,688f919f3ab0,0d79a81a67b3,within_subject,0.3.0.dev0,2026-09-10T20:10:50
Miller2019-motor_basic,bp,0,Riemann TS + LogReg,kappa,0.8235294117647058,1,chronological,48,12,47,0.2154271602630615,b4736e60e22e,0d79a81a67b3,within_subject,0.3.0.dev0,2026-09-10T20:10:50
Miller2019-motor_basic,bp,0,Riemann TS + LogReg,accuracy,0.9166666666666666,1,chronological,48,12,47,0.2154271602630615,b4736e60e22e,0d79a81a67b3,within_subject,0.3.0.dev0,2026-09-10T20:10:50
Miller2019-motor_basic,bp,0,Riemann TS + LogReg,balanced_accuracy,0.9375,1,chronological,48,12,47,0.2154271602630615,b4736e60e22e,0d79a81a67b3,within_subject,0.3.0.dev0,2026-09-10T20:10:50
Miller2019-motor_basic,bp,0,HighGamma + LDA,kappa,1.0,2,chronological,48,12,47,0.1496119499206543,f0ad027786a9,0d79a81a67b3,within_subject,0.3.0.dev0,2026-09-10T20:10:50
Miller2019-motor_basic,bp,0,HighGamma + LDA,accuracy,1.0,2,chronological,48,12,47,0.1496119499206543,f0ad027786a9,0d79a81a67b3,within_subject,0.3.0.dev0,2026-09-10T20:10:50
Miller2019-motor_basic,bp,0,HighGamma + LDA,balanced_accuracy,1.0,2,chronological,48,12,47,0.1496119499206543,f0ad027786a9,0d79a81a67b3,within_subject,0.3.0.dev0,2026-09-10T20:10:50
Miller2019-motor_basic,bp,0,LogBandPower + LDA,kappa,1.0,2,chronological,48,12,47,0.1482770442962646,ad4c2abc31c8,0d79a81a67b3,within_subject,0.3.0.dev0,2026-09-10T20:10:50
Miller2019-motor_basic,bp,0,LogBandPower + LDA,accuracy,1.0,2,chronological,48,12,47,0.1482770442962646,ad4c2abc31c8,0d79a81a67b3,within_subject,0.3.0.dev0,2026-09-10T20:10:50
Miller2019-motor_basic,bp,0,LogBandPower + LDA,balanced_accuracy,1.0,2,chronological,48,12,47,0.1482770442962646,ad4c2abc31c8,0d79a81a67b3,within_subject,0.3.0.dev0,2026-09-10T20:10:50
Miller2019-motor_basic,bp,0,LogBandPower + LogReg,kappa,1.0,2,chronological,48,12,47,0.14329195022583,688f919f3ab0,0d79a81a67b3,within_subject,0.3.0.dev0,2026-09-10T20:10:50
Miller2019-motor_basic,bp,0,LogBandPower + LogReg,accuracy,1.0,2,chronological,48,12,47,0.14329195022583,688f919f3ab0,0d79a81a67b3,within_subject,0.3.0.dev0,2026-09-10T20:10:50
Miller2019-motor_basic,bp,0,LogBandPower + LogReg,balanced_accuracy,1.0,2,chronological,48,12,47,0.14329195022583,688f919f3ab0,0d79a81a67b3,within_subject,0.3.0.dev0,2026-09-10T20:10:50
Miller2019-motor_basic,bp,0,Riemann TS + LogReg,kappa,0.6666666666666667,2,chronological,48,12,47,0.2120850086212158,b4736e60e22e,0d79a81a67b3,within_subject,0.3.0.dev0,2026-09-10T20:10:50
Miller2019-motor_basic,bp,0,Riemann TS + LogReg,accuracy,0.8333333333333334,2,chronological,48,12,47,0.2120850086212158,b4736e60e22e,0d79a81a67b3,within_subject,0.3.0.dev0,2026-09-10T20:10:50
Miller2019-motor_basic,bp,0,Riemann TS + LogReg,balanced_accuracy,0.875,2,chronological,48,12,47,0.2120850086212158,b4736e60e22e,0d79a81a67b3,within_subject,0.3.0.dev0,2026-09-10T20:10:50
Miller2019-motor_basic,bp,0,HighGamma + LDA,kappa,1.0,3,chronological,48,12,47,0.1433689594268798,f0ad027786a9,0d79a81a67b3,within_subject,0.3.0.dev0,2026-09-10T20:10:50
Miller2019-motor_basic,bp,0,HighGamma + LDA,accuracy,1.0,3,chronological,48,12,47,0.1433689594268798,f0ad027786a9,0d79a81a67b3,within_subject,0.3.0.dev0,2026-09-10T20:10:50
Miller2019-motor_basic,bp,0,HighGamma + LDA,balanced_accuracy,1.0,3,chronological,48,12,47,0.1433689594268798,f0ad027786a9,0d79a81a67b3,within_subject,0.3.0.dev0,2026-09-10T20:10:50
Miller2019-motor_basic,bp,0,LogBandPower + LDA,kappa,1.0,3,chronological,48,12,47,0.14898681640625,ad4c2abc31c8,0d79a81a67b3,within_subject,0.3.0.dev0,2026-09-10T20:10:50
Miller2019-motor_basic,bp,0,LogBandPower + LDA,accuracy,1.0,3,chronological,48,12,47,0.14898681640625,ad4c2abc31c8,0d79a81a67b3,within_subject,0.3.0.dev0,2026-09-10T20:10:50
Miller2019-motor_basic,bp,0,LogBandPower + LDA,balanced_accuracy,1.0,3,chronological,48,12,47,0.14898681640625,ad4c2abc31c8,0d79a81a67b3,within_subject,0.3.0.dev0,2026-09-10T20:10:50
Miller2019-motor_basic,bp,0,LogBandPower + LogReg,kappa,1.0,3,chronological,48,12,47,0.1430268287658691,688f919f3ab0,0d79a81a67b3,within_subject,0.3.0.dev0,2026-09-10T20:10:50
Miller2019-motor_basic,bp,0,LogBandPower + LogReg,accuracy,1.0,3,chronological,48,12,47,0.1430268287658691,688f919f3ab0,0d79a81a67b3,within_subject,0.3.0.dev0,2026-09-10T20:10:50
Miller2019-motor_basic,bp,0,LogBandPower + LogReg,balanced_accuracy,1.0,3,chronological,48,12,47,0.1430268287658691,688f919f3ab0,0d79a81a67b3,within_subject,0.3.0.dev0,2026-09-10T20:10:50
Miller2019-motor_basic,bp,0,Riemann TS + LogReg,kappa,0.8,3,chronological,48,12,47,0.2152419090270996,b4736e60e22e,0d79a81a67b3,within_subject,0.3.0.dev0,2026-09-10T20:10:50
Miller2019-motor_basic,bp,0,Riemann TS + LogReg,accuracy,0.9166666666666666,3,chronological,48,12,47,0.2152419090270996,b4736e60e22e,0d79a81a67b3,within_subject,0.3.0.dev0,2026-09-10T20:10:50
Miller2019-motor_basic,bp,0,Riemann TS + LogReg,balanced_accuracy,0.875,3,chronological,48,12,47,0.2152419090270996,b4736e60e22e,0d79a81a67b3,within_subject,0.3.0.dev0,2026-09-10T20:10:50
Miller2019-motor_basic,bp,0,HighGamma + LDA,kappa,0.8333333333333334,4,chronological,48,12,47,0.1505050659179687,f0ad027786a9,0d79a81a67b3,within_subject,0.3.0.dev0,2026-09-10T20:10:50
Miller2019-motor_basic,bp,0,HighGamma + LDA,accuracy,0.9166666666666666,4,chronological,48,12,47,0.1505050659179687,f0ad027786a9,0d79a81a67b3,within_subject,0.3.0.dev0,2026-09-10T20:10:50
Miller2019-motor_basic,bp,0,HighGamma + LDA,balanced_accuracy,0.9166666666666669,4,chronological,48,12,47,0.1505050659179687,f0ad027786a9,0d79a81a67b3,within_subject,0.3.0.dev0,2026-09-10T20:10:50
Miller2019-motor_basic,bp,0,LogBandPower + LDA,kappa,0.8333333333333334,4,chronological,48,12,47,0.1535890102386474,ad4c2abc31c8,0d79a81a67b3,within_subject,0.3.0.dev0,2026-09-10T20:10:50
Miller2019-motor_basic,bp,0,LogBandPower + LDA,accuracy,0.9166666666666666,4,chronological,48,12,47,0.1535890102386474,ad4c2abc31c8,0d79a81a67b3,within_subject,0.3.0.dev0,2026-09-10T20:10:50
Miller2019-motor_basic,bp,0,LogBandPower + LDA,balanced_accuracy,0.9166666666666669,4,chronological,48,12,47,0.1535890102386474,ad4c2abc31c8,0d79a81a67b3,within_subject,0.3.0.dev0,2026-09-10T20:10:50
Miller2019-motor_basic,bp,0,LogBandPower + LogReg,kappa,0.8333333333333334,4,chronological,48,12,47,0.1427609920501709,688f919f3ab0,0d79a81a67b3,within_subject,0.3.0.dev0,2026-09-10T20:10:50
Miller2019-motor_basic,bp,0,LogBandPower + LogReg,accuracy,0.9166666666666666,4,chronological,48,12,47,0.1427609920501709,688f919f3ab0,0d79a81a67b3,within_subject,0.3.0.dev0,2026-09-10T20:10:50
Miller2019-motor_basic,bp,0,LogBandPower + LogReg,balanced_accuracy,0.9166666666666669,4,chronological,48,12,47,0.1427609920501709,688f919f3ab0,0d79a81a67b3,within_subject,0.3.0.dev0,2026-09-10T20:10:50
Miller2019-motor_basic,bp,0,Riemann TS + LogReg,kappa,1.0,4,chronological,48,12,47,0.215674877166748,b4736e60e22e,0d79a81a67b3,within_subject,0.3.0.dev0,2026-09-10T20:10:50
Miller2019-motor_basic,bp,0,Riemann TS + LogReg,accuracy,1.0,4,chronological,48,12,47,0.215674877166748,b4736e60e22e,0d79a81a67b3,within_subject,0.3.0.dev0,2026-09-10T20:10:50
Miller2019-motor_basic,bp,0,Riemann TS + LogReg,balanced_accuracy,1.0,4,chronological,48,12,47,0.215674877166748,b4736e60e22e,0d79a81a67b3,within_subject,0.3.0.dev0,2026-09-10T20:10:50
Miller2019-motor_basic,ca,0,HighGamma + LDA,kappa,0.5,0,chronological,48,12,59,0.237109899520874,f0ad027786a9,0d79a81a67b3,within_subject,0.3.0.dev0,2026-09-10T20:10:56
Miller2019-motor_basic,ca,0,HighGamma + LDA,accuracy,0.75,0,chronological,48,12,59,0.237109899520874,f0ad027786a9,0d79a81a67b3,within_subject,0.3.0.dev0,2026-09-10T20:10:56
Miller2019-motor_basic,ca,0,HighGamma + LDA,balanced_accuracy,0.7571428571428571,0,chronological,48,12,59,0.237109899520874,f0ad027786a9,0d79a81a67b3,within_subject,0.3.0.dev0,2026-09-10T20:10:56
Miller2019-motor_basic,ca,0,LogBandPower + LDA,kappa,0.6756756756756757,0,chronological,48,12,59,0.1938810348510742,ad4c2abc31c8,0d79a81a67b3,within_subject,0.3.0.dev0,2026-09-10T20:10:56
Miller2019-motor_basic,ca,0,LogBandPower + LDA,accuracy,0.8333333333333334,0,chronological,48,12,59,0.1938810348510742,ad4c2abc31c8,0d79a81a67b3,within_subject,0.3.0.dev0,2026-09-10T20:10:56
Miller2019-motor_basic,ca,0,LogBandPower + LDA,balanced_accuracy,0.8571428571428572,0,chronological,48,12,59,0.1938810348510742,ad4c2abc31c8,0d79a81a67b3,within_subject,0.3.0.dev0,2026-09-10T20:10:56
Miller2019-motor_basic,ca,0,LogBandPower + LogReg,kappa,0.8333333333333334,0,chronological,48,12,59,0.1803829669952392,688f919f3ab0,0d79a81a67b3,within_subject,0.3.0.dev0,2026-09-10T20:10:56
Miller2019-motor_basic,ca,0,LogBandPower + LogReg,accuracy,0.9166666666666666,0,chronological,48,12,59,0.1803829669952392,688f919f3ab0,0d79a81a67b3,within_subject,0.3.0.dev0,2026-09-10T20:10:56
Miller2019-motor_basic,ca,0,LogBandPower + LogReg,balanced_accuracy,0.9285714285714286,0,chronological,48,12,59,0.1803829669952392,688f919f3ab0,0d79a81a67b3,within_subject,0.3.0.dev0,2026-09-10T20:10:56
Miller2019-motor_basic,ca,0,Riemann TS + LogReg,kappa,0.6756756756756757,0,chronological,48,12,59,0.3058590888977051,b4736e60e22e,0d79a81a67b3,within_subject,0.3.0.dev0,2026-09-10T20:10:56
Miller2019-motor_basic,ca,0,Riemann TS + LogReg,accuracy,0.8333333333333334,0,chronological,48,12,59,0.3058590888977051,b4736e60e22e,0d79a81a67b3,within_subject,0.3.0.dev0,2026-09-10T20:10:56
Miller2019-motor_basic,ca,0,Riemann TS + LogReg,balanced_accuracy,0.8571428571428572,0,chronological,48,12,59,0.3058590888977051,b4736e60e22e,0d79a81a67b3,within_subject,0.3.0.dev0,2026-09-10T20:10:56
Miller2019-motor_basic,ca,0,HighGamma + LDA,kappa,1.0,1,chronological,48,12,59,0.1864409446716308,f0ad027786a9,0d79a81a67b3,within_subject,0.3.0.dev0,2026-09-10T20:10:56
Miller2019-motor_basic,ca,0,HighGamma + LDA,accuracy,1.0,1,chronological,48,12,59,0.1864409446716308,f0ad027786a9,0d79a81a67b3,within_subject,0.3.0.dev0,2026-09-10T20:10:56
Miller2019-motor_basic,ca,0,HighGamma + LDA,balanced_accuracy,1.0,1,chronological,48,12,59,0.1864409446716308,f0ad027786a9,0d79a81a67b3,within_subject,0.3.0.dev0,2026-09-10T20:10:56
Miller2019-motor_basic,ca,0,LogBandPower + LDA,kappa,0.8235294117647058,1,chronological,48,12,59,0.191983938217163,ad4c2abc31c8,0d79a81a67b3,within_subject,0.3.0.dev0,2026-09-10T20:10:56
Miller2019-motor_basic,ca,0,LogBandPower + LDA,accuracy,0.9166666666666666,1,chronological,48,12,59,0.191983938217163,ad4c2abc31c8,0d79a81a67b3,within_subject,0.3.0.dev0,2026-09-10T20:10:56
Miller2019-motor_basic,ca,0,LogBandPower + LDA,balanced_accuracy,0.9,1,chronological,48,12,59,0.191983938217163,ad4c2abc31c8,0d79a81a67b3,within_subject,0.3.0.dev0,2026-09-10T20:10:56
Miller2019-motor_basic,ca,0,LogBandPower + LogReg,kappa,0.8235294117647058,1,chronological,48,12,59,0.1821019649505615,688f919f3ab0,0d79a81a67b3,within_subject,0.3.0.dev0,2026-09-10T20:10:56
Miller2019-motor_basic,ca,0,LogBandPower + LogReg,accuracy,0.9166666666666666,1,chronological,48,12,59,0.1821019649505615,688f919f3ab0,0d79a81a67b3,within_subject,0.3.0.dev0,2026-09-10T20:10:56
Miller2019-motor_basic,ca,0,LogBandPower + LogReg,balanced_accuracy,0.9,1,chronological,48,12,59,0.1821019649505615,688f919f3ab0,0d79a81a67b3,within_subject,0.3.0.dev0,2026-09-10T20:10:56
Miller2019-motor_basic,ca,0,Riemann TS + LogReg,kappa,1.0,1,chronological,48,12,59,0.2980279922485351,b4736e60e22e,0d79a81a67b3,within_subject,0.3.0.dev0,2026-09-10T20:10:56
Miller2019-motor_basic,ca,0,Riemann TS + LogReg,accuracy,1.0,1,chronological,48,12,59,0.2980279922485351,b4736e60e22e,0d79a81a67b3,within_subject,0.3.0.dev0,2026-09-10T20:10:56
Miller2019-motor_basic,ca,0,Riemann TS + LogReg,balanced_accuracy,1.0,1,chronological,48,12,59,0.2980279922485351,b4736e60e22e,0d79a81a67b3,within_subject,0.3.0.dev0,2026-09-10T20:10:56
Miller2019-motor_basic,ca,0,HighGamma + LDA,kappa,0.6756756756756757,2,chronological,48,12,59,0.182103157043457,f0ad027786a9,0d79a81a67b3,within_subject,0.3.0.dev0,2026-09-10T20:10:56
Miller2019-motor_basic,ca,0,HighGamma + LDA,accuracy,0.8333333333333334,2,chronological,48,12,59,0.182103157043457,f0ad027786a9,0d79a81a67b3,within_subject,0.3.0.dev0,2026-09-10T20:10:56
Miller2019-motor_basic,ca,0,HighGamma + LDA,balanced_accuracy,0.8571428571428572,2,chronological,48,12,59,0.182103157043457,f0ad027786a9,0d79a81a67b3,within_subject,0.3.0.dev0,2026-09-10T20:10:56
Miller2019-motor_basic,ca,0,LogBandPower + LDA,kappa,1.0,2,chronological,48,12,59,0.1888279914855957,ad4c2abc31c8,0d79a81a67b3,within_subject,0.3.0.dev0,2026-09-10T20:10:56
Miller2019-motor_basic,ca,0,LogBandPower + LDA,accuracy,1.0,2,chronological,48,12,59,0.1888279914855957,ad4c2abc31c8,0d79a81a67b3,within_subject,0.3.0.dev0,2026-09-10T20:10:56
Miller2019-motor_basic,ca,0,LogBandPower + LDA,balanced_accuracy,1.0,2,chronological,48,12,59,0.1888279914855957,ad4c2abc31c8,0d79a81a67b3,within_subject,0.3.0.dev0,2026-09-10T20:10:56
Miller2019-motor_basic,ca,0,LogBandPower + LogReg,kappa,0.8333333333333334,2,chronological,48,12,59,0.181344985961914,688f919f3ab0,0d79a81a67b3,within_subject,0.3.0.dev0,2026-09-10T20:10:56
Miller2019-motor_basic,ca,0,LogBandPower + LogReg,accuracy,0.9166666666666666,2,chronological,48,12,59,0.181344985961914,688f919f3ab0,0d79a81a67b3,within_subject,0.3.0.dev0,2026-09-10T20:10:56
Miller2019-motor_basic,ca,0,LogBandPower + LogReg,balanced_accuracy,0.9285714285714286,2,chronological,48,12,59,0.181344985961914,688f919f3ab0,0d79a81a67b3,within_subject,0.3.0.dev0,2026-09-10T20:10:56
Miller2019-motor_basic,ca,0,Riemann TS + LogReg,kappa,1.0,2,chronological,48,12,59,0.2985391616821289,b4736e60e22e,0d79a81a67b3,within_subject,0.3.0.dev0,2026-09-10T20:10:56
Miller2019-motor_basic,ca,0,Riemann TS + LogReg,accuracy,1.0,2,chronological,48,12,59,0.2985391616821289,b4736e60e22e,0d79a81a67b3,within_subject,0.3.0.dev0,2026-09-10T20:10:56
Miller2019-motor_basic,ca,0,Riemann TS + LogReg,balanced_accuracy,1.0,2,chronological,48,12,59,0.2985391616821289,b4736e60e22e,0d79a81a67b3,within_subject,0.3.0.dev0,2026-09-10T20:10:56
Miller2019-motor_basic,ca,0,HighGamma + LDA,kappa,0.5,3,chronological,48,12,59,0.1810600757598877,f0ad027786a9,0d79a81a67b3,within_subject,0.3.0.dev0,2026-09-10T20:10:56
Miller2019-motor_basic,ca,0,HighGamma + LDA,accuracy,0.75,3,chronological,48,12,59,0.1810600757598877,f0ad027786a9,0d79a81a67b3,within_subject,0.3.0.dev0,2026-09-10T20:10:56
Miller2019-motor_basic,ca,0,HighGamma + LDA,balanced_accuracy,0.7571428571428571,3,chronological,48,12,59,0.1810600757598877,f0ad027786a9,0d79a81a67b3,within_subject,0.3.0.dev0,2026-09-10T20:10:56
Miller2019-motor_basic,ca,0,LogBandPower + LDA,kappa,1.0,3,chronological,48,12,59,0.1887190341949463,ad4c2abc31c8,0d79a81a67b3,within_subject,0.3.0.dev0,2026-09-10T20:10:56
Miller2019-motor_basic,ca,0,LogBandPower + LDA,accuracy,1.0,3,chronological,48,12,59,0.1887190341949463,ad4c2abc31c8,0d79a81a67b3,within_subject,0.3.0.dev0,2026-09-10T20:10:56
Miller2019-motor_basic,ca,0,LogBandPower + LDA,balanced_accuracy,1.0,3,chronological,48,12,59,0.1887190341949463,ad4c2abc31c8,0d79a81a67b3,within_subject,0.3.0.dev0,2026-09-10T20:10:56
Miller2019-motor_basic,ca,0,LogBandPower + LogReg,kappa,0.8333333333333334,3,chronological,48,12,59,0.1808221340179443,688f919f3ab0,0d79a81a67b3,within_subject,0.3.0.dev0,2026-09-10T20:10:56
Miller2019-motor_basic,ca,0,LogBandPower + LogReg,accuracy,0.9166666666666666,3,chronological,48,12,59,0.1808221340179443,688f919f3ab0,0d79a81a67b3,within_subject,0.3.0.dev0,2026-09-10T20:10:56
Miller2019-motor_basic,ca,0,LogBandPower + LogReg,balanced_accuracy,0.9285714285714286,3,chronological,48,12,59,0.1808221340179443,688f919f3ab0,0d79a81a67b3,within_subject,0.3.0.dev0,2026-09-10T20:10:56
Miller2019-motor_basic,ca,0,Riemann TS + LogReg,kappa,1.0,3,chronological,48,12,59,0.29836106300354,b4736e60e22e,0d79a81a67b3,within_subject,0.3.0.dev0,2026-09-10T20:10:56
Miller2019-motor_basic,ca,0,Riemann TS + LogReg,accuracy,1.0,3,chronological,48,12,59,0.29836106300354,b4736e60e22e,0d79a81a67b3,within_subject,0.3.0.dev0,2026-09-10T20:10:56
Miller2019-motor_basic,ca,0,Riemann TS + LogReg,balanced_accuracy,1.0,3,chronological,48,12,59,0.29836106300354,b4736e60e22e,0d79a81a67b3,within_subject,0.3.0.dev0,2026-09-10T20:10:56
Miller2019-motor_basic,ca,0,HighGamma + LDA,kappa,1.0,4,chronological,48,12,59,0.1797859668731689,f0ad027786a9,0d79a81a67b3,within_subject,0.3.0.dev0,2026-09-10T20:10:56
Miller2019-motor_basic,ca,0,HighGamma + LDA,accuracy,1.0,4,chronological,48,12,59,0.1797859668731689,f0ad027786a9,0d79a81a67b3,within_subject,0.3.0.dev0,2026-09-10T20:10:56
Miller2019-motor_basic,ca,0,HighGamma + LDA,balanced_accuracy,1.0,4,chronological,48,12,59,0.1797859668731689,f0ad027786a9,0d79a81a67b3,within_subject,0.3.0.dev0,2026-09-10T20:10:56
Miller2019-motor_basic,ca,0,LogBandPower + LDA,kappa,0.8,4,chronological,48,12,59,0.1880018711090088,ad4c2abc31c8,0d79a81a67b3,within_subject,0.3.0.dev0,2026-09-10T20:10:56
Miller2019-motor_basic,ca,0,LogBandPower + LDA,accuracy,0.9166666666666666,4,chronological,48,12,59,0.1880018711090088,ad4c2abc31c8,0d79a81a67b3,within_subject,0.3.0.dev0,2026-09-10T20:10:56
Miller2019-motor_basic,ca,0,LogBandPower + LDA,balanced_accuracy,0.875,4,chronological,48,12,59,0.1880018711090088,ad4c2abc31c8,0d79a81a67b3,within_subject,0.3.0.dev0,2026-09-10T20:10:56
Miller2019-motor_basic,ca,0,LogBandPower + LogReg,kappa,0.8,4,chronological,48,12,59,0.177994966506958,688f919f3ab0,0d79a81a67b3,within_subject,0.3.0.dev0,2026-09-10T20:10:56
Miller2019-motor_basic,ca,0,LogBandPower + LogReg,accuracy,0.9166666666666666,4,chronological,48,12,59,0.177994966506958,688f919f3ab0,0d79a81a67b3,within_subject,0.3.0.dev0,2026-09-10T20:10:56
Miller2019-motor_basic,ca,0,LogBandPower + LogReg,balanced_accuracy,0.875,4,chronological,48,12,59,0.177994966506958,688f919f3ab0,0d79a81a67b3,within_subject,0.3.0.dev0,2026-09-10T20:10:56
Miller2019-motor_basic,ca,0,Riemann TS + LogReg,kappa,0.625,4,chronological,48,12,59,0.3008317947387695,b4736e60e22e,0d79a81a67b3,within_subject,0.3.0.dev0,2026-09-10T20:10:56
Miller2019-motor_basic,ca,0,Riemann TS + LogReg,accuracy,0.8333333333333334,4,chronological,48,12,59,0.3008317947387695,b4736e60e22e,0d79a81a67b3,within_subject,0.3.0.dev0,2026-09-10T20:10:56
Miller2019-motor_basic,ca,0,Riemann TS + LogReg,balanced_accuracy,0.8125,4,chronological,48,12,59,0.3008317947387695,b4736e60e22e,0d79a81a67b3,within_subject,0.3.0.dev0,2026-09-10T20:10:56
Miller2019-motor_basic,cc,0,HighGamma + LDA,kappa,1.0,0,chronological,24,6,60,0.1075670719146728,f0ad027786a9,0d79a81a67b3,within_subject,0.3.0.dev0,2026-09-10T20:10:59
Miller2019-motor_basic,cc,0,HighGamma + LDA,accuracy,1.0,0,chronological,24,6,60,0.1075670719146728,f0ad027786a9,0d79a81a67b3,within_subject,0.3.0.dev0,2026-09-10T20:10:59
Miller2019-motor_basic,cc,0,HighGamma + LDA,balanced_accuracy,1.0,0,chronological,24,6,60,0.1075670719146728,f0ad027786a9,0d79a81a67b3,within_subject,0.3.0.dev0,2026-09-10T20:10:59
Miller2019-motor_basic,cc,0,LogBandPower + LDA,kappa,1.0,0,chronological,24,6,60,0.1017708778381347,ad4c2abc31c8,0d79a81a67b3,within_subject,0.3.0.dev0,2026-09-10T20:10:59
Miller2019-motor_basic,cc,0,LogBandPower + LDA,accuracy,1.0,0,chronological,24,6,60,0.1017708778381347,ad4c2abc31c8,0d79a81a67b3,within_subject,0.3.0.dev0,2026-09-10T20:10:59
Miller2019-motor_basic,cc,0,LogBandPower + LDA,balanced_accuracy,1.0,0,chronological,24,6,60,0.1017708778381347,ad4c2abc31c8,0d79a81a67b3,within_subject,0.3.0.dev0,2026-09-10T20:10:59
Miller2019-motor_basic,cc,0,LogBandPower + LogReg,kappa,1.0,0,chronological,24,6,60,0.0894982814788818,688f919f3ab0,0d79a81a67b3,within_subject,0.3.0.dev0,2026-09-10T20:10:59
Miller2019-motor_basic,cc,0,LogBandPower + LogReg,accuracy,1.0,0,chronological,24,6,60,0.0894982814788818,688f919f3ab0,0d79a81a67b3,within_subject,0.3.0.dev0,2026-09-10T20:10:59
Miller2019-motor_basic,cc,0,LogBandPower + LogReg,balanced_accuracy,1.0,0,chronological,24,6,60,0.0894982814788818,688f919f3ab0,0d79a81a67b3,within_subject,0.3.0.dev0,2026-09-10T20:10:59
Miller2019-motor_basic,cc,0,Riemann TS + LogReg,kappa,1.0,0,chronological,24,6,60,0.1593999862670898,b4736e60e22e,0d79a81a67b3,within_subject,0.3.0.dev0,2026-09-10T20:10:59
Miller2019-motor_basic,cc,0,Riemann TS + LogReg,accuracy,1.0,0,chronological,24,6,60,0.1593999862670898,b4736e60e22e,0d79a81a67b3,within_subject,0.3.0.dev0,2026-09-10T20:10:59
Miller2019-motor_basic,cc,0,Riemann TS + LogReg,balanced_accuracy,1.0,0,chronological,24,6,60,0.1593999862670898,b4736e60e22e,0d79a81a67b3,within_subject,0.3.0.dev0,2026-09-10T20:10:59
Miller2019-motor_basic,cc,0,HighGamma + LDA,kappa,1.0,1,chronological,24,6,60,0.0905938148498535,f0ad027786a9,0d79a81a67b3,within_subject,0.3.0.dev0,2026-09-10T20:10:59
Miller2019-motor_basic,cc,0,HighGamma + LDA,accuracy,1.0,1,chronological,24,6,60,0.0905938148498535,f0ad027786a9,0d79a81a67b3,within_subject,0.3.0.dev0,2026-09-10T20:10:59
Miller2019-motor_basic,cc,0,HighGamma + LDA,balanced_accuracy,1.0,1,chronological,24,6,60,0.0905938148498535,f0ad027786a9,0d79a81a67b3,within_subject,0.3.0.dev0,2026-09-10T20:10:59
Miller2019-motor_basic,cc,0,LogBandPower + LDA,kappa,1.0,1,chronological,24,6,60,0.0973110198974609,ad4c2abc31c8,0d79a81a67b3,within_subject,0.3.0.dev0,2026-09-10T20:10:59
Miller2019-motor_basic,cc,0,LogBandPower + LDA,accuracy,1.0,1,chronological,24,6,60,0.0973110198974609,ad4c2abc31c8,0d79a81a67b3,within_subject,0.3.0.dev0,2026-09-10T20:10:59
Miller2019-motor_basic,cc,0,LogBandPower + LDA,balanced_accuracy,1.0,1,chronological,24,6,60,0.0973110198974609,ad4c2abc31c8,0d79a81a67b3,within_subject,0.3.0.dev0,2026-09-10T20:10:59
Miller2019-motor_basic,cc,0,LogBandPower + LogReg,kappa,1.0,1,chronological,24,6,60,0.0912950038909912,688f919f3ab0,0d79a81a67b3,within_subject,0.3.0.dev0,2026-09-10T20:10:59
Miller2019-motor_basic,cc,0,LogBandPower + LogReg,accuracy,1.0,1,chronological,24,6,60,0.0912950038909912,688f919f3ab0,0d79a81a67b3,within_subject,0.3.0.dev0,2026-09-10T20:10:59
Miller2019-motor_basic,cc,0,LogBandPower + LogReg,balanced_accuracy,1.0,1,chronological,24,6,60,0.0912950038909912,688f919f3ab0,0d79a81a67b3,within_subject,0.3.0.dev0,2026-09-10T20:10:59
Miller2019-motor_basic,cc,0,Riemann TS + LogReg,kappa,1.0,1,chronological,24,6,60,0.1605486869812011,b4736e60e22e,0d79a81a67b3,within_subject,0.3.0.dev0,2026-09-10T20:10:59
Miller2019-motor_basic,cc,0,Riemann TS + LogReg,accuracy,1.0,1,chronological,24,6,60,0.1605486869812011,b4736e60e22e,0d79a81a67b3,within_subject,0.3.0.dev0,2026-09-10T20:10:59
Miller2019-motor_basic,cc,0,Riemann TS + LogReg,balanced_accuracy,1.0,1,chronological,24,6,60,0.1605486869812011,b4736e60e22e,0d79a81a67b3,within_subject,0.3.0.dev0,2026-09-10T20:10:59
Miller2019-motor_basic,cc,0,HighGamma + LDA,kappa,1.0,2,chronological,24,6,60,0.0902581214904785,f0ad027786a9,0d79a81a67b3,within_subject,0.3.0.dev0,2026-09-10T20:10:59
Miller2019-motor_basic,cc,0,HighGamma + LDA,accuracy,1.0,2,chronological,24,6,60,0.0902581214904785,f0ad027786a9,0d79a81a67b3,within_subject,0.3.0.dev0,2026-09-10T20:10:59
Miller2019-motor_basic,cc,0,HighGamma + LDA,balanced_accuracy,1.0,2,chronological,24,6,60,0.0902581214904785,f0ad027786a9,0d79a81a67b3,within_subject,0.3.0.dev0,2026-09-10T20:10:59
Miller2019-motor_basic,cc,0,LogBandPower + LDA,kappa,1.0,2,chronological,24,6,60,0.0958342552185058,ad4c2abc31c8,0d79a81a67b3,within_subject,0.3.0.dev0,2026-09-10T20:10:59
Miller2019-motor_basic,cc,0,LogBandPower + LDA,accuracy,1.0,2,chronological,24,6,60,0.0958342552185058,ad4c2abc31c8,0d79a81a67b3,within_subject,0.3.0.dev0,2026-09-10T20:10:59
Miller2019-motor_basic,cc,0,LogBandPower + LDA,balanced_accuracy,1.0,2,chronological,24,6,60,0.0958342552185058,ad4c2abc31c8,0d79a81a67b3,within_subject,0.3.0.dev0,2026-09-10T20:10:59
Miller2019-motor_basic,cc,0,LogBandPower + LogReg,kappa,1.0,2,chronological,24,6,60,0.0878269672393798,688f919f3ab0,0d79a81a67b3,within_subject,0.3.0.dev0,2026-09-10T20:10:59
Miller2019-motor_basic,cc,0,LogBandPower + LogReg,accuracy,1.0,2,chronological,24,6,60,0.0878269672393798,688f919f3ab0,0d79a81a67b3,within_subject,0.3.0.dev0,2026-09-10T20:10:59
Miller2019-motor_basic,cc,0,LogBandPower + LogReg,balanced_accuracy,1.0,2,chronological,24,6,60,0.0878269672393798,688f919f3ab0,0d79a81a67b3,within_subject,0.3.0.dev0,2026-09-10T20:10:59
Miller2019-motor_basic,cc,0,Riemann TS + LogReg,kappa,1.0,2,chronological,24,6,60,0.1565949916839599,b4736e60e22e,0d79a81a67b3,within_subject,0.3.0.dev0,2026-09-10T20:10:59
Miller2019-motor_basic,cc,0,Riemann TS + LogReg,accuracy,1.0,2,chronological,24,6,60,0.1565949916839599,b4736e60e22e,0d79a81a67b3,within_subject,0.3.0.dev0,2026-09-10T20:10:59
Miller2019-motor_basic,cc,0,Riemann TS + LogReg,balanced_accuracy,1.0,2,chronological,24,6,60,0.1565949916839599,b4736e60e22e,0d79a81a67b3,within_subject,0.3.0.dev0,2026-09-10T20:10:59
Miller2019-motor_basic,cc,0,HighGamma + LDA,kappa,1.0,3,chronological,24,6,60,0.0880160331726074,f0ad027786a9,0d79a81a67b3,within_subject,0.3.0.dev0,2026-09-10T20:10:59
Miller2019-motor_basic,cc,0,HighGamma + LDA,accuracy,1.0,3,chronological,24,6,60,0.0880160331726074,f0ad027786a9,0d79a81a67b3,within_subject,0.3.0.dev0,2026-09-10T20:10:59
Miller2019-motor_basic,cc,0,HighGamma + LDA,balanced_accuracy,1.0,3,chronological,24,6,60,0.0880160331726074,f0ad027786a9,0d79a81a67b3,within_subject,0.3.0.dev0,2026-09-10T20:10:59
Miller2019-motor_basic,cc,0,LogBandPower + LDA,kappa,1.0,3,chronological,24,6,60,0.0966989994049072,ad4c2abc31c8,0d79a81a67b3,within_subject,0.3.0.dev0,2026-09-10T20:10:59
Miller2019-motor_basic,cc,0,LogBandPower + LDA,accuracy,1.0,3,chronological,24,6,60,0.0966989994049072,ad4c2abc31c8,0d79a81a67b3,within_subject,0.3.0.dev0,2026-09-10T20:10:59
Miller2019-motor_basic,cc,0,LogBandPower + LDA,balanced_accuracy,1.0,3,chronological,24,6,60,0.0966989994049072,ad4c2abc31c8,0d79a81a67b3,within_subject,0.3.0.dev0,2026-09-10T20:10:59
Miller2019-motor_basic,cc,0,LogBandPower + LogReg,kappa,1.0,3,chronological,24,6,60,0.0878877639770507,688f919f3ab0,0d79a81a67b3,within_subject,0.3.0.dev0,2026-09-10T20:10:59
Miller2019-motor_basic,cc,0,LogBandPower + LogReg,accuracy,1.0,3,chronological,24,6,60,0.0878877639770507,688f919f3ab0,0d79a81a67b3,within_subject,0.3.0.dev0,2026-09-10T20:10:59
Miller2019-motor_basic,cc,0,LogBandPower + LogReg,balanced_accuracy,1.0,3,chronological,24,6,60,0.0878877639770507,688f919f3ab0,0d79a81a67b3,within_subject,0.3.0.dev0,2026-09-10T20:10:59
Miller2019-motor_basic,cc,0,Riemann TS + LogReg,kappa,1.0,3,chronological,24,6,60,0.1566951274871826,b4736e60e22e,0d79a81a67b3,within_subject,0.3.0.dev0,2026-09-10T20:10:59
Miller2019-motor_basic,cc,0,Riemann TS + LogReg,accuracy,1.0,3,chronological,24,6,60,0.1566951274871826,b4736e60e22e,0d79a81a67b3,within_subject,0.3.0.dev0,2026-09-10T20:10:59
Miller2019-motor_basic,cc,0,Riemann TS + LogReg,balanced_accuracy,1.0,3,chronological,24,6,60,0.1566951274871826,b4736e60e22e,0d79a81a67b3,within_subject,0.3.0.dev0,2026-09-10T20:10:59
Miller2019-motor_basic,cc,0,HighGamma + LDA,kappa,1.0,4,chronological,24,6,60,0.0882518291473388,f0ad027786a9,0d79a81a67b3,within_subject,0.3.0.dev0,2026-09-10T20:10:59
Miller2019-motor_basic,cc,0,HighGamma + LDA,accuracy,1.0,4,chronological,24,6,60,0.0882518291473388,f0ad027786a9,0d79a81a67b3,within_subject,0.3.0.dev0,2026-09-10T20:10:59
Miller2019-motor_basic,cc,0,HighGamma + LDA,balanced_accuracy,1.0,4,chronological,24,6,60,0.0882518291473388,f0ad027786a9,0d79a81a67b3,within_subject,0.3.0.dev0,2026-09-10T20:10:59
Miller2019-motor_basic,cc,0,LogBandPower + LDA,kappa,1.0,4,chronological,24,6,60,0.096588134765625,ad4c2abc31c8,0d79a81a67b3,within_subject,0.3.0.dev0,2026-09-10T20:10:59
Miller2019-motor_basic,cc,0,LogBandPower + LDA,accuracy,1.0,4,chronological,24,6,60,0.096588134765625,ad4c2abc31c8,0d79a81a67b3,within_subject,0.3.0.dev0,2026-09-10T20:10:59
Miller2019-motor_basic,cc,0,LogBandPower + LDA,balanced_accuracy,1.0,4,chronological,24,6,60,0.096588134765625,ad4c2abc31c8,0d79a81a67b3,within_subject,0.3.0.dev0,2026-09-10T20:10:59
Miller2019-motor_basic,cc,0,LogBandPower + LogReg,kappa,1.0,4,chronological,24,6,60,0.0900359153747558,688f919f3ab0,0d79a81a67b3,within_subject,0.3.0.dev0,2026-09-10T20:10:59
Miller2019-motor_basic,cc,0,LogBandPower + LogReg,accuracy,1.0,4,chronological,24,6,60,0.0900359153747558,688f919f3ab0,0d79a81a67b3,within_subject,0.3.0.dev0,2026-09-10T20:10:59
Miller2019-motor_basic,cc,0,LogBandPower + LogReg,balanced_accuracy,1.0,4,chronological,24,6,60,0.0900359153747558,688f919f3ab0,0d79a81a67b3,within_subject,0.3.0.dev0,2026-09-10T20:10:59
Miller2019-motor_basic,cc,0,Riemann TS + LogReg,kappa,1.0,4,chronological,24,6,60,0.1573379039764404,b4736e60e22e,0d79a81a67b3,within_subject,0.3.0.dev0,2026-09-10T20:10:59
Miller2019-motor_basic,cc,0,Riemann TS + LogReg,accuracy,1.0,4,chronological,24,6,60,0.1573379039764404,b4736e60e22e,0d79a81a67b3,within_subject,0.3.0.dev0,2026-09-10T20:10:59
Miller2019-motor_basic,cc,0,Riemann TS + LogReg,balanced_accuracy,1.0,4,chronological,24,6,60,0.1573379039764404,b4736e60e22e,0d79a81a67b3,within_subject,0.3.0.dev0,2026-09-10T20:10:59
Miller2019-motor_basic,de,0,HighGamma + LDA,kappa,1.0,0,chronological,48,12,64,0.2716479301452636,f0ad027786a9,0d79a81a67b3,within_subject,0.3.0.dev0,2026-09-10T20:11:05
Miller2019-motor_basic,de,0,HighGamma + LDA,accuracy,1.0,0,chronological,48,12,64,0.2716479301452636,f0ad027786a9,0d79a81a67b3,within_subject,0.3.0.dev0,2026-09-10T20:11:05
Miller2019-motor_basic,de,0,HighGamma + LDA,balanced_accuracy,1.0,0,chronological,48,12,64,0.2716479301452636,f0ad027786a9,0d79a81a67b3,within_subject,0.3.0.dev0,2026-09-10T20:11:05
Miller2019-motor_basic,de,0,LogBandPower + LDA,kappa,1.0,0,chronological,48,12,64,0.2521710395812988,ad4c2abc31c8,0d79a81a67b3,within_subject,0.3.0.dev0,2026-09-10T20:11:05
Miller2019-motor_basic,de,0,LogBandPower + LDA,accuracy,1.0,0,chronological,48,12,64,0.2521710395812988,ad4c2abc31c8,0d79a81a67b3,within_subject,0.3.0.dev0,2026-09-10T20:11:05
Miller2019-motor_basic,de,0,LogBandPower + LDA,balanced_accuracy,1.0,0,chronological,48,12,64,0.2521710395812988,ad4c2abc31c8,0d79a81a67b3,within_subject,0.3.0.dev0,2026-09-10T20:11:05
Miller2019-motor_basic,de,0,LogBandPower + LogReg,kappa,1.0,0,chronological,48,12,64,0.2338101863861084,688f919f3ab0,0d79a81a67b3,within_subject,0.3.0.dev0,2026-09-10T20:11:05
Miller2019-motor_basic,de,0,LogBandPower + LogReg,accuracy,1.0,0,chronological,48,12,64,0.2338101863861084,688f919f3ab0,0d79a81a67b3,within_subject,0.3.0.dev0,2026-09-10T20:11:05
Miller2019-motor_basic,de,0,LogBandPower + LogReg,balanced_accuracy,1.0,0,chronological,48,12,64,0.2338101863861084,688f919f3ab0,0d79a81a67b3,within_subject,0.3.0.dev0,2026-09-10T20:11:05
Miller2019-motor_basic,de,0,Riemann TS + LogReg,kappa,0.6756756756756757,0,chronological,48,12,64,0.3282680511474609,b4736e60e22e,0d79a81a67b3,within_subject,0.3.0.dev0,2026-09-10T20:11:05
Miller2019-motor_basic,de,0,Riemann TS + LogReg,accuracy,0.8333333333333334,0,chronological,48,12,64,0.3282680511474609,b4736e60e22e,0d79a81a67b3,within_subject,0.3.0.dev0,2026-09-10T20:11:05
Miller2019-motor_basic,de,0,Riemann TS + LogReg,balanced_accuracy,0.8571428571428572,0,chronological,48,12,64,0.3282680511474609,b4736e60e22e,0d79a81a67b3,within_subject,0.3.0.dev0,2026-09-10T20:11:05
Miller2019-motor_basic,de,0,HighGamma + LDA,kappa,1.0,1,chronological,48,12,64,0.2357161045074463,f0ad027786a9,0d79a81a67b3,within_subject,0.3.0.dev0,2026-09-10T20:11:05
Miller2019-motor_basic,de,0,HighGamma + LDA,accuracy,1.0,1,chronological,48,12,64,0.2357161045074463,f0ad027786a9,0d79a81a67b3,within_subject,0.3.0.dev0,2026-09-10T20:11:05
Miller2019-motor_basic,de,0,HighGamma + LDA,balanced_accuracy,1.0,1,chronological,48,12,64,0.2357161045074463,f0ad027786a9,0d79a81a67b3,within_subject,0.3.0.dev0,2026-09-10T20:11:05
Miller2019-motor_basic,de,0,LogBandPower + LDA,kappa,1.0,1,chronological,48,12,64,0.2413458824157714,ad4c2abc31c8,0d79a81a67b3,within_subject,0.3.0.dev0,2026-09-10T20:11:05
Miller2019-motor_basic,de,0,LogBandPower + LDA,accuracy,1.0,1,chronological,48,12,64,0.2413458824157714,ad4c2abc31c8,0d79a81a67b3,within_subject,0.3.0.dev0,2026-09-10T20:11:05
Miller2019-motor_basic,de,0,LogBandPower + LDA,balanced_accuracy,1.0,1,chronological,48,12,64,0.2413458824157714,ad4c2abc31c8,0d79a81a67b3,within_subject,0.3.0.dev0,2026-09-10T20:11:05
Miller2019-motor_basic,de,0,LogBandPower + LogReg,kappa,1.0,1,chronological,48,12,64,0.225391149520874,688f919f3ab0,0d79a81a67b3,within_subject,0.3.0.dev0,2026-09-10T20:11:05
Miller2019-motor_basic,de,0,LogBandPower + LogReg,accuracy,1.0,1,chronological,48,12,64,0.225391149520874,688f919f3ab0,0d79a81a67b3,within_subject,0.3.0.dev0,2026-09-10T20:11:05
Miller2019-motor_basic,de,0,LogBandPower + LogReg,balanced_accuracy,1.0,1,chronological,48,12,64,0.225391149520874,688f919f3ab0,0d79a81a67b3,within_subject,0.3.0.dev0,2026-09-10T20:11:05
Miller2019-motor_basic,de,0,Riemann TS + LogReg,kappa,0.8333333333333334,1,chronological,48,12,64,0.3243429660797119,b4736e60e22e,0d79a81a67b3,within_subject,0.3.0.dev0,2026-09-10T20:11:05
Miller2019-motor_basic,de,0,Riemann TS + LogReg,accuracy,0.9166666666666666,1,chronological,48,12,64,0.3243429660797119,b4736e60e22e,0d79a81a67b3,within_subject,0.3.0.dev0,2026-09-10T20:11:05
Miller2019-motor_basic,de,0,Riemann TS + LogReg,balanced_accuracy,0.9166666666666669,1,chronological,48,12,64,0.3243429660797119,b4736e60e22e,0d79a81a67b3,within_subject,0.3.0.dev0,2026-09-10T20:11:05
Miller2019-motor_basic,de,0,HighGamma + LDA,kappa,1.0,2,chronological,48,12,64,0.2292501926422119,f0ad027786a9,0d79a81a67b3,within_subject,0.3.0.dev0,2026-09-10T20:11:05
Miller2019-motor_basic,de,0,HighGamma + LDA,accuracy,1.0,2,chronological,48,12,64,0.2292501926422119,f0ad027786a9,0d79a81a67b3,within_subject,0.3.0.dev0,2026-09-10T20:11:05
Miller2019-motor_basic,de,0,HighGamma + LDA,balanced_accuracy,1.0,2,chronological,48,12,64,0.2292501926422119,f0ad027786a9,0d79a81a67b3,within_subject,0.3.0.dev0,2026-09-10T20:11:05
Miller2019-motor_basic,de,0,LogBandPower + LDA,kappa,1.0,2,chronological,48,12,64,0.242067813873291,ad4c2abc31c8,0d79a81a67b3,within_subject,0.3.0.dev0,2026-09-10T20:11:05
Miller2019-motor_basic,de,0,LogBandPower + LDA,accuracy,1.0,2,chronological,48,12,64,0.242067813873291,ad4c2abc31c8,0d79a81a67b3,within_subject,0.3.0.dev0,2026-09-10T20:11:05
Miller2019-motor_basic,de,0,LogBandPower + LDA,balanced_accuracy,1.0,2,chronological,48,12,64,0.242067813873291,ad4c2abc31c8,0d79a81a67b3,within_subject,0.3.0.dev0,2026-09-10T20:11:05
Miller2019-motor_basic,de,0,LogBandPower + LogReg,kappa,1.0,2,chronological,48,12,64,0.2338678836822509,688f919f3ab0,0d79a81a67b3,within_subject,0.3.0.dev0,2026-09-10T20:11:05
Miller2019-motor_basic,de,0,LogBandPower + LogReg,accuracy,1.0,2,chronological,48,12,64,0.2338678836822509,688f919f3ab0,0d79a81a67b3,within_subject,0.3.0.dev0,2026-09-10T20:11:05
Miller2019-motor_basic,de,0,LogBandPower + LogReg,balanced_accuracy,1.0,2,chronological,48,12,64,0.2338678836822509,688f919f3ab0,0d79a81a67b3,within_subject,0.3.0.dev0,2026-09-10T20:11:05
Miller2019-motor_basic,de,0,Riemann TS + LogReg,kappa,0.6571428571428571,2,chronological,48,12,64,0.3231568336486816,b4736e60e22e,0d79a81a67b3,within_subject,0.3.0.dev0,2026-09-10T20:11:05
Miller2019-motor_basic,de,0,Riemann TS + LogReg,accuracy,0.8333333333333334,2,chronological,48,12,64,0.3231568336486816,b4736e60e22e,0d79a81a67b3,within_subject,0.3.0.dev0,2026-09-10T20:11:05
Miller2019-motor_basic,de,0,Riemann TS + LogReg,balanced_accuracy,0.8285714285714285,2,chronological,48,12,64,0.3231568336486816,b4736e60e22e,0d79a81a67b3,within_subject,0.3.0.dev0,2026-09-10T20:11:05
Miller2019-motor_basic,de,0,HighGamma + LDA,kappa,1.0,3,chronological,48,12,64,0.2302870750427246,f0ad027786a9,0d79a81a67b3,within_subject,0.3.0.dev0,2026-09-10T20:11:05
Miller2019-motor_basic,de,0,HighGamma + LDA,accuracy,1.0,3,chronological,48,12,64,0.2302870750427246,f0ad027786a9,0d79a81a67b3,within_subject,0.3.0.dev0,2026-09-10T20:11:05
Miller2019-motor_basic,de,0,HighGamma + LDA,balanced_accuracy,1.0,3,chronological,48,12,64,0.2302870750427246,f0ad027786a9,0d79a81a67b3,within_subject,0.3.0.dev0,2026-09-10T20:11:05
Miller2019-motor_basic,de,0,LogBandPower + LDA,kappa,1.0,3,chronological,48,12,64,0.2432861328125,ad4c2abc31c8,0d79a81a67b3,within_subject,0.3.0.dev0,2026-09-10T20:11:05
Miller2019-motor_basic,de,0,LogBandPower + LDA,accuracy,1.0,3,chronological,48,12,64,0.2432861328125,ad4c2abc31c8,0d79a81a67b3,within_subject,0.3.0.dev0,2026-09-10T20:11:05
Miller2019-motor_basic,de,0,LogBandPower + LDA,balanced_accuracy,1.0,3,chronological,48,12,64,0.2432861328125,ad4c2abc31c8,0d79a81a67b3,within_subject,0.3.0.dev0,2026-09-10T20:11:05
Miller2019-motor_basic,de,0,LogBandPower + LogReg,kappa,1.0,3,chronological,48,12,64,0.2318856716156005,688f919f3ab0,0d79a81a67b3,within_subject,0.3.0.dev0,2026-09-10T20:11:05
Miller2019-motor_basic,de,0,LogBandPower + LogReg,accuracy,1.0,3,chronological,48,12,64,0.2318856716156005,688f919f3ab0,0d79a81a67b3,within_subject,0.3.0.dev0,2026-09-10T20:11:05
Miller2019-motor_basic,de,0,LogBandPower + LogReg,balanced_accuracy,1.0,3,chronological,48,12,64,0.2318856716156005,688f919f3ab0,0d79a81a67b3,within_subject,0.3.0.dev0,2026-09-10T20:11:05
Miller2019-motor_basic,de,0,Riemann TS + LogReg,kappa,0.8333333333333334,3,chronological,48,12,64,0.3349449634552002,b4736e60e22e,0d79a81a67b3,within_subject,0.3.0.dev0,2026-09-10T20:11:05
Miller2019-motor_basic,de,0,Riemann TS + LogReg,accuracy,0.9166666666666666,3,chronological,48,12,64,0.3349449634552002,b4736e60e22e,0d79a81a67b3,within_subject,0.3.0.dev0,2026-09-10T20:11:05
Miller2019-motor_basic,de,0,Riemann TS + LogReg,balanced_accuracy,0.9285714285714286,3,chronological,48,12,64,0.3349449634552002,b4736e60e22e,0d79a81a67b3,within_subject,0.3.0.dev0,2026-09-10T20:11:05
Miller2019-motor_basic,de,0,HighGamma + LDA,kappa,0.5,4,chronological,48,12,64,0.2256419658660888,f0ad027786a9,0d79a81a67b3,within_subject,0.3.0.dev0,2026-09-10T20:11:05
Miller2019-motor_basic,de,0,HighGamma + LDA,accuracy,0.75,4,chronological,48,12,64,0.2256419658660888,f0ad027786a9,0d79a81a67b3,within_subject,0.3.0.dev0,2026-09-10T20:11:05
Miller2019-motor_basic,de,0,HighGamma + LDA,balanced_accuracy,0.7571428571428571,4,chronological,48,12,64,0.2256419658660888,f0ad027786a9,0d79a81a67b3,within_subject,0.3.0.dev0,2026-09-10T20:11:05
Miller2019-motor_basic,de,0,LogBandPower + LDA,kappa,1.0,4,chronological,48,12,64,0.2382929325103759,ad4c2abc31c8,0d79a81a67b3,within_subject,0.3.0.dev0,2026-09-10T20:11:05
Miller2019-motor_basic,de,0,LogBandPower + LDA,accuracy,1.0,4,chronological,48,12,64,0.2382929325103759,ad4c2abc31c8,0d79a81a67b3,within_subject,0.3.0.dev0,2026-09-10T20:11:05
Miller2019-motor_basic,de,0,LogBandPower + LDA,balanced_accuracy,1.0,4,chronological,48,12,64,0.2382929325103759,ad4c2abc31c8,0d79a81a67b3,within_subject,0.3.0.dev0,2026-09-10T20:11:05
Miller2019-motor_basic,de,0,LogBandPower + LogReg,kappa,1.0,4,chronological,48,12,64,0.2231011390686035,688f919f3ab0,0d79a81a67b3,within_subject,0.3.0.dev0,2026-09-10T20:11:05
Miller2019-motor_basic,de,0,LogBandPower + LogReg,accuracy,1.0,4,chronological,48,12,64,0.2231011390686035,688f919f3ab0,0d79a81a67b3,within_subject,0.3.0.dev0,2026-09-10T20:11:05
Miller2019-motor_basic,de,0,LogBandPower + LogReg,balanced_accuracy,1.0,4,chronological,48,12,64,0.2231011390686035,688f919f3ab0,0d79a81a67b3,within_subject,0.3.0.dev0,2026-09-10T20:11:05
Miller2019-motor_basic,de,0,Riemann TS + LogReg,kappa,0.8333333333333334,4,chronological,48,12,64,0.3487470149993896,b4736e60e22e,0d79a81a67b3,within_subject,0.3.0.dev0,2026-09-10T20:11:05
Miller2019-motor_basic,de,0,Riemann TS + LogReg,accuracy,0.9166666666666666,4,chronological,48,12,64,0.3487470149993896,b4736e60e22e,0d79a81a67b3,within_subject,0.3.0.dev0,2026-09-10T20:11:05
Miller2019-motor_basic,de,0,Riemann TS + LogReg,balanced_accuracy,0.9285714285714286,4,chronological,48,12,64,0.3487470149993896,b4736e60e22e,0d79a81a67b3,within_subject,0.3.0.dev0,2026-09-10T20:11:05
Miller2019-motor_basic,fp,0,HighGamma + LDA,kappa,1.0,0,chronological,48,12,62,0.2161340713500976,f0ad027786a9,0d79a81a67b3,within_subject,0.3.0.dev0,2026-09-10T20:11:12
Miller2019-motor_basic,fp,0,HighGamma + LDA,accuracy,1.0,0,chronological,48,12,62,0.2161340713500976,f0ad027786a9,0d79a81a67b3,within_subject,0.3.0.dev0,2026-09-10T20:11:12
Miller2019-motor_basic,fp,0,HighGamma + LDA,balanced_accuracy,1.0,0,chronological,48,12,62,0.2161340713500976,f0ad027786a9,0d79a81a67b3,within_subject,0.3.0.dev0,2026-09-10T20:11:12
Miller2019-motor_basic,fp,0,LogBandPower + LDA,kappa,0.8333333333333334,0,chronological,48,12,62,0.2272791862487793,ad4c2abc31c8,0d79a81a67b3,within_subject,0.3.0.dev0,2026-09-10T20:11:12
Miller2019-motor_basic,fp,0,LogBandPower + LDA,accuracy,0.9166666666666666,0,chronological,48,12,62,0.2272791862487793,ad4c2abc31c8,0d79a81a67b3,within_subject,0.3.0.dev0,2026-09-10T20:11:12
Miller2019-motor_basic,fp,0,LogBandPower + LDA,balanced_accuracy,0.9285714285714286,0,chronological,48,12,62,0.2272791862487793,ad4c2abc31c8,0d79a81a67b3,within_subject,0.3.0.dev0,2026-09-10T20:11:12
Miller2019-motor_basic,fp,0,LogBandPower + LogReg,kappa,0.8333333333333334,0,chronological,48,12,62,0.2180488109588623,688f919f3ab0,0d79a81a67b3,within_subject,0.3.0.dev0,2026-09-10T20:11:12
Miller2019-motor_basic,fp,0,LogBandPower + LogReg,accuracy,0.9166666666666666,0,chronological,48,12,62,0.2180488109588623,688f919f3ab0,0d79a81a67b3,within_subject,0.3.0.dev0,2026-09-10T20:11:12
Miller2019-motor_basic,fp,0,LogBandPower + LogReg,balanced_accuracy,0.9285714285714286,0,chronological,48,12,62,0.2180488109588623,688f919f3ab0,0d79a81a67b3,within_subject,0.3.0.dev0,2026-09-10T20:11:12
Miller2019-motor_basic,fp,0,Riemann TS + LogReg,kappa,0.8333333333333334,0,chronological,48,12,62,0.3483519554138183,b4736e60e22e,0d79a81a67b3,within_subject,0.3.0.dev0,2026-09-10T20:11:12
Miller2019-motor_basic,fp,0,Riemann TS + LogReg,accuracy,0.9166666666666666,0,chronological,48,12,62,0.3483519554138183,b4736e60e22e,0d79a81a67b3,within_subject,0.3.0.dev0,2026-09-10T20:11:12
Miller2019-motor_basic,fp,0,Riemann TS + LogReg,balanced_accuracy,0.9285714285714286,0,chronological,48,12,62,0.3483519554138183,b4736e60e22e,0d79a81a67b3,within_subject,0.3.0.dev0,2026-09-10T20:11:12
Miller2019-motor_basic,fp,0,HighGamma + LDA,kappa,1.0,1,chronological,48,12,62,0.2209103107452392,f0ad027786a9,0d79a81a67b3,within_subject,0.3.0.dev0,2026-09-10T20:11:12
Miller2019-motor_basic,fp,0,HighGamma + LDA,accuracy,1.0,1,chronological,48,12,62,0.2209103107452392,f0ad027786a9,0d79a81a67b3,within_subject,0.3.0.dev0,2026-09-10T20:11:12
Miller2019-motor_basic,fp,0,HighGamma + LDA,balanced_accuracy,1.0,1,chronological,48,12,62,0.2209103107452392,f0ad027786a9,0d79a81a67b3,within_subject,0.3.0.dev0,2026-09-10T20:11:12
Miller2019-motor_basic,fp,0,LogBandPower + LDA,kappa,1.0,1,chronological,48,12,62,0.2289979457855224,ad4c2abc31c8,0d79a81a67b3,within_subject,0.3.0.dev0,2026-09-10T20:11:12
Miller2019-motor_basic,fp,0,LogBandPower + LDA,accuracy,1.0,1,chronological,48,12,62,0.2289979457855224,ad4c2abc31c8,0d79a81a67b3,within_subject,0.3.0.dev0,2026-09-10T20:11:12
Miller2019-motor_basic,fp,0,LogBandPower + LDA,balanced_accuracy,1.0,1,chronological,48,12,62,0.2289979457855224,ad4c2abc31c8,0d79a81a67b3,within_subject,0.3.0.dev0,2026-09-10T20:11:12
Miller2019-motor_basic,fp,0,LogBandPower + LogReg,kappa,0.8333333333333334,1,chronological,48,12,62,0.2201769351959228,688f919f3ab0,0d79a81a67b3,within_subject,0.3.0.dev0,2026-09-10T20:11:12
Miller2019-motor_basic,fp,0,LogBandPower + LogReg,accuracy,0.9166666666666666,1,chronological,48,12,62,0.2201769351959228,688f919f3ab0,0d79a81a67b3,within_subject,0.3.0.dev0,2026-09-10T20:11:12
Miller2019-motor_basic,fp,0,LogBandPower + LogReg,balanced_accuracy,0.9285714285714286,1,chronological,48,12,62,0.2201769351959228,688f919f3ab0,0d79a81a67b3,within_subject,0.3.0.dev0,2026-09-10T20:11:12
Miller2019-motor_basic,fp,0,Riemann TS + LogReg,kappa,0.8235294117647058,1,chronological,48,12,62,0.406095027923584,b4736e60e22e,0d79a81a67b3,within_subject,0.3.0.dev0,2026-09-10T20:11:12
Miller2019-motor_basic,fp,0,Riemann TS + LogReg,accuracy,0.9166666666666666,1,chronological,48,12,62,0.406095027923584,b4736e60e22e,0d79a81a67b3,within_subject,0.3.0.dev0,2026-09-10T20:11:12
Miller2019-motor_basic,fp,0,Riemann TS + LogReg,balanced_accuracy,0.9,1,chronological,48,12,62,0.406095027923584,b4736e60e22e,0d79a81a67b3,within_subject,0.3.0.dev0,2026-09-10T20:11:12
Miller2019-motor_basic,fp,0,HighGamma + LDA,kappa,1.0,2,chronological,48,12,62,0.221437931060791,f0ad027786a9,0d79a81a67b3,within_subject,0.3.0.dev0,2026-09-10T20:11:12
Miller2019-motor_basic,fp,0,HighGamma + LDA,accuracy,1.0,2,chronological,48,12,62,0.221437931060791,f0ad027786a9,0d79a81a67b3,within_subject,0.3.0.dev0,2026-09-10T20:11:12
Miller2019-motor_basic,fp,0,HighGamma + LDA,balanced_accuracy,1.0,2,chronological,48,12,62,0.221437931060791,f0ad027786a9,0d79a81a67b3,within_subject,0.3.0.dev0,2026-09-10T20:11:12
Miller2019-motor_basic,fp,0,LogBandPower + LDA,kappa,0.8333333333333334,2,chronological,48,12,62,0.2238640785217285,ad4c2abc31c8,0d79a81a67b3,within_subject,0.3.0.dev0,2026-09-10T20:11:12
Miller2019-motor_basic,fp,0,LogBandPower + LDA,accuracy,0.9166666666666666,2,chronological,48,12,62,0.2238640785217285,ad4c2abc31c8,0d79a81a67b3,within_subject,0.3.0.dev0,2026-09-10T20:11:12
Miller2019-motor_basic,fp,0,LogBandPower + LDA,balanced_accuracy,0.9166666666666669,2,chronological,48,12,62,0.2238640785217285,ad4c2abc31c8,0d79a81a67b3,within_subject,0.3.0.dev0,2026-09-10T20:11:12
Miller2019-motor_basic,fp,0,LogBandPower + LogReg,kappa,0.8333333333333334,2,chronological,48,12,62,0.224755048751831,688f919f3ab0,0d79a81a67b3,within_subject,0.3.0.dev0,2026-09-10T20:11:12
Miller2019-motor_basic,fp,0,LogBandPower + LogReg,accuracy,0.9166666666666666,2,chronological,48,12,62,0.224755048751831,688f919f3ab0,0d79a81a67b3,within_subject,0.3.0.dev0,2026-09-10T20:11:12
Miller2019-motor_basic,fp,0,LogBandPower + LogReg,balanced_accuracy,0.9166666666666669,2,chronological,48,12,62,0.224755048751831,688f919f3ab0,0d79a81a67b3,within_subject,0.3.0.dev0,2026-09-10T20:11:12
Miller2019-motor_basic,fp,0,Riemann TS + LogReg,kappa,1.0,2,chronological,48,12,62,0.4368560314178467,b4736e60e22e,0d79a81a67b3,within_subject,0.3.0.dev0,2026-09-10T20:11:12
Miller2019-motor_basic,fp,0,Riemann TS + LogReg,accuracy,1.0,2,chronological,48,12,62,0.4368560314178467,b4736e60e22e,0d79a81a67b3,within_subject,0.3.0.dev0,2026-09-10T20:11:12
Miller2019-motor_basic,fp,0,Riemann TS + LogReg,balanced_accuracy,1.0,2,chronological,48,12,62,0.4368560314178467,b4736e60e22e,0d79a81a67b3,within_subject,0.3.0.dev0,2026-09-10T20:11:12
Miller2019-motor_basic,fp,0,HighGamma + LDA,kappa,1.0,3,chronological,48,12,62,0.2249081134796142,f0ad027786a9,0d79a81a67b3,within_subject,0.3.0.dev0,2026-09-10T20:11:12
Miller2019-motor_basic,fp,0,HighGamma + LDA,accuracy,1.0,3,chronological,48,12,62,0.2249081134796142,f0ad027786a9,0d79a81a67b3,within_subject,0.3.0.dev0,2026-09-10T20:11:12
Miller2019-motor_basic,fp,0,HighGamma + LDA,balanced_accuracy,1.0,3,chronological,48,12,62,0.2249081134796142,f0ad027786a9,0d79a81a67b3,within_subject,0.3.0.dev0,2026-09-10T20:11:12
Miller2019-motor_basic,fp,0,LogBandPower + LDA,kappa,1.0,3,chronological,48,12,62,0.2329967021942138,ad4c2abc31c8,0d79a81a67b3,within_subject,0.3.0.dev0,2026-09-10T20:11:12
Miller2019-motor_basic,fp,0,LogBandPower + LDA,accuracy,1.0,3,chronological,48,12,62,0.2329967021942138,ad4c2abc31c8,0d79a81a67b3,within_subject,0.3.0.dev0,2026-09-10T20:11:12
Miller2019-motor_basic,fp,0,LogBandPower + LDA,balanced_accuracy,1.0,3,chronological,48,12,62,0.2329967021942138,ad4c2abc31c8,0d79a81a67b3,within_subject,0.3.0.dev0,2026-09-10T20:11:12
Miller2019-motor_basic,fp,0,LogBandPower + LogReg,kappa,0.6666666666666667,3,chronological,48,12,62,0.2185330390930175,688f919f3ab0,0d79a81a67b3,within_subject,0.3.0.dev0,2026-09-10T20:11:12
Miller2019-motor_basic,fp,0,LogBandPower + LogReg,accuracy,0.8333333333333334,3,chronological,48,12,62,0.2185330390930175,688f919f3ab0,0d79a81a67b3,within_subject,0.3.0.dev0,2026-09-10T20:11:12
Miller2019-motor_basic,fp,0,LogBandPower + LogReg,balanced_accuracy,0.8333333333333334,3,chronological,48,12,62,0.2185330390930175,688f919f3ab0,0d79a81a67b3,within_subject,0.3.0.dev0,2026-09-10T20:11:12
Miller2019-motor_basic,fp,0,Riemann TS + LogReg,kappa,1.0,3,chronological,48,12,62,0.4325358867645263,b4736e60e22e,0d79a81a67b3,within_subject,0.3.0.dev0,2026-09-10T20:11:12
Miller2019-motor_basic,fp,0,Riemann TS + LogReg,accuracy,1.0,3,chronological,48,12,62,0.4325358867645263,b4736e60e22e,0d79a81a67b3,within_subject,0.3.0.dev0,2026-09-10T20:11:12
Miller2019-motor_basic,fp,0,Riemann TS + LogReg,balanced_accuracy,1.0,3,chronological,48,12,62,0.4325358867645263,b4736e60e22e,0d79a81a67b3,within_subject,0.3.0.dev0,2026-09-10T20:11:12
Miller2019-motor_basic,fp,0,HighGamma + LDA,kappa,0.6666666666666667,4,chronological,48,12,62,0.2231969833374023,f0ad027786a9,0d79a81a67b3,within_subject,0.3.0.dev0,2026-09-10T20:11:12
Miller2019-motor_basic,fp,0,HighGamma + LDA,accuracy,0.8333333333333334,4,chronological,48,12,62,0.2231969833374023,f0ad027786a9,0d79a81a67b3,within_subject,0.3.0.dev0,2026-09-10T20:11:12
Miller2019-motor_basic,fp,0,HighGamma + LDA,balanced_accuracy,0.875,4,chronological,48,12,62,0.2231969833374023,f0ad027786a9,0d79a81a67b3,within_subject,0.3.0.dev0,2026-09-10T20:11:12
Miller2019-motor_basic,fp,0,LogBandPower + LDA,kappa,0.6666666666666667,4,chronological,48,12,62,0.235865831375122,ad4c2abc31c8,0d79a81a67b3,within_subject,0.3.0.dev0,2026-09-10T20:11:12
Miller2019-motor_basic,fp,0,LogBandPower + LDA,accuracy,0.8333333333333334,4,chronological,48,12,62,0.235865831375122,ad4c2abc31c8,0d79a81a67b3,within_subject,0.3.0.dev0,2026-09-10T20:11:12
Miller2019-motor_basic,fp,0,LogBandPower + LDA,balanced_accuracy,0.875,4,chronological,48,12,62,0.235865831375122,ad4c2abc31c8,0d79a81a67b3,within_subject,0.3.0.dev0,2026-09-10T20:11:12
Miller2019-motor_basic,fp,0,LogBandPower + LogReg,kappa,0.6666666666666667,4,chronological,48,12,62,0.224797248840332,688f919f3ab0,0d79a81a67b3,within_subject,0.3.0.dev0,2026-09-10T20:11:12
Miller2019-motor_basic,fp,0,LogBandPower + LogReg,accuracy,0.8333333333333334,4,chronological,48,12,62,0.224797248840332,688f919f3ab0,0d79a81a67b3,within_subject,0.3.0.dev0,2026-09-10T20:11:12
Miller2019-motor_basic,fp,0,LogBandPower + LogReg,balanced_accuracy,0.875,4,chronological,48,12,62,0.224797248840332,688f919f3ab0,0d79a81a67b3,within_subject,0.3.0.dev0,2026-09-10T20:11:12
Miller2019-motor_basic,fp,0,Riemann TS + LogReg,kappa,0.6666666666666667,4,chronological,48,12,62,0.4422399997711181,b4736e60e22e,0d79a81a67b3,within_subject,0.3.0.dev0,2026-09-10T20:11:12
Miller2019-motor_basic,fp,0,Riemann TS + LogReg,accuracy,0.8333333333333334,4,chronological,48,12,62,0.4422399997711181,b4736e60e22e,0d79a81a67b3,within_subject,0.3.0.dev0,2026-09-10T20:11:12
Miller2019-motor_basic,fp,0,Riemann TS + LogReg,balanced_accuracy,0.875,4,chronological,48,12,62,0.4422399997711181,b4736e60e22e,0d79a81a67b3,within_subject,0.3.0.dev0,2026-09-10T20:11:12
Miller2019-motor_basic,gc,0,HighGamma + LDA,kappa,1.0,0,chronological,48,12,64,0.2332050800323486,f0ad027786a9,0d79a81a67b3,within_subject,0.3.0.dev0,2026-09-10T20:11:19
Miller2019-motor_basic,gc,0,HighGamma + LDA,accuracy,1.0,0,chronological,48,12,64,0.2332050800323486,f0ad027786a9,0d79a81a67b3,within_subject,0.3.0.dev0,2026-09-10T20:11:19
Miller2019-motor_basic,gc,0,HighGamma + LDA,balanced_accuracy,1.0,0,chronological,48,12,64,0.2332050800323486,f0ad027786a9,0d79a81a67b3,within_subject,0.3.0.dev0,2026-09-10T20:11:19
Miller2019-motor_basic,gc,0,LogBandPower + LDA,kappa,1.0,0,chronological,48,12,64,0.2917959690093994,ad4c2abc31c8,0d79a81a67b3,within_subject,0.3.0.dev0,2026-09-10T20:11:19
Miller2019-motor_basic,gc,0,LogBandPower + LDA,accuracy,1.0,0,chronological,48,12,64,0.2917959690093994,ad4c2abc31c8,0d79a81a67b3,within_subject,0.3.0.dev0,2026-09-10T20:11:19
Miller2019-motor_basic,gc,0,LogBandPower + LDA,balanced_accuracy,1.0,0,chronological,48,12,64,0.2917959690093994,ad4c2abc31c8,0d79a81a67b3,within_subject,0.3.0.dev0,2026-09-10T20:11:19
Miller2019-motor_basic,gc,0,LogBandPower + LogReg,kappa,0.8,0,chronological,48,12,64,0.2874789237976074,688f919f3ab0,0d79a81a67b3,within_subject,0.3.0.dev0,2026-09-10T20:11:19
Miller2019-motor_basic,gc,0,LogBandPower + LogReg,accuracy,0.9166666666666666,0,chronological,48,12,64,0.2874789237976074,688f919f3ab0,0d79a81a67b3,within_subject,0.3.0.dev0,2026-09-10T20:11:19
Miller2019-motor_basic,gc,0,LogBandPower + LogReg,balanced_accuracy,0.875,0,chronological,48,12,64,0.2874789237976074,688f919f3ab0,0d79a81a67b3,within_subject,0.3.0.dev0,2026-09-10T20:11:19
Miller2019-motor_basic,gc,0,Riemann TS + LogReg,kappa,0.4705882352941176,0,chronological,48,12,64,0.3627829551696777,b4736e60e22e,0d79a81a67b3,within_subject,0.3.0.dev0,2026-09-10T20:11:19
Miller2019-motor_basic,gc,0,Riemann TS + LogReg,accuracy,0.75,0,chronological,48,12,64,0.3627829551696777,b4736e60e22e,0d79a81a67b3,within_subject,0.3.0.dev0,2026-09-10T20:11:19
Miller2019-motor_basic,gc,0,Riemann TS + LogReg,balanced_accuracy,0.75,0,chronological,48,12,64,0.3627829551696777,b4736e60e22e,0d79a81a67b3,within_subject,0.3.0.dev0,2026-09-10T20:11:19
Miller2019-motor_basic,gc,0,HighGamma + LDA,kappa,1.0,1,chronological,48,12,64,0.2523291110992431,f0ad027786a9,0d79a81a67b3,within_subject,0.3.0.dev0,2026-09-10T20:11:19
Miller2019-motor_basic,gc,0,HighGamma + LDA,accuracy,1.0,1,chronological,48,12,64,0.2523291110992431,f0ad027786a9,0d79a81a67b3,within_subject,0.3.0.dev0,2026-09-10T20:11:19
Miller2019-motor_basic,gc,0,HighGamma + LDA,balanced_accuracy,1.0,1,chronological,48,12,64,0.2523291110992431,f0ad027786a9,0d79a81a67b3,within_subject,0.3.0.dev0,2026-09-10T20:11:19
Miller2019-motor_basic,gc,0,LogBandPower + LDA,kappa,1.0,1,chronological,48,12,64,0.2998929023742676,ad4c2abc31c8,0d79a81a67b3,within_subject,0.3.0.dev0,2026-09-10T20:11:19
Miller2019-motor_basic,gc,0,LogBandPower + LDA,accuracy,1.0,1,chronological,48,12,64,0.2998929023742676,ad4c2abc31c8,0d79a81a67b3,within_subject,0.3.0.dev0,2026-09-10T20:11:19
Miller2019-motor_basic,gc,0,LogBandPower + LDA,balanced_accuracy,1.0,1,chronological,48,12,64,0.2998929023742676,ad4c2abc31c8,0d79a81a67b3,within_subject,0.3.0.dev0,2026-09-10T20:11:19
Miller2019-motor_basic,gc,0,LogBandPower + LogReg,kappa,1.0,1,chronological,48,12,64,0.239772081375122,688f919f3ab0,0d79a81a67b3,within_subject,0.3.0.dev0,2026-09-10T20:11:19
Miller2019-motor_basic,gc,0,LogBandPower + LogReg,accuracy,1.0,1,chronological,48,12,64,0.239772081375122,688f919f3ab0,0d79a81a67b3,within_subject,0.3.0.dev0,2026-09-10T20:11:19
Miller2019-motor_basic,gc,0,LogBandPower + LogReg,balanced_accuracy,1.0,1,chronological,48,12,64,0.239772081375122,688f919f3ab0,0d79a81a67b3,within_subject,0.3.0.dev0,2026-09-10T20:11:19
Miller2019-motor_basic,gc,0,Riemann TS + LogReg,kappa,0.1666666666666666,1,chronological,48,12,64,0.350970983505249,b4736e60e22e,0d79a81a67b3,within_subject,0.3.0.dev0,2026-09-10T20:11:19
Miller2019-motor_basic,gc,0,Riemann TS + LogReg,accuracy,0.5833333333333334,1,chronological,48,12,64,0.350970983505249,b4736e60e22e,0d79a81a67b3,within_subject,0.3.0.dev0,2026-09-10T20:11:19
Miller2019-motor_basic,gc,0,Riemann TS + LogReg,balanced_accuracy,0.5833333333333333,1,chronological,48,12,64,0.350970983505249,b4736e60e22e,0d79a81a67b3,within_subject,0.3.0.dev0,2026-09-10T20:11:19
Miller2019-motor_basic,gc,0,HighGamma + LDA,kappa,1.0,2,chronological,48,12,64,0.2326610088348388,f0ad027786a9,0d79a81a67b3,within_subject,0.3.0.dev0,2026-09-10T20:11:19
Miller2019-motor_basic,gc,0,HighGamma + LDA,accuracy,1.0,2,chronological,48,12,64,0.2326610088348388,f0ad027786a9,0d79a81a67b3,within_subject,0.3.0.dev0,2026-09-10T20:11:19
Miller2019-motor_basic,gc,0,HighGamma + LDA,balanced_accuracy,1.0,2,chronological,48,12,64,0.2326610088348388,f0ad027786a9,0d79a81a67b3,within_subject,0.3.0.dev0,2026-09-10T20:11:19
Miller2019-motor_basic,gc,0,LogBandPower + LDA,kappa,1.0,2,chronological,48,12,64,0.2429361343383789,ad4c2abc31c8,0d79a81a67b3,within_subject,0.3.0.dev0,2026-09-10T20:11:19
Miller2019-motor_basic,gc,0,LogBandPower + LDA,accuracy,1.0,2,chronological,48,12,64,0.2429361343383789,ad4c2abc31c8,0d79a81a67b3,within_subject,0.3.0.dev0,2026-09-10T20:11:19
Miller2019-motor_basic,gc,0,LogBandPower + LDA,balanced_accuracy,1.0,2,chronological,48,12,64,0.2429361343383789,ad4c2abc31c8,0d79a81a67b3,within_subject,0.3.0.dev0,2026-09-10T20:11:19
Miller2019-motor_basic,gc,0,LogBandPower + LogReg,kappa,1.0,2,chronological,48,12,64,0.2308349609375,688f919f3ab0,0d79a81a67b3,within_subject,0.3.0.dev0,2026-09-10T20:11:19
Miller2019-motor_basic,gc,0,LogBandPower + LogReg,accuracy,1.0,2,chronological,48,12,64,0.2308349609375,688f919f3ab0,0d79a81a67b3,within_subject,0.3.0.dev0,2026-09-10T20:11:19
Miller2019-motor_basic,gc,0,LogBandPower + LogReg,balanced_accuracy,1.0,2,chronological,48,12,64,0.2308349609375,688f919f3ab0,0d79a81a67b3,within_subject,0.3.0.dev0,2026-09-10T20:11:19
Miller2019-motor_basic,gc,0,Riemann TS + LogReg,kappa,0.3999999999999999,2,chronological,48,12,64,0.3501162528991699,b4736e60e22e,0d79a81a67b3,within_subject,0.3.0.dev0,2026-09-10T20:11:19
Miller2019-motor_basic,gc,0,Riemann TS + LogReg,accuracy,0.6666666666666666,2,chronological,48,12,64,0.3501162528991699,b4736e60e22e,0d79a81a67b3,within_subject,0.3.0.dev0,2026-09-10T20:11:19
Miller2019-motor_basic,gc,0,Riemann TS + LogReg,balanced_accuracy,0.75,2,chronological,48,12,64,0.3501162528991699,b4736e60e22e,0d79a81a67b3,within_subject,0.3.0.dev0,2026-09-10T20:11:19
Miller2019-motor_basic,gc,0,HighGamma + LDA,kappa,1.0,3,chronological,48,12,64,0.2356579303741455,f0ad027786a9,0d79a81a67b3,within_subject,0.3.0.dev0,2026-09-10T20:11:19
Miller2019-motor_basic,gc,0,HighGamma + LDA,accuracy,1.0,3,chronological,48,12,64,0.2356579303741455,f0ad027786a9,0d79a81a67b3,within_subject,0.3.0.dev0,2026-09-10T20:11:19
Miller2019-motor_basic,gc,0,HighGamma + LDA,balanced_accuracy,1.0,3,chronological,48,12,64,0.2356579303741455,f0ad027786a9,0d79a81a67b3,within_subject,0.3.0.dev0,2026-09-10T20:11:19
Miller2019-motor_basic,gc,0,LogBandPower + LDA,kappa,1.0,3,chronological,48,12,64,0.2463240623474121,ad4c2abc31c8,0d79a81a67b3,within_subject,0.3.0.dev0,2026-09-10T20:11:19
Miller2019-motor_basic,gc,0,LogBandPower + LDA,accuracy,1.0,3,chronological,48,12,64,0.2463240623474121,ad4c2abc31c8,0d79a81a67b3,within_subject,0.3.0.dev0,2026-09-10T20:11:19
Miller2019-motor_basic,gc,0,LogBandPower + LDA,balanced_accuracy,1.0,3,chronological,48,12,64,0.2463240623474121,ad4c2abc31c8,0d79a81a67b3,within_subject,0.3.0.dev0,2026-09-10T20:11:19
Miller2019-motor_basic,gc,0,LogBandPower + LogReg,kappa,0.625,3,chronological,48,12,64,0.2288277149200439,688f919f3ab0,0d79a81a67b3,within_subject,0.3.0.dev0,2026-09-10T20:11:19
Miller2019-motor_basic,gc,0,LogBandPower + LogReg,accuracy,0.8333333333333334,3,chronological,48,12,64,0.2288277149200439,688f919f3ab0,0d79a81a67b3,within_subject,0.3.0.dev0,2026-09-10T20:11:19
Miller2019-motor_basic,gc,0,LogBandPower + LogReg,balanced_accuracy,0.8125,3,chronological,48,12,64,0.2288277149200439,688f919f3ab0,0d79a81a67b3,within_subject,0.3.0.dev0,2026-09-10T20:11:19
Miller2019-motor_basic,gc,0,Riemann TS + LogReg,kappa,0.2857142857142857,3,chronological,48,12,64,0.3513572216033935,b4736e60e22e,0d79a81a67b3,within_subject,0.3.0.dev0,2026-09-10T20:11:19
Miller2019-motor_basic,gc,0,Riemann TS + LogReg,accuracy,0.5833333333333334,3,chronological,48,12,64,0.3513572216033935,b4736e60e22e,0d79a81a67b3,within_subject,0.3.0.dev0,2026-09-10T20:11:19
Miller2019-motor_basic,gc,0,Riemann TS + LogReg,balanced_accuracy,0.6875,3,chronological,48,12,64,0.3513572216033935,b4736e60e22e,0d79a81a67b3,within_subject,0.3.0.dev0,2026-09-10T20:11:19
Miller2019-motor_basic,gc,0,HighGamma + LDA,kappa,1.0,4,chronological,48,12,64,0.228135347366333,f0ad027786a9,0d79a81a67b3,within_subject,0.3.0.dev0,2026-09-10T20:11:19
Miller2019-motor_basic,gc,0,HighGamma + LDA,accuracy,1.0,4,chronological,48,12,64,0.228135347366333,f0ad027786a9,0d79a81a67b3,within_subject,0.3.0.dev0,2026-09-10T20:11:19
Miller2019-motor_basic,gc,0,HighGamma + LDA,balanced_accuracy,1.0,4,chronological,48,12,64,0.228135347366333,f0ad027786a9,0d79a81a67b3,within_subject,0.3.0.dev0,2026-09-10T20:11:19
Miller2019-motor_basic,gc,0,LogBandPower + LDA,kappa,1.0,4,chronological,48,12,64,0.2401211261749267,ad4c2abc31c8,0d79a81a67b3,within_subject,0.3.0.dev0,2026-09-10T20:11:19
Miller2019-motor_basic,gc,0,LogBandPower + LDA,accuracy,1.0,4,chronological,48,12,64,0.2401211261749267,ad4c2abc31c8,0d79a81a67b3,within_subject,0.3.0.dev0,2026-09-10T20:11:19
Miller2019-motor_basic,gc,0,LogBandPower + LDA,balanced_accuracy,1.0,4,chronological,48,12,64,0.2401211261749267,ad4c2abc31c8,0d79a81a67b3,within_subject,0.3.0.dev0,2026-09-10T20:11:19
Miller2019-motor_basic,gc,0,LogBandPower + LogReg,kappa,0.5714285714285714,4,chronological,48,12,64,0.232191801071167,688f919f3ab0,0d79a81a67b3,within_subject,0.3.0.dev0,2026-09-10T20:11:19
Miller2019-motor_basic,gc,0,LogBandPower + LogReg,accuracy,0.8333333333333334,4,chronological,48,12,64,0.232191801071167,688f919f3ab0,0d79a81a67b3,within_subject,0.3.0.dev0,2026-09-10T20:11:19
Miller2019-motor_basic,gc,0,LogBandPower + LogReg,balanced_accuracy,0.75,4,chronological,48,12,64,0.232191801071167,688f919f3ab0,0d79a81a67b3,within_subject,0.3.0.dev0,2026-09-10T20:11:19
Miller2019-motor_basic,gc,0,Riemann TS + LogReg,kappa,0.3333333333333333,4,chronological,48,12,64,0.3545930385589599,b4736e60e22e,0d79a81a67b3,within_subject,0.3.0.dev0,2026-09-10T20:11:19
Miller2019-motor_basic,gc,0,Riemann TS + LogReg,accuracy,0.6666666666666666,4,chronological,48,12,64,0.3545930385589599,b4736e60e22e,0d79a81a67b3,within_subject,0.3.0.dev0,2026-09-10T20:11:19
Miller2019-motor_basic,gc,0,Riemann TS + LogReg,balanced_accuracy,0.6875,4,chronological,48,12,64,0.3545930385589599,b4736e60e22e,0d79a81a67b3,within_subject,0.3.0.dev0,2026-09-10T20:11:19
Miller2019-motor_basic,gf,0,HighGamma + LDA,kappa,0.6666666666666667,0,stratified_fallback,48,12,63,0.2293078899383545,f0ad027786a9,0d79a81a67b3,within_subject,0.3.0.dev0,2026-09-10T20:11:26
Miller2019-motor_basic,gf,0,HighGamma + LDA,accuracy,0.8333333333333334,0,stratified_fallback,48,12,63,0.2293078899383545,f0ad027786a9,0d79a81a67b3,within_subject,0.3.0.dev0,2026-09-10T20:11:26
Miller2019-motor_basic,gf,0,HighGamma + LDA,balanced_accuracy,0.8333333333333333,0,stratified_fallback,48,12,63,0.2293078899383545,f0ad027786a9,0d79a81a67b3,within_subject,0.3.0.dev0,2026-09-10T20:11:26
Miller2019-motor_basic,gf,0,LogBandPower + LDA,kappa,0.6666666666666667,0,stratified_fallback,48,12,63,0.2305717468261718,ad4c2abc31c8,0d79a81a67b3,within_subject,0.3.0.dev0,2026-09-10T20:11:26
Miller2019-motor_basic,gf,0,LogBandPower + LDA,accuracy,0.8333333333333334,0,stratified_fallback,48,12,63,0.2305717468261718,ad4c2abc31c8,0d79a81a67b3,within_subject,0.3.0.dev0,2026-09-10T20:11:26
Miller2019-motor_basic,gf,0,LogBandPower + LDA,balanced_accuracy,0.8333333333333333,0,stratified_fallback,48,12,63,0.2305717468261718,ad4c2abc31c8,0d79a81a67b3,within_subject,0.3.0.dev0,2026-09-10T20:11:26
Miller2019-motor_basic,gf,0,LogBandPower + LogReg,kappa,0.6666666666666667,0,stratified_fallback,48,12,63,0.2267229557037353,688f919f3ab0,0d79a81a67b3,within_subject,0.3.0.dev0,2026-09-10T20:11:26
Miller2019-motor_basic,gf,0,LogBandPower + LogReg,accuracy,0.8333333333333334,0,stratified_fallback,48,12,63,0.2267229557037353,688f919f3ab0,0d79a81a67b3,within_subject,0.3.0.dev0,2026-09-10T20:11:26
Miller2019-motor_basic,gf,0,LogBandPower + LogReg,balanced_accuracy,0.8333333333333333,0,stratified_fallback,48,12,63,0.2267229557037353,688f919f3ab0,0d79a81a67b3,within_subject,0.3.0.dev0,2026-09-10T20:11:26
Miller2019-motor_basic,gf,0,Riemann TS + LogReg,kappa,0.3333333333333333,0,stratified_fallback,48,12,63,0.5361580848693848,b4736e60e22e,0d79a81a67b3,within_subject,0.3.0.dev0,2026-09-10T20:11:26
Miller2019-motor_basic,gf,0,Riemann TS + LogReg,accuracy,0.6666666666666666,0,stratified_fallback,48,12,63,0.5361580848693848,b4736e60e22e,0d79a81a67b3,within_subject,0.3.0.dev0,2026-09-10T20:11:26
Miller2019-motor_basic,gf,0,Riemann TS + LogReg,balanced_accuracy,0.6666666666666667,0,stratified_fallback,48,12,63,0.5361580848693848,b4736e60e22e,0d79a81a67b3,within_subject,0.3.0.dev0,2026-09-10T20:11:26
Miller2019-motor_basic,gf,0,HighGamma + LDA,kappa,1.0,1,stratified_fallback,48,12,63,0.2281677722930908,f0ad027786a9,0d79a81a67b3,within_subject,0.3.0.dev0,2026-09-10T20:11:26
Miller2019-motor_basic,gf,0,HighGamma + LDA,accuracy,1.0,1,stratified_fallback,48,12,63,0.2281677722930908,f0ad027786a9,0d79a81a67b3,within_subject,0.3.0.dev0,2026-09-10T20:11:26
Miller2019-motor_basic,gf,0,HighGamma + LDA,balanced_accuracy,1.0,1,stratified_fallback,48,12,63,0.2281677722930908,f0ad027786a9,0d79a81a67b3,within_subject,0.3.0.dev0,2026-09-10T20:11:26
Miller2019-motor_basic,gf,0,LogBandPower + LDA,kappa,1.0,1,stratified_fallback,48,12,63,0.2331290245056152,ad4c2abc31c8,0d79a81a67b3,within_subject,0.3.0.dev0,2026-09-10T20:11:26
Miller2019-motor_basic,gf,0,LogBandPower + LDA,accuracy,1.0,1,stratified_fallback,48,12,63,0.2331290245056152,ad4c2abc31c8,0d79a81a67b3,within_subject,0.3.0.dev0,2026-09-10T20:11:26
Miller2019-motor_basic,gf,0,LogBandPower + LDA,balanced_accuracy,1.0,1,stratified_fallback,48,12,63,0.2331290245056152,ad4c2abc31c8,0d79a81a67b3,within_subject,0.3.0.dev0,2026-09-10T20:11:26
Miller2019-motor_basic,gf,0,LogBandPower + LogReg,kappa,1.0,1,stratified_fallback,48,12,63,0.2270867824554443,688f919f3ab0,0d79a81a67b3,within_subject,0.3.0.dev0,2026-09-10T20:11:26
Miller2019-motor_basic,gf,0,LogBandPower + LogReg,accuracy,1.0,1,stratified_fallback,48,12,63,0.2270867824554443,688f919f3ab0,0d79a81a67b3,within_subject,0.3.0.dev0,2026-09-10T20:11:26
Miller2019-motor_basic,gf,0,LogBandPower + LogReg,balanced_accuracy,1.0,1,stratified_fallback,48,12,63,0.2270867824554443,688f919f3ab0,0d79a81a67b3,within_subject,0.3.0.dev0,2026-09-10T20:11:26
Miller2019-motor_basic,gf,0,Riemann TS + LogReg,kappa,0.8333333333333334,1,stratified_fallback,48,12,63,0.5404679775238037,b4736e60e22e,0d79a81a67b3,within_subject,0.3.0.dev0,2026-09-10T20:11:26
Miller2019-motor_basic,gf,0,Riemann TS + LogReg,accuracy,0.9166666666666666,1,stratified_fallback,48,12,63,0.5404679775238037,b4736e60e22e,0d79a81a67b3,within_subject,0.3.0.dev0,2026-09-10T20:11:26
Miller2019-motor_basic,gf,0,Riemann TS + LogReg,balanced_accuracy,0.9166666666666669,1,stratified_fallback,48,12,63,0.5404679775238037,b4736e60e22e,0d79a81a67b3,within_subject,0.3.0.dev0,2026-09-10T20:11:26
Miller2019-motor_basic,gf,0,HighGamma + LDA,kappa,1.0,2,stratified_fallback,48,12,63,0.2326250076293945,f0ad027786a9,0d79a81a67b3,within_subject,0.3.0.dev0,2026-09-10T20:11:26
Miller2019-motor_basic,gf,0,HighGamma + LDA,accuracy,1.0,2,stratified_fallback,48,12,63,0.2326250076293945,f0ad027786a9,0d79a81a67b3,within_subject,0.3.0.dev0,2026-09-10T20:11:26
Miller2019-motor_basic,gf,0,HighGamma + LDA,balanced_accuracy,1.0,2,stratified_fallback,48,12,63,0.2326250076293945,f0ad027786a9,0d79a81a67b3,within_subject,0.3.0.dev0,2026-09-10T20:11:26
Miller2019-motor_basic,gf,0,LogBandPower + LDA,kappa,0.8333333333333334,2,stratified_fallback,48,12,63,0.2442388534545898,ad4c2abc31c8,0d79a81a67b3,within_subject,0.3.0.dev0,2026-09-10T20:11:26
Miller2019-motor_basic,gf,0,LogBandPower + LDA,accuracy,0.9166666666666666,2,stratified_fallback,48,12,63,0.2442388534545898,ad4c2abc31c8,0d79a81a67b3,within_subject,0.3.0.dev0,2026-09-10T20:11:26
Miller2019-motor_basic,gf,0,LogBandPower + LDA,balanced_accuracy,0.9166666666666669,2,stratified_fallback,48,12,63,0.2442388534545898,ad4c2abc31c8,0d79a81a67b3,within_subject,0.3.0.dev0,2026-09-10T20:11:26
Miller2019-motor_basic,gf,0,LogBandPower + LogReg,kappa,0.8333333333333334,2,stratified_fallback,48,12,63,0.2210958003997802,688f919f3ab0,0d79a81a67b3,within_subject,0.3.0.dev0,2026-09-10T20:11:26
Miller2019-motor_basic,gf,0,LogBandPower + LogReg,accuracy,0.9166666666666666,2,stratified_fallback,48,12,63,0.2210958003997802,688f919f3ab0,0d79a81a67b3,within_subject,0.3.0.dev0,2026-09-10T20:11:26
Miller2019-motor_basic,gf,0,LogBandPower + LogReg,balanced_accuracy,0.9166666666666669,2,stratified_fallback,48,12,63,0.2210958003997802,688f919f3ab0,0d79a81a67b3,within_subject,0.3.0.dev0,2026-09-10T20:11:26
Miller2019-motor_basic,gf,0,Riemann TS + LogReg,kappa,0.5,2,stratified_fallback,48,12,63,0.5385799407958984,b4736e60e22e,0d79a81a67b3,within_subject,0.3.0.dev0,2026-09-10T20:11:26
Miller2019-motor_basic,gf,0,Riemann TS + LogReg,accuracy,0.75,2,stratified_fallback,48,12,63,0.5385799407958984,b4736e60e22e,0d79a81a67b3,within_subject,0.3.0.dev0,2026-09-10T20:11:26
Miller2019-motor_basic,gf,0,Riemann TS + LogReg,balanced_accuracy,0.75,2,stratified_fallback,48,12,63,0.5385799407958984,b4736e60e22e,0d79a81a67b3,within_subject,0.3.0.dev0,2026-09-10T20:11:26
Miller2019-motor_basic,gf,0,HighGamma + LDA,kappa,1.0,3,stratified_fallback,48,12,63,0.2382991313934326,f0ad027786a9,0d79a81a67b3,within_subject,0.3.0.dev0,2026-09-10T20:11:26
Miller2019-motor_basic,gf,0,HighGamma + LDA,accuracy,1.0,3,stratified_fallback,48,12,63,0.2382991313934326,f0ad027786a9,0d79a81a67b3,within_subject,0.3.0.dev0,2026-09-10T20:11:26
Miller2019-motor_basic,gf,0,HighGamma + LDA,balanced_accuracy,1.0,3,stratified_fallback,48,12,63,0.2382991313934326,f0ad027786a9,0d79a81a67b3,within_subject,0.3.0.dev0,2026-09-10T20:11:26
Miller2019-motor_basic,gf,0,LogBandPower + LDA,kappa,1.0,3,stratified_fallback,48,12,63,0.233814001083374,ad4c2abc31c8,0d79a81a67b3,within_subject,0.3.0.dev0,2026-09-10T20:11:26
Miller2019-motor_basic,gf,0,LogBandPower + LDA,accuracy,1.0,3,stratified_fallback,48,12,63,0.233814001083374,ad4c2abc31c8,0d79a81a67b3,within_subject,0.3.0.dev0,2026-09-10T20:11:26
Miller2019-motor_basic,gf,0,LogBandPower + LDA,balanced_accuracy,1.0,3,stratified_fallback,48,12,63,0.233814001083374,ad4c2abc31c8,0d79a81a67b3,within_subject,0.3.0.dev0,2026-09-10T20:11:26
Miller2019-motor_basic,gf,0,LogBandPower + LogReg,kappa,1.0,3,stratified_fallback,48,12,63,0.222355842590332,688f919f3ab0,0d79a81a67b3,within_subject,0.3.0.dev0,2026-09-10T20:11:26
Miller2019-motor_basic,gf,0,LogBandPower + LogReg,accuracy,1.0,3,stratified_fallback,48,12,63,0.222355842590332,688f919f3ab0,0d79a81a67b3,within_subject,0.3.0.dev0,2026-09-10T20:11:26
Miller2019-motor_basic,gf,0,LogBandPower + LogReg,balanced_accuracy,1.0,3,stratified_fallback,48,12,63,0.222355842590332,688f919f3ab0,0d79a81a67b3,within_subject,0.3.0.dev0,2026-09-10T20:11:26
Miller2019-motor_basic,gf,0,Riemann TS + LogReg,kappa,0.5,3,stratified_fallback,48,12,63,0.5607450008392334,b4736e60e22e,0d79a81a67b3,within_subject,0.3.0.dev0,2026-09-10T20:11:26
Miller2019-motor_basic,gf,0,Riemann TS + LogReg,accuracy,0.75,3,stratified_fallback,48,12,63,0.5607450008392334,b4736e60e22e,0d79a81a67b3,within_subject,0.3.0.dev0,2026-09-10T20:11:26
Miller2019-motor_basic,gf,0,Riemann TS + LogReg,balanced_accuracy,0.75,3,stratified_fallback,48,12,63,0.5607450008392334,b4736e60e22e,0d79a81a67b3,within_subject,0.3.0.dev0,2026-09-10T20:11:26
Miller2019-motor_basic,gf,0,HighGamma + LDA,kappa,0.8333333333333334,4,stratified_fallback,48,12,63,0.2372548580169677,f0ad027786a9,0d79a81a67b3,within_subject,0.3.0.dev0,2026-09-10T20:11:26
Miller2019-motor_basic,gf,0,HighGamma + LDA,accuracy,0.9166666666666666,4,stratified_fallback,48,12,63,0.2372548580169677,f0ad027786a9,0d79a81a67b3,within_subject,0.3.0.dev0,2026-09-10T20:11:26
Miller2019-motor_basic,gf,0,HighGamma + LDA,balanced_accuracy,0.9166666666666669,4,stratified_fallback,48,12,63,0.2372548580169677,f0ad027786a9,0d79a81a67b3,within_subject,0.3.0.dev0,2026-09-10T20:11:26
Miller2019-motor_basic,gf,0,LogBandPower + LDA,kappa,0.8333333333333334,4,stratified_fallback,48,12,63,0.2347979545593261,ad4c2abc31c8,0d79a81a67b3,within_subject,0.3.0.dev0,2026-09-10T20:11:26
Miller2019-motor_basic,gf,0,LogBandPower + LDA,accuracy,0.9166666666666666,4,stratified_fallback,48,12,63,0.2347979545593261,ad4c2abc31c8,0d79a81a67b3,within_subject,0.3.0.dev0,2026-09-10T20:11:26
Miller2019-motor_basic,gf,0,LogBandPower + LDA,balanced_accuracy,0.9166666666666669,4,stratified_fallback,48,12,63,0.2347979545593261,ad4c2abc31c8,0d79a81a67b3,within_subject,0.3.0.dev0,2026-09-10T20:11:26
Miller2019-motor_basic,gf,0,LogBandPower + LogReg,kappa,0.6666666666666667,4,stratified_fallback,48,12,63,0.2431056499481201,688f919f3ab0,0d79a81a67b3,within_subject,0.3.0.dev0,2026-09-10T20:11:26
Miller2019-motor_basic,gf,0,LogBandPower + LogReg,accuracy,0.8333333333333334,4,stratified_fallback,48,12,63,0.2431056499481201,688f919f3ab0,0d79a81a67b3,within_subject,0.3.0.dev0,2026-09-10T20:11:26
Miller2019-motor_basic,gf,0,LogBandPower + LogReg,balanced_accuracy,0.8333333333333334,4,stratified_fallback,48,12,63,0.2431056499481201,688f919f3ab0,0d79a81a67b3,within_subject,0.3.0.dev0,2026-09-10T20:11:26
Miller2019-motor_basic,gf,0,Riemann TS + LogReg,kappa,0.6666666666666667,4,stratified_fallback,48,12,63,0.5574979782104492,b4736e60e22e,0d79a81a67b3,within_subject,0.3.0.dev0,2026-09-10T20:11:26
Miller2019-motor_basic,gf,0,Riemann TS + LogReg,accuracy,0.8333333333333334,4,stratified_fallback,48,12,63,0.5574979782104492,b4736e60e22e,0d79a81a67b3,within_subject,0.3.0.dev0,2026-09-10T20:11:26
Miller2019-motor_basic,gf,0,Riemann TS + LogReg,balanced_accuracy,0.8333333333333333,4,stratified_fallback,48,12,63,0.5574979782104492,b4736e60e22e,0d79a81a67b3,within_subject,0.3.0.dev0,2026-09-10T20:11:26
Miller2019-motor_basic,hh,0,HighGamma + LDA,kappa,1.0,0,chronological,48,12,41,0.1329090595245361,f0ad027786a9,0d79a81a67b3,within_subject,0.3.0.dev0,2026-09-10T20:11:30
Miller2019-motor_basic,hh,0,HighGamma + LDA,accuracy,1.0,0,chronological,48,12,41,0.1329090595245361,f0ad027786a9,0d79a81a67b3,within_subject,0.3.0.dev0,2026-09-10T20:11:30
Miller2019-motor_basic,hh,0,HighGamma + LDA,balanced_accuracy,1.0,0,chronological,48,12,41,0.1329090595245361,f0ad027786a9,0d79a81a67b3,within_subject,0.3.0.dev0,2026-09-10T20:11:30
Miller2019-motor_basic,hh,0,LogBandPower + LDA,kappa,1.0,0,chronological,48,12,41,0.1334998607635498,ad4c2abc31c8,0d79a81a67b3,within_subject,0.3.0.dev0,2026-09-10T20:11:30
Miller2019-motor_basic,hh,0,LogBandPower + LDA,accuracy,1.0,0,chronological,48,12,41,0.1334998607635498,ad4c2abc31c8,0d79a81a67b3,within_subject,0.3.0.dev0,2026-09-10T20:11:30
Miller2019-motor_basic,hh,0,LogBandPower + LDA,balanced_accuracy,1.0,0,chronological,48,12,41,0.1334998607635498,ad4c2abc31c8,0d79a81a67b3,within_subject,0.3.0.dev0,2026-09-10T20:11:30
Miller2019-motor_basic,hh,0,LogBandPower + LogReg,kappa,0.8235294117647058,0,chronological,48,12,41,0.1248929500579834,688f919f3ab0,0d79a81a67b3,within_subject,0.3.0.dev0,2026-09-10T20:11:30
Miller2019-motor_basic,hh,0,LogBandPower + LogReg,accuracy,0.9166666666666666,0,chronological,48,12,41,0.1248929500579834,688f919f3ab0,0d79a81a67b3,within_subject,0.3.0.dev0,2026-09-10T20:11:30
Miller2019-motor_basic,hh,0,LogBandPower + LogReg,balanced_accuracy,0.9,0,chronological,48,12,41,0.1248929500579834,688f919f3ab0,0d79a81a67b3,within_subject,0.3.0.dev0,2026-09-10T20:11:30
Miller2019-motor_basic,hh,0,Riemann TS + LogReg,kappa,0.5263157894736843,0,chronological,48,12,41,0.1670479774475097,b4736e60e22e,0d79a81a67b3,within_subject,0.3.0.dev0,2026-09-10T20:11:30
Miller2019-motor_basic,hh,0,Riemann TS + LogReg,accuracy,0.75,0,chronological,48,12,41,0.1670479774475097,b4736e60e22e,0d79a81a67b3,within_subject,0.3.0.dev0,2026-09-10T20:11:30
Miller2019-motor_basic,hh,0,Riemann TS + LogReg,balanced_accuracy,0.7857142857142857,0,chronological,48,12,41,0.1670479774475097,b4736e60e22e,0d79a81a67b3,within_subject,0.3.0.dev0,2026-09-10T20:11:30
Miller2019-motor_basic,hh,0,HighGamma + LDA,kappa,0.4705882352941176,1,chronological,48,12,41,0.1305320262908935,f0ad027786a9,0d79a81a67b3,within_subject,0.3.0.dev0,2026-09-10T20:11:30
Miller2019-motor_basic,hh,0,HighGamma + LDA,accuracy,0.75,1,chronological,48,12,41,0.1305320262908935,f0ad027786a9,0d79a81a67b3,within_subject,0.3.0.dev0,2026-09-10T20:11:30
Miller2019-motor_basic,hh,0,HighGamma + LDA,balanced_accuracy,0.7285714285714285,1,chronological,48,12,41,0.1305320262908935,f0ad027786a9,0d79a81a67b3,within_subject,0.3.0.dev0,2026-09-10T20:11:30
Miller2019-motor_basic,hh,0,LogBandPower + LDA,kappa,0.6363636363636364,1,chronological,48,12,41,0.1335208415985107,ad4c2abc31c8,0d79a81a67b3,within_subject,0.3.0.dev0,2026-09-10T20:11:30
Miller2019-motor_basic,hh,0,LogBandPower + LDA,accuracy,0.8333333333333334,1,chronological,48,12,41,0.1335208415985107,ad4c2abc31c8,0d79a81a67b3,within_subject,0.3.0.dev0,2026-09-10T20:11:30
Miller2019-motor_basic,hh,0,LogBandPower + LDA,balanced_accuracy,0.8,1,chronological,48,12,41,0.1335208415985107,ad4c2abc31c8,0d79a81a67b3,within_subject,0.3.0.dev0,2026-09-10T20:11:30
Miller2019-motor_basic,hh,0,LogBandPower + LogReg,kappa,0.6363636363636364,1,chronological,48,12,41,0.1295490264892578,688f919f3ab0,0d79a81a67b3,within_subject,0.3.0.dev0,2026-09-10T20:11:30
Miller2019-motor_basic,hh,0,LogBandPower + LogReg,accuracy,0.8333333333333334,1,chronological,48,12,41,0.1295490264892578,688f919f3ab0,0d79a81a67b3,within_subject,0.3.0.dev0,2026-09-10T20:11:30
Miller2019-motor_basic,hh,0,LogBandPower + LogReg,balanced_accuracy,0.8,1,chronological,48,12,41,0.1295490264892578,688f919f3ab0,0d79a81a67b3,within_subject,0.3.0.dev0,2026-09-10T20:11:30
Miller2019-motor_basic,hh,0,Riemann TS + LogReg,kappa,0.1176470588235294,1,chronological,48,12,41,0.1649720668792724,b4736e60e22e,0d79a81a67b3,within_subject,0.3.0.dev0,2026-09-10T20:11:30
Miller2019-motor_basic,hh,0,Riemann TS + LogReg,accuracy,0.5833333333333334,1,chronological,48,12,41,0.1649720668792724,b4736e60e22e,0d79a81a67b3,within_subject,0.3.0.dev0,2026-09-10T20:11:30
Miller2019-motor_basic,hh,0,Riemann TS + LogReg,balanced_accuracy,0.5571428571428572,1,chronological,48,12,41,0.1649720668792724,b4736e60e22e,0d79a81a67b3,within_subject,0.3.0.dev0,2026-09-10T20:11:30
Miller2019-motor_basic,hh,0,HighGamma + LDA,kappa,0.6666666666666667,2,chronological,48,12,41,0.1295650005340576,f0ad027786a9,0d79a81a67b3,within_subject,0.3.0.dev0,2026-09-10T20:11:30
Miller2019-motor_basic,hh,0,HighGamma + LDA,accuracy,0.8333333333333334,2,chronological,48,12,41,0.1295650005340576,f0ad027786a9,0d79a81a67b3,within_subject,0.3.0.dev0,2026-09-10T20:11:30
Miller2019-motor_basic,hh,0,HighGamma + LDA,balanced_accuracy,0.875,2,chronological,48,12,41,0.1295650005340576,f0ad027786a9,0d79a81a67b3,within_subject,0.3.0.dev0,2026-09-10T20:11:30
Miller2019-motor_basic,hh,0,LogBandPower + LDA,kappa,0.8235294117647058,2,chronological,48,12,41,0.1333141326904297,ad4c2abc31c8,0d79a81a67b3,within_subject,0.3.0.dev0,2026-09-10T20:11:30
Miller2019-motor_basic,hh,0,LogBandPower + LDA,accuracy,0.9166666666666666,2,chronological,48,12,41,0.1333141326904297,ad4c2abc31c8,0d79a81a67b3,within_subject,0.3.0.dev0,2026-09-10T20:11:30
Miller2019-motor_basic,hh,0,LogBandPower + LDA,balanced_accuracy,0.9375,2,chronological,48,12,41,0.1333141326904297,ad4c2abc31c8,0d79a81a67b3,within_subject,0.3.0.dev0,2026-09-10T20:11:30
Miller2019-motor_basic,hh,0,LogBandPower + LogReg,kappa,1.0,2,chronological,48,12,41,0.1298010349273681,688f919f3ab0,0d79a81a67b3,within_subject,0.3.0.dev0,2026-09-10T20:11:30
Miller2019-motor_basic,hh,0,LogBandPower + LogReg,accuracy,1.0,2,chronological,48,12,41,0.1298010349273681,688f919f3ab0,0d79a81a67b3,within_subject,0.3.0.dev0,2026-09-10T20:11:30
Miller2019-motor_basic,hh,0,LogBandPower + LogReg,balanced_accuracy,1.0,2,chronological,48,12,41,0.1298010349273681,688f919f3ab0,0d79a81a67b3,within_subject,0.3.0.dev0,2026-09-10T20:11:30
Miller2019-motor_basic,hh,0,Riemann TS + LogReg,kappa,0.1818181818181818,2,chronological,48,12,41,0.1656661033630371,b4736e60e22e,0d79a81a67b3,within_subject,0.3.0.dev0,2026-09-10T20:11:30
Miller2019-motor_basic,hh,0,Riemann TS + LogReg,accuracy,0.5,2,chronological,48,12,41,0.1656661033630371,b4736e60e22e,0d79a81a67b3,within_subject,0.3.0.dev0,2026-09-10T20:11:30
Miller2019-motor_basic,hh,0,Riemann TS + LogReg,balanced_accuracy,0.625,2,chronological,48,12,41,0.1656661033630371,b4736e60e22e,0d79a81a67b3,within_subject,0.3.0.dev0,2026-09-10T20:11:30
Miller2019-motor_basic,hh,0,HighGamma + LDA,kappa,0.6363636363636364,3,chronological,48,12,41,0.1301889419555664,f0ad027786a9,0d79a81a67b3,within_subject,0.3.0.dev0,2026-09-10T20:11:30
Miller2019-motor_basic,hh,0,HighGamma + LDA,accuracy,0.8333333333333334,3,chronological,48,12,41,0.1301889419555664,f0ad027786a9,0d79a81a67b3,within_subject,0.3.0.dev0,2026-09-10T20:11:30
Miller2019-motor_basic,hh,0,HighGamma + LDA,balanced_accuracy,0.8,3,chronological,48,12,41,0.1301889419555664,f0ad027786a9,0d79a81a67b3,within_subject,0.3.0.dev0,2026-09-10T20:11:30
Miller2019-motor_basic,hh,0,LogBandPower + LDA,kappa,1.0,3,chronological,48,12,41,0.1334328651428222,ad4c2abc31c8,0d79a81a67b3,within_subject,0.3.0.dev0,2026-09-10T20:11:30
Miller2019-motor_basic,hh,0,LogBandPower + LDA,accuracy,1.0,3,chronological,48,12,41,0.1334328651428222,ad4c2abc31c8,0d79a81a67b3,within_subject,0.3.0.dev0,2026-09-10T20:11:30
Miller2019-motor_basic,hh,0,LogBandPower + LDA,balanced_accuracy,1.0,3,chronological,48,12,41,0.1334328651428222,ad4c2abc31c8,0d79a81a67b3,within_subject,0.3.0.dev0,2026-09-10T20:11:30
Miller2019-motor_basic,hh,0,LogBandPower + LogReg,kappa,1.0,3,chronological,48,12,41,0.1268978118896484,688f919f3ab0,0d79a81a67b3,within_subject,0.3.0.dev0,2026-09-10T20:11:30
Miller2019-motor_basic,hh,0,LogBandPower + LogReg,accuracy,1.0,3,chronological,48,12,41,0.1268978118896484,688f919f3ab0,0d79a81a67b3,within_subject,0.3.0.dev0,2026-09-10T20:11:30
Miller2019-motor_basic,hh,0,LogBandPower + LogReg,balanced_accuracy,1.0,3,chronological,48,12,41,0.1268978118896484,688f919f3ab0,0d79a81a67b3,within_subject,0.3.0.dev0,2026-09-10T20:11:30
Miller2019-motor_basic,hh,0,Riemann TS + LogReg,kappa,0.2105263157894737,3,chronological,48,12,41,0.161877155303955,b4736e60e22e,0d79a81a67b3,within_subject,0.3.0.dev0,2026-09-10T20:11:30
Miller2019-motor_basic,hh,0,Riemann TS + LogReg,accuracy,0.5833333333333334,3,chronological,48,12,41,0.161877155303955,b4736e60e22e,0d79a81a67b3,within_subject,0.3.0.dev0,2026-09-10T20:11:30
Miller2019-motor_basic,hh,0,Riemann TS + LogReg,balanced_accuracy,0.6142857142857143,3,chronological,48,12,41,0.161877155303955,b4736e60e22e,0d79a81a67b3,within_subject,0.3.0.dev0,2026-09-10T20:11:30
Miller2019-motor_basic,hh,0,HighGamma + LDA,kappa,0.5,4,chronological,48,12,41,0.130458116531372,f0ad027786a9,0d79a81a67b3,within_subject,0.3.0.dev0,2026-09-10T20:11:30
Miller2019-motor_basic,hh,0,HighGamma + LDA,accuracy,0.75,4,chronological,48,12,41,0.130458116531372,f0ad027786a9,0d79a81a67b3,within_subject,0.3.0.dev0,2026-09-10T20:11:30
Miller2019-motor_basic,hh,0,HighGamma + LDA,balanced_accuracy,0.8333333333333333,4,chronological,48,12,41,0.130458116531372,f0ad027786a9,0d79a81a67b3,within_subject,0.3.0.dev0,2026-09-10T20:11:30
Miller2019-motor_basic,hh,0,LogBandPower + LDA,kappa,0.8,4,chronological,48,12,41,0.1335391998291015,ad4c2abc31c8,0d79a81a67b3,within_subject,0.3.0.dev0,2026-09-10T20:11:30
Miller2019-motor_basic,hh,0,LogBandPower + LDA,accuracy,0.9166666666666666,4,chronological,48,12,41,0.1335391998291015,ad4c2abc31c8,0d79a81a67b3,within_subject,0.3.0.dev0,2026-09-10T20:11:30
Miller2019-motor_basic,hh,0,LogBandPower + LDA,balanced_accuracy,0.9444444444444444,4,chronological,48,12,41,0.1335391998291015,ad4c2abc31c8,0d79a81a67b3,within_subject,0.3.0.dev0,2026-09-10T20:11:30
Miller2019-motor_basic,hh,0,LogBandPower + LogReg,kappa,0.8,4,chronological,48,12,41,0.1305060386657714,688f919f3ab0,0d79a81a67b3,within_subject,0.3.0.dev0,2026-09-10T20:11:30
Miller2019-motor_basic,hh,0,LogBandPower + LogReg,accuracy,0.9166666666666666,4,chronological,48,12,41,0.1305060386657714,688f919f3ab0,0d79a81a67b3,within_subject,0.3.0.dev0,2026-09-10T20:11:30
Miller2019-motor_basic,hh,0,LogBandPower + LogReg,balanced_accuracy,0.9444444444444444,4,chronological,48,12,41,0.1305060386657714,688f919f3ab0,0d79a81a67b3,within_subject,0.3.0.dev0,2026-09-10T20:11:30
Miller2019-motor_basic,hh,0,Riemann TS + LogReg,kappa,0.2857142857142857,4,chronological,48,12,41,0.1627430915832519,b4736e60e22e,0d79a81a67b3,within_subject,0.3.0.dev0,2026-09-10T20:11:30
Miller2019-motor_basic,hh,0,Riemann TS + LogReg,accuracy,0.5833333333333334,4,chronological,48,12,41,0.1627430915832519,b4736e60e22e,0d79a81a67b3,within_subject,0.3.0.dev0,2026-09-10T20:11:30
Miller2019-motor_basic,hh,0,Riemann TS + LogReg,balanced_accuracy,0.7222222222222222,4,chronological,48,12,41,0.1627430915832519,b4736e60e22e,0d79a81a67b3,within_subject,0.3.0.dev0,2026-09-10T20:11:30
Miller2019-motor_basic,hl,0,HighGamma + LDA,kappa,1.0,0,chronological,48,12,64,0.2418539524078369,f0ad027786a9,0d79a81a67b3,within_subject,0.3.0.dev0,2026-09-10T20:11:36
Miller2019-motor_basic,hl,0,HighGamma + LDA,accuracy,1.0,0,chronological,48,12,64,0.2418539524078369,f0ad027786a9,0d79a81a67b3,within_subject,0.3.0.dev0,2026-09-10T20:11:36
Miller2019-motor_basic,hl,0,HighGamma + LDA,balanced_accuracy,1.0,0,chronological,48,12,64,0.2418539524078369,f0ad027786a9,0d79a81a67b3,within_subject,0.3.0.dev0,2026-09-10T20:11:36
Miller2019-motor_basic,hl,0,LogBandPower + LDA,kappa,0.8333333333333334,0,chronological,48,12,64,0.242326021194458,ad4c2abc31c8,0d79a81a67b3,within_subject,0.3.0.dev0,2026-09-10T20:11:36
Miller2019-motor_basic,hl,0,LogBandPower + LDA,accuracy,0.9166666666666666,0,chronological,48,12,64,0.242326021194458,ad4c2abc31c8,0d79a81a67b3,within_subject,0.3.0.dev0,2026-09-10T20:11:36
Miller2019-motor_basic,hl,0,LogBandPower + LDA,balanced_accuracy,0.9166666666666669,0,chronological,48,12,64,0.242326021194458,ad4c2abc31c8,0d79a81a67b3,within_subject,0.3.0.dev0,2026-09-10T20:11:36
Miller2019-motor_basic,hl,0,LogBandPower + LogReg,kappa,0.8333333333333334,0,chronological,48,12,64,0.228154182434082,688f919f3ab0,0d79a81a67b3,within_subject,0.3.0.dev0,2026-09-10T20:11:36
Miller2019-motor_basic,hl,0,LogBandPower + LogReg,accuracy,0.9166666666666666,0,chronological,48,12,64,0.228154182434082,688f919f3ab0,0d79a81a67b3,within_subject,0.3.0.dev0,2026-09-10T20:11:36
Miller2019-motor_basic,hl,0,LogBandPower + LogReg,balanced_accuracy,0.9166666666666669,0,chronological,48,12,64,0.228154182434082,688f919f3ab0,0d79a81a67b3,within_subject,0.3.0.dev0,2026-09-10T20:11:36
Miller2019-motor_basic,hl,0,Riemann TS + LogReg,kappa,0.3333333333333333,0,chronological,48,12,64,0.3678910732269287,b4736e60e22e,0d79a81a67b3,within_subject,0.3.0.dev0,2026-09-10T20:11:36
Miller2019-motor_basic,hl,0,Riemann TS + LogReg,accuracy,0.6666666666666666,0,chronological,48,12,64,0.3678910732269287,b4736e60e22e,0d79a81a67b3,within_subject,0.3.0.dev0,2026-09-10T20:11:36
Miller2019-motor_basic,hl,0,Riemann TS + LogReg,balanced_accuracy,0.6666666666666666,0,chronological,48,12,64,0.3678910732269287,b4736e60e22e,0d79a81a67b3,within_subject,0.3.0.dev0,2026-09-10T20:11:36
Miller2019-motor_basic,hl,0,HighGamma + LDA,kappa,0.5263157894736843,1,chronological,48,12,64,0.2390518188476562,f0ad027786a9,0d79a81a67b3,within_subject,0.3.0.dev0,2026-09-10T20:11:36
Miller2019-motor_basic,hl,0,HighGamma + LDA,accuracy,0.75,1,chronological,48,12,64,0.2390518188476562,f0ad027786a9,0d79a81a67b3,within_subject,0.3.0.dev0,2026-09-10T20:11:36
Miller2019-motor_basic,hl,0,HighGamma + LDA,balanced_accuracy,0.7857142857142857,1,chronological,48,12,64,0.2390518188476562,f0ad027786a9,0d79a81a67b3,within_subject,0.3.0.dev0,2026-09-10T20:11:36
Miller2019-motor_basic,hl,0,LogBandPower + LDA,kappa,0.6756756756756757,1,chronological,48,12,64,0.2459180355072021,ad4c2abc31c8,0d79a81a67b3,within_subject,0.3.0.dev0,2026-09-10T20:11:36
Miller2019-motor_basic,hl,0,LogBandPower + LDA,accuracy,0.8333333333333334,1,chronological,48,12,64,0.2459180355072021,ad4c2abc31c8,0d79a81a67b3,within_subject,0.3.0.dev0,2026-09-10T20:11:36
Miller2019-motor_basic,hl,0,LogBandPower + LDA,balanced_accuracy,0.8571428571428572,1,chronological,48,12,64,0.2459180355072021,ad4c2abc31c8,0d79a81a67b3,within_subject,0.3.0.dev0,2026-09-10T20:11:36
Miller2019-motor_basic,hl,0,LogBandPower + LogReg,kappa,0.5,1,chronological,48,12,64,0.2286016941070556,688f919f3ab0,0d79a81a67b3,within_subject,0.3.0.dev0,2026-09-10T20:11:36
Miller2019-motor_basic,hl,0,LogBandPower + LogReg,accuracy,0.75,1,chronological,48,12,64,0.2286016941070556,688f919f3ab0,0d79a81a67b3,within_subject,0.3.0.dev0,2026-09-10T20:11:36
Miller2019-motor_basic,hl,0,LogBandPower + LogReg,balanced_accuracy,0.7571428571428571,1,chronological,48,12,64,0.2286016941070556,688f919f3ab0,0d79a81a67b3,within_subject,0.3.0.dev0,2026-09-10T20:11:36
Miller2019-motor_basic,hl,0,Riemann TS + LogReg,kappa,0.1666666666666666,1,chronological,48,12,64,0.3649377822875976,b4736e60e22e,0d79a81a67b3,within_subject,0.3.0.dev0,2026-09-10T20:11:36
Miller2019-motor_basic,hl,0,Riemann TS + LogReg,accuracy,0.5833333333333334,1,chronological,48,12,64,0.3649377822875976,b4736e60e22e,0d79a81a67b3,within_subject,0.3.0.dev0,2026-09-10T20:11:36
Miller2019-motor_basic,hl,0,Riemann TS + LogReg,balanced_accuracy,0.5857142857142856,1,chronological,48,12,64,0.3649377822875976,b4736e60e22e,0d79a81a67b3,within_subject,0.3.0.dev0,2026-09-10T20:11:36
Miller2019-motor_basic,hl,0,HighGamma + LDA,kappa,0.6756756756756757,2,chronological,48,12,64,0.2264020442962646,f0ad027786a9,0d79a81a67b3,within_subject,0.3.0.dev0,2026-09-10T20:11:36
Miller2019-motor_basic,hl,0,HighGamma + LDA,accuracy,0.8333333333333334,2,chronological,48,12,64,0.2264020442962646,f0ad027786a9,0d79a81a67b3,within_subject,0.3.0.dev0,2026-09-10T20:11:36
Miller2019-motor_basic,hl,0,HighGamma + LDA,balanced_accuracy,0.8571428571428572,2,chronological,48,12,64,0.2264020442962646,f0ad027786a9,0d79a81a67b3,within_subject,0.3.0.dev0,2026-09-10T20:11:36
Miller2019-motor_basic,hl,0,LogBandPower + LDA,kappa,0.8333333333333334,2,chronological,48,12,64,0.2396516799926757,ad4c2abc31c8,0d79a81a67b3,within_subject,0.3.0.dev0,2026-09-10T20:11:36
Miller2019-motor_basic,hl,0,LogBandPower + LDA,accuracy,0.9166666666666666,2,chronological,48,12,64,0.2396516799926757,ad4c2abc31c8,0d79a81a67b3,within_subject,0.3.0.dev0,2026-09-10T20:11:36
Miller2019-motor_basic,hl,0,LogBandPower + LDA,balanced_accuracy,0.9285714285714286,2,chronological,48,12,64,0.2396516799926757,ad4c2abc31c8,0d79a81a67b3,within_subject,0.3.0.dev0,2026-09-10T20:11:36
Miller2019-motor_basic,hl,0,LogBandPower + LogReg,kappa,0.6756756756756757,2,chronological,48,12,64,0.2309250831604004,688f919f3ab0,0d79a81a67b3,within_subject,0.3.0.dev0,2026-09-10T20:11:36
Miller2019-motor_basic,hl,0,LogBandPower + LogReg,accuracy,0.8333333333333334,2,chronological,48,12,64,0.2309250831604004,688f919f3ab0,0d79a81a67b3,within_subject,0.3.0.dev0,2026-09-10T20:11:36
Miller2019-motor_basic,hl,0,LogBandPower + LogReg,balanced_accuracy,0.8571428571428572,2,chronological,48,12,64,0.2309250831604004,688f919f3ab0,0d79a81a67b3,within_subject,0.3.0.dev0,2026-09-10T20:11:36
Miller2019-motor_basic,hl,0,Riemann TS + LogReg,kappa,0.3142857142857143,2,chronological,48,12,64,0.3786878585815429,b4736e60e22e,0d79a81a67b3,within_subject,0.3.0.dev0,2026-09-10T20:11:36
Miller2019-motor_basic,hl,0,Riemann TS + LogReg,accuracy,0.6666666666666666,2,chronological,48,12,64,0.3786878585815429,b4736e60e22e,0d79a81a67b3,within_subject,0.3.0.dev0,2026-09-10T20:11:36
Miller2019-motor_basic,hl,0,Riemann TS + LogReg,balanced_accuracy,0.6571428571428571,2,chronological,48,12,64,0.3786878585815429,b4736e60e22e,0d79a81a67b3,within_subject,0.3.0.dev0,2026-09-10T20:11:36
Miller2019-motor_basic,hl,0,HighGamma + LDA,kappa,0.4375000000000001,3,chronological,48,12,64,0.2315809726715088,f0ad027786a9,0d79a81a67b3,within_subject,0.3.0.dev0,2026-09-10T20:11:36
Miller2019-motor_basic,hl,0,HighGamma + LDA,accuracy,0.75,3,chronological,48,12,64,0.2315809726715088,f0ad027786a9,0d79a81a67b3,within_subject,0.3.0.dev0,2026-09-10T20:11:36
Miller2019-motor_basic,hl,0,HighGamma + LDA,balanced_accuracy,0.7,3,chronological,48,12,64,0.2315809726715088,f0ad027786a9,0d79a81a67b3,within_subject,0.3.0.dev0,2026-09-10T20:11:36
Miller2019-motor_basic,hl,0,LogBandPower + LDA,kappa,0.8235294117647058,3,chronological,48,12,64,0.2390792369842529,ad4c2abc31c8,0d79a81a67b3,within_subject,0.3.0.dev0,2026-09-10T20:11:36
Miller2019-motor_basic,hl,0,LogBandPower + LDA,accuracy,0.9166666666666666,3,chronological,48,12,64,0.2390792369842529,ad4c2abc31c8,0d79a81a67b3,within_subject,0.3.0.dev0,2026-09-10T20:11:36
Miller2019-motor_basic,hl,0,LogBandPower + LDA,balanced_accuracy,0.9,3,chronological,48,12,64,0.2390792369842529,ad4c2abc31c8,0d79a81a67b3,within_subject,0.3.0.dev0,2026-09-10T20:11:36
Miller2019-motor_basic,hl,0,LogBandPower + LogReg,kappa,0.6363636363636364,3,chronological,48,12,64,0.2287390232086181,688f919f3ab0,0d79a81a67b3,within_subject,0.3.0.dev0,2026-09-10T20:11:36
Miller2019-motor_basic,hl,0,LogBandPower + LogReg,accuracy,0.8333333333333334,3,chronological,48,12,64,0.2287390232086181,688f919f3ab0,0d79a81a67b3,within_subject,0.3.0.dev0,2026-09-10T20:11:36
Miller2019-motor_basic,hl,0,LogBandPower + LogReg,balanced_accuracy,0.8,3,chronological,48,12,64,0.2287390232086181,688f919f3ab0,0d79a81a67b3,within_subject,0.3.0.dev0,2026-09-10T20:11:36
Miller2019-motor_basic,hl,0,Riemann TS + LogReg,kappa,0.1176470588235294,3,chronological,48,12,64,0.3544840812683105,b4736e60e22e,0d79a81a67b3,within_subject,0.3.0.dev0,2026-09-10T20:11:36
Miller2019-motor_basic,hl,0,Riemann TS + LogReg,accuracy,0.5833333333333334,3,chronological,48,12,64,0.3544840812683105,b4736e60e22e,0d79a81a67b3,within_subject,0.3.0.dev0,2026-09-10T20:11:36
Miller2019-motor_basic,hl,0,Riemann TS + LogReg,balanced_accuracy,0.5571428571428572,3,chronological,48,12,64,0.3544840812683105,b4736e60e22e,0d79a81a67b3,within_subject,0.3.0.dev0,2026-09-10T20:11:36
Miller2019-motor_basic,hl,0,HighGamma + LDA,kappa,0.2727272727272727,4,chronological,48,12,64,0.2288041114807129,f0ad027786a9,0d79a81a67b3,within_subject,0.3.0.dev0,2026-09-10T20:11:36
Miller2019-motor_basic,hl,0,HighGamma + LDA,accuracy,0.6666666666666666,4,chronological,48,12,64,0.2288041114807129,f0ad027786a9,0d79a81a67b3,within_subject,0.3.0.dev0,2026-09-10T20:11:36
Miller2019-motor_basic,hl,0,HighGamma + LDA,balanced_accuracy,0.6285714285714286,4,chronological,48,12,64,0.2288041114807129,f0ad027786a9,0d79a81a67b3,within_subject,0.3.0.dev0,2026-09-10T20:11:36
Miller2019-motor_basic,hl,0,LogBandPower + LDA,kappa,0.6571428571428571,4,chronological,48,12,64,0.2392692565917968,ad4c2abc31c8,0d79a81a67b3,within_subject,0.3.0.dev0,2026-09-10T20:11:36
Miller2019-motor_basic,hl,0,LogBandPower + LDA,accuracy,0.8333333333333334,4,chronological,48,12,64,0.2392692565917968,ad4c2abc31c8,0d79a81a67b3,within_subject,0.3.0.dev0,2026-09-10T20:11:36
Miller2019-motor_basic,hl,0,LogBandPower + LDA,balanced_accuracy,0.8285714285714285,4,chronological,48,12,64,0.2392692565917968,ad4c2abc31c8,0d79a81a67b3,within_subject,0.3.0.dev0,2026-09-10T20:11:36
Miller2019-motor_basic,hl,0,LogBandPower + LogReg,kappa,0.3142857142857143,4,chronological,48,12,64,0.2346618175506591,688f919f3ab0,0d79a81a67b3,within_subject,0.3.0.dev0,2026-09-10T20:11:36
Miller2019-motor_basic,hl,0,LogBandPower + LogReg,accuracy,0.6666666666666666,4,chronological,48,12,64,0.2346618175506591,688f919f3ab0,0d79a81a67b3,within_subject,0.3.0.dev0,2026-09-10T20:11:36
Miller2019-motor_basic,hl,0,LogBandPower + LogReg,balanced_accuracy,0.6571428571428571,4,chronological,48,12,64,0.2346618175506591,688f919f3ab0,0d79a81a67b3,within_subject,0.3.0.dev0,2026-09-10T20:11:36
Miller2019-motor_basic,hl,0,Riemann TS + LogReg,kappa,0.1666666666666666,4,chronological,48,12,64,0.3767099380493164,b4736e60e22e,0d79a81a67b3,within_subject,0.3.0.dev0,2026-09-10T20:11:36
Miller2019-motor_basic,hl,0,Riemann TS + LogReg,accuracy,0.5833333333333334,4,chronological,48,12,64,0.3767099380493164,b4736e60e22e,0d79a81a67b3,within_subject,0.3.0.dev0,2026-09-10T20:11:36
Miller2019-motor_basic,hl,0,Riemann TS + LogReg,balanced_accuracy,0.5857142857142856,4,chronological,48,12,64,0.3767099380493164,b4736e60e22e,0d79a81a67b3,within_subject,0.3.0.dev0,2026-09-10T20:11:36
Miller2019-motor_basic,jc,0,HighGamma + LDA,kappa,1.0,0,chronological,48,12,48,0.1476519107818603,f0ad027786a9,0d79a81a67b3,within_subject,0.3.0.dev0,2026-09-10T20:11:41
Miller2019-motor_basic,jc,0,HighGamma + LDA,accuracy,1.0,0,chronological,48,12,48,0.1476519107818603,f0ad027786a9,0d79a81a67b3,within_subject,0.3.0.dev0,2026-09-10T20:11:41
Miller2019-motor_basic,jc,0,HighGamma + LDA,balanced_accuracy,1.0,0,chronological,48,12,48,0.1476519107818603,f0ad027786a9,0d79a81a67b3,within_subject,0.3.0.dev0,2026-09-10T20:11:41
Miller2019-motor_basic,jc,0,LogBandPower + LDA,kappa,1.0,0,chronological,48,12,48,0.1523830890655517,ad4c2abc31c8,0d79a81a67b3,within_subject,0.3.0.dev0,2026-09-10T20:11:41
Miller2019-motor_basic,jc,0,LogBandPower + LDA,accuracy,1.0,0,chronological,48,12,48,0.1523830890655517,ad4c2abc31c8,0d79a81a67b3,within_subject,0.3.0.dev0,2026-09-10T20:11:41
Miller2019-motor_basic,jc,0,LogBandPower + LDA,balanced_accuracy,1.0,0,chronological,48,12,48,0.1523830890655517,ad4c2abc31c8,0d79a81a67b3,within_subject,0.3.0.dev0,2026-09-10T20:11:41
Miller2019-motor_basic,jc,0,LogBandPower + LogReg,kappa,1.0,0,chronological,48,12,48,0.1477508544921875,688f919f3ab0,0d79a81a67b3,within_subject,0.3.0.dev0,2026-09-10T20:11:41
Miller2019-motor_basic,jc,0,LogBandPower + LogReg,accuracy,1.0,0,chronological,48,12,48,0.1477508544921875,688f919f3ab0,0d79a81a67b3,within_subject,0.3.0.dev0,2026-09-10T20:11:41
Miller2019-motor_basic,jc,0,LogBandPower + LogReg,balanced_accuracy,1.0,0,chronological,48,12,48,0.1477508544921875,688f919f3ab0,0d79a81a67b3,within_subject,0.3.0.dev0,2026-09-10T20:11:41
Miller2019-motor_basic,jc,0,Riemann TS + LogReg,kappa,0.6666666666666667,0,chronological,48,12,48,0.2154929637908935,b4736e60e22e,0d79a81a67b3,within_subject,0.3.0.dev0,2026-09-10T20:11:41
Miller2019-motor_basic,jc,0,Riemann TS + LogReg,accuracy,0.8333333333333334,0,chronological,48,12,48,0.2154929637908935,b4736e60e22e,0d79a81a67b3,within_subject,0.3.0.dev0,2026-09-10T20:11:41
Miller2019-motor_basic,jc,0,Riemann TS + LogReg,balanced_accuracy,0.8333333333333334,0,chronological,48,12,48,0.2154929637908935,b4736e60e22e,0d79a81a67b3,within_subject,0.3.0.dev0,2026-09-10T20:11:41
Miller2019-motor_basic,jc,0,HighGamma + LDA,kappa,1.0,1,chronological,48,12,48,0.1493709087371826,f0ad027786a9,0d79a81a67b3,within_subject,0.3.0.dev0,2026-09-10T20:11:41
Miller2019-motor_basic,jc,0,HighGamma + LDA,accuracy,1.0,1,chronological,48,12,48,0.1493709087371826,f0ad027786a9,0d79a81a67b3,within_subject,0.3.0.dev0,2026-09-10T20:11:41
Miller2019-motor_basic,jc,0,HighGamma + LDA,balanced_accuracy,1.0,1,chronological,48,12,48,0.1493709087371826,f0ad027786a9,0d79a81a67b3,within_subject,0.3.0.dev0,2026-09-10T20:11:41
Miller2019-motor_basic,jc,0,LogBandPower + LDA,kappa,1.0,1,chronological,48,12,48,0.1539106369018554,ad4c2abc31c8,0d79a81a67b3,within_subject,0.3.0.dev0,2026-09-10T20:11:41
Miller2019-motor_basic,jc,0,LogBandPower + LDA,accuracy,1.0,1,chronological,48,12,48,0.1539106369018554,ad4c2abc31c8,0d79a81a67b3,within_subject,0.3.0.dev0,2026-09-10T20:11:41
Miller2019-motor_basic,jc,0,LogBandPower + LDA,balanced_accuracy,1.0,1,chronological,48,12,48,0.1539106369018554,ad4c2abc31c8,0d79a81a67b3,within_subject,0.3.0.dev0,2026-09-10T20:11:41
Miller2019-motor_basic,jc,0,LogBandPower + LogReg,kappa,1.0,1,chronological,48,12,48,0.1477777957916259,688f919f3ab0,0d79a81a67b3,within_subject,0.3.0.dev0,2026-09-10T20:11:41
Miller2019-motor_basic,jc,0,LogBandPower + LogReg,accuracy,1.0,1,chronological,48,12,48,0.1477777957916259,688f919f3ab0,0d79a81a67b3,within_subject,0.3.0.dev0,2026-09-10T20:11:41
Miller2019-motor_basic,jc,0,LogBandPower + LogReg,balanced_accuracy,1.0,1,chronological,48,12,48,0.1477777957916259,688f919f3ab0,0d79a81a67b3,within_subject,0.3.0.dev0,2026-09-10T20:11:41
Miller2019-motor_basic,jc,0,Riemann TS + LogReg,kappa,0.5263157894736843,1,chronological,48,12,48,0.2148549556732177,b4736e60e22e,0d79a81a67b3,within_subject,0.3.0.dev0,2026-09-10T20:11:41
Miller2019-motor_basic,jc,0,Riemann TS + LogReg,accuracy,0.75,1,chronological,48,12,48,0.2148549556732177,b4736e60e22e,0d79a81a67b3,within_subject,0.3.0.dev0,2026-09-10T20:11:41
Miller2019-motor_basic,jc,0,Riemann TS + LogReg,balanced_accuracy,0.7857142857142857,1,chronological,48,12,48,0.2148549556732177,b4736e60e22e,0d79a81a67b3,within_subject,0.3.0.dev0,2026-09-10T20:11:41
Miller2019-motor_basic,jc,0,HighGamma + LDA,kappa,1.0,2,chronological,48,12,48,0.1551918983459472,f0ad027786a9,0d79a81a67b3,within_subject,0.3.0.dev0,2026-09-10T20:11:41
Miller2019-motor_basic,jc,0,HighGamma + LDA,accuracy,1.0,2,chronological,48,12,48,0.1551918983459472,f0ad027786a9,0d79a81a67b3,within_subject,0.3.0.dev0,2026-09-10T20:11:41
Miller2019-motor_basic,jc,0,HighGamma + LDA,balanced_accuracy,1.0,2,chronological,48,12,48,0.1551918983459472,f0ad027786a9,0d79a81a67b3,within_subject,0.3.0.dev0,2026-09-10T20:11:41
Miller2019-motor_basic,jc,0,LogBandPower + LDA,kappa,1.0,2,chronological,48,12,48,0.160578966140747,ad4c2abc31c8,0d79a81a67b3,within_subject,0.3.0.dev0,2026-09-10T20:11:41
Miller2019-motor_basic,jc,0,LogBandPower + LDA,accuracy,1.0,2,chronological,48,12,48,0.160578966140747,ad4c2abc31c8,0d79a81a67b3,within_subject,0.3.0.dev0,2026-09-10T20:11:41
Miller2019-motor_basic,jc,0,LogBandPower + LDA,balanced_accuracy,1.0,2,chronological,48,12,48,0.160578966140747,ad4c2abc31c8,0d79a81a67b3,within_subject,0.3.0.dev0,2026-09-10T20:11:41
Miller2019-motor_basic,jc,0,LogBandPower + LogReg,kappa,1.0,2,chronological,48,12,48,0.1532361507415771,688f919f3ab0,0d79a81a67b3,within_subject,0.3.0.dev0,2026-09-10T20:11:41
Miller2019-motor_basic,jc,0,LogBandPower + LogReg,accuracy,1.0,2,chronological,48,12,48,0.1532361507415771,688f919f3ab0,0d79a81a67b3,within_subject,0.3.0.dev0,2026-09-10T20:11:41
Miller2019-motor_basic,jc,0,LogBandPower + LogReg,balanced_accuracy,1.0,2,chronological,48,12,48,0.1532361507415771,688f919f3ab0,0d79a81a67b3,within_subject,0.3.0.dev0,2026-09-10T20:11:41
Miller2019-motor_basic,jc,0,Riemann TS + LogReg,kappa,0.6571428571428571,2,chronological,48,12,48,0.219128131866455,b4736e60e22e,0d79a81a67b3,within_subject,0.3.0.dev0,2026-09-10T20:11:41
Miller2019-motor_basic,jc,0,Riemann TS + LogReg,accuracy,0.8333333333333334,2,chronological,48,12,48,0.219128131866455,b4736e60e22e,0d79a81a67b3,within_subject,0.3.0.dev0,2026-09-10T20:11:41
Miller2019-motor_basic,jc,0,Riemann TS + LogReg,balanced_accuracy,0.8285714285714285,2,chronological,48,12,48,0.219128131866455,b4736e60e22e,0d79a81a67b3,within_subject,0.3.0.dev0,2026-09-10T20:11:41
Miller2019-motor_basic,jc,0,HighGamma + LDA,kappa,1.0,3,chronological,48,12,48,0.1537740230560302,f0ad027786a9,0d79a81a67b3,within_subject,0.3.0.dev0,2026-09-10T20:11:41
Miller2019-motor_basic,jc,0,HighGamma + LDA,accuracy,1.0,3,chronological,48,12,48,0.1537740230560302,f0ad027786a9,0d79a81a67b3,within_subject,0.3.0.dev0,2026-09-10T20:11:41
Miller2019-motor_basic,jc,0,HighGamma + LDA,balanced_accuracy,1.0,3,chronological,48,12,48,0.1537740230560302,f0ad027786a9,0d79a81a67b3,within_subject,0.3.0.dev0,2026-09-10T20:11:41
Miller2019-motor_basic,jc,0,LogBandPower + LDA,kappa,1.0,3,chronological,48,12,48,0.1553390026092529,ad4c2abc31c8,0d79a81a67b3,within_subject,0.3.0.dev0,2026-09-10T20:11:41
Miller2019-motor_basic,jc,0,LogBandPower + LDA,accuracy,1.0,3,chronological,48,12,48,0.1553390026092529,ad4c2abc31c8,0d79a81a67b3,within_subject,0.3.0.dev0,2026-09-10T20:11:41
Miller2019-motor_basic,jc,0,LogBandPower + LDA,balanced_accuracy,1.0,3,chronological,48,12,48,0.1553390026092529,ad4c2abc31c8,0d79a81a67b3,within_subject,0.3.0.dev0,2026-09-10T20:11:41
Miller2019-motor_basic,jc,0,LogBandPower + LogReg,kappa,1.0,3,chronological,48,12,48,0.1538789272308349,688f919f3ab0,0d79a81a67b3,within_subject,0.3.0.dev0,2026-09-10T20:11:41
Miller2019-motor_basic,jc,0,LogBandPower + LogReg,accuracy,1.0,3,chronological,48,12,48,0.1538789272308349,688f919f3ab0,0d79a81a67b3,within_subject,0.3.0.dev0,2026-09-10T20:11:41
Miller2019-motor_basic,jc,0,LogBandPower + LogReg,balanced_accuracy,1.0,3,chronological,48,12,48,0.1538789272308349,688f919f3ab0,0d79a81a67b3,within_subject,0.3.0.dev0,2026-09-10T20:11:41
Miller2019-motor_basic,jc,0,Riemann TS + LogReg,kappa,0.5,3,chronological,48,12,48,0.2205562591552734,b4736e60e22e,0d79a81a67b3,within_subject,0.3.0.dev0,2026-09-10T20:11:41
Miller2019-motor_basic,jc,0,Riemann TS + LogReg,accuracy,0.75,3,chronological,48,12,48,0.2205562591552734,b4736e60e22e,0d79a81a67b3,within_subject,0.3.0.dev0,2026-09-10T20:11:41
Miller2019-motor_basic,jc,0,Riemann TS + LogReg,balanced_accuracy,0.7571428571428571,3,chronological,48,12,48,0.2205562591552734,b4736e60e22e,0d79a81a67b3,within_subject,0.3.0.dev0,2026-09-10T20:11:41
Miller2019-motor_basic,jc,0,HighGamma + LDA,kappa,1.0,4,chronological,48,12,48,0.1524398326873779,f0ad027786a9,0d79a81a67b3,within_subject,0.3.0.dev0,2026-09-10T20:11:41
Miller2019-motor_basic,jc,0,HighGamma + LDA,accuracy,1.0,4,chronological,48,12,48,0.1524398326873779,f0ad027786a9,0d79a81a67b3,within_subject,0.3.0.dev0,2026-09-10T20:11:41
Miller2019-motor_basic,jc,0,HighGamma + LDA,balanced_accuracy,1.0,4,chronological,48,12,48,0.1524398326873779,f0ad027786a9,0d79a81a67b3,within_subject,0.3.0.dev0,2026-09-10T20:11:41
Miller2019-motor_basic,jc,0,LogBandPower + LDA,kappa,1.0,4,chronological,48,12,48,0.1561479568481445,ad4c2abc31c8,0d79a81a67b3,within_subject,0.3.0.dev0,2026-09-10T20:11:41
Miller2019-motor_basic,jc,0,LogBandPower + LDA,accuracy,1.0,4,chronological,48,12,48,0.1561479568481445,ad4c2abc31c8,0d79a81a67b3,within_subject,0.3.0.dev0,2026-09-10T20:11:41
Miller2019-motor_basic,jc,0,LogBandPower + LDA,balanced_accuracy,1.0,4,chronological,48,12,48,0.1561479568481445,ad4c2abc31c8,0d79a81a67b3,within_subject,0.3.0.dev0,2026-09-10T20:11:41
Miller2019-motor_basic,jc,0,LogBandPower + LogReg,kappa,1.0,4,chronological,48,12,48,0.1524460315704345,688f919f3ab0,0d79a81a67b3,within_subject,0.3.0.dev0,2026-09-10T20:11:41
Miller2019-motor_basic,jc,0,LogBandPower + LogReg,accuracy,1.0,4,chronological,48,12,48,0.1524460315704345,688f919f3ab0,0d79a81a67b3,within_subject,0.3.0.dev0,2026-09-10T20:11:41
Miller2019-motor_basic,jc,0,LogBandPower + LogReg,balanced_accuracy,1.0,4,chronological,48,12,48,0.1524460315704345,688f919f3ab0,0d79a81a67b3,within_subject,0.3.0.dev0,2026-09-10T20:11:41
Miller2019-motor_basic,jc,0,Riemann TS + LogReg,kappa,0.3142857142857143,4,chronological,48,12,48,0.2277579307556152,b4736e60e22e,0d79a81a67b3,within_subject,0.3.0.dev0,2026-09-10T20:11:41
Miller2019-motor_basic,jc,0,Riemann TS + LogReg,accuracy,0.6666666666666666,4,chronological,48,12,48,0.2277579307556152,b4736e60e22e,0d79a81a67b3,within_subject,0.3.0.dev0,2026-09-10T20:11:41
Miller2019-motor_basic,jc,0,Riemann TS + LogReg,balanced_accuracy,0.6571428571428571,4,chronological,48,12,48,0.2277579307556152,b4736e60e22e,0d79a81a67b3,within_subject,0.3.0.dev0,2026-09-10T20:11:41
Miller2019-motor_basic,jf,0,HighGamma + LDA,kappa,1.0,0,stratified_fallback,52,14,39,0.1882376670837402,f0ad027786a9,0d79a81a67b3,within_subject,0.3.0.dev0,2026-09-10T20:11:45
Miller2019-motor_basic,jf,0,HighGamma + LDA,accuracy,1.0,0,stratified_fallback,52,14,39,0.1882376670837402,f0ad027786a9,0d79a81a67b3,within_subject,0.3.0.dev0,2026-09-10T20:11:45
Miller2019-motor_basic,jf,0,HighGamma + LDA,balanced_accuracy,1.0,0,stratified_fallback,52,14,39,0.1882376670837402,f0ad027786a9,0d79a81a67b3,within_subject,0.3.0.dev0,2026-09-10T20:11:45
Miller2019-motor_basic,jf,0,LogBandPower + LDA,kappa,1.0,0,stratified_fallback,52,14,39,0.1480138301849365,ad4c2abc31c8,0d79a81a67b3,within_subject,0.3.0.dev0,2026-09-10T20:11:45
Miller2019-motor_basic,jf,0,LogBandPower + LDA,accuracy,1.0,0,stratified_fallback,52,14,39,0.1480138301849365,ad4c2abc31c8,0d79a81a67b3,within_subject,0.3.0.dev0,2026-09-10T20:11:45
Miller2019-motor_basic,jf,0,LogBandPower + LDA,balanced_accuracy,1.0,0,stratified_fallback,52,14,39,0.1480138301849365,ad4c2abc31c8,0d79a81a67b3,within_subject,0.3.0.dev0,2026-09-10T20:11:45
Miller2019-motor_basic,jf,0,LogBandPower + LogReg,kappa,1.0,0,stratified_fallback,52,14,39,0.1421220302581787,688f919f3ab0,0d79a81a67b3,within_subject,0.3.0.dev0,2026-09-10T20:11:45
Miller2019-motor_basic,jf,0,LogBandPower + LogReg,accuracy,1.0,0,stratified_fallback,52,14,39,0.1421220302581787,688f919f3ab0,0d79a81a67b3,within_subject,0.3.0.dev0,2026-09-10T20:11:45
Miller2019-motor_basic,jf,0,LogBandPower + LogReg,balanced_accuracy,1.0,0,stratified_fallback,52,14,39,0.1421220302581787,688f919f3ab0,0d79a81a67b3,within_subject,0.3.0.dev0,2026-09-10T20:11:45
Miller2019-motor_basic,jf,0,Riemann TS + LogReg,kappa,1.0,0,stratified_fallback,52,14,39,0.1732819080352783,b4736e60e22e,0d79a81a67b3,within_subject,0.3.0.dev0,2026-09-10T20:11:45
Miller2019-motor_basic,jf,0,Riemann TS + LogReg,accuracy,1.0,0,stratified_fallback,52,14,39,0.1732819080352783,b4736e60e22e,0d79a81a67b3,within_subject,0.3.0.dev0,2026-09-10T20:11:45
Miller2019-motor_basic,jf,0,Riemann TS + LogReg,balanced_accuracy,1.0,0,stratified_fallback,52,14,39,0.1732819080352783,b4736e60e22e,0d79a81a67b3,within_subject,0.3.0.dev0,2026-09-10T20:11:45
Miller2019-motor_basic,jf,0,HighGamma + LDA,kappa,1.0,1,stratified_fallback,53,13,39,0.165342092514038,f0ad027786a9,0d79a81a67b3,within_subject,0.3.0.dev0,2026-09-10T20:11:45
Miller2019-motor_basic,jf,0,HighGamma + LDA,accuracy,1.0,1,stratified_fallback,53,13,39,0.165342092514038,f0ad027786a9,0d79a81a67b3,within_subject,0.3.0.dev0,2026-09-10T20:11:45
Miller2019-motor_basic,jf,0,HighGamma + LDA,balanced_accuracy,1.0,1,stratified_fallback,53,13,39,0.165342092514038,f0ad027786a9,0d79a81a67b3,within_subject,0.3.0.dev0,2026-09-10T20:11:45
Miller2019-motor_basic,jf,0,LogBandPower + LDA,kappa,1.0,1,stratified_fallback,53,13,39,0.1475629806518554,ad4c2abc31c8,0d79a81a67b3,within_subject,0.3.0.dev0,2026-09-10T20:11:45
Miller2019-motor_basic,jf,0,LogBandPower + LDA,accuracy,1.0,1,stratified_fallback,53,13,39,0.1475629806518554,ad4c2abc31c8,0d79a81a67b3,within_subject,0.3.0.dev0,2026-09-10T20:11:45
Miller2019-motor_basic,jf,0,LogBandPower + LDA,balanced_accuracy,1.0,1,stratified_fallback,53,13,39,0.1475629806518554,ad4c2abc31c8,0d79a81a67b3,within_subject,0.3.0.dev0,2026-09-10T20:11:45
Miller2019-motor_basic,jf,0,LogBandPower + LogReg,kappa,1.0,1,stratified_fallback,53,13,39,0.1405880451202392,688f919f3ab0,0d79a81a67b3,within_subject,0.3.0.dev0,2026-09-10T20:11:45
Miller2019-motor_basic,jf,0,LogBandPower + LogReg,accuracy,1.0,1,stratified_fallback,53,13,39,0.1405880451202392,688f919f3ab0,0d79a81a67b3,within_subject,0.3.0.dev0,2026-09-10T20:11:45
Miller2019-motor_basic,jf,0,LogBandPower + LogReg,balanced_accuracy,1.0,1,stratified_fallback,53,13,39,0.1405880451202392,688f919f3ab0,0d79a81a67b3,within_subject,0.3.0.dev0,2026-09-10T20:11:45
Miller2019-motor_basic,jf,0,Riemann TS + LogReg,kappa,1.0,1,stratified_fallback,53,13,39,0.1871078014373779,b4736e60e22e,0d79a81a67b3,within_subject,0.3.0.dev0,2026-09-10T20:11:45
Miller2019-motor_basic,jf,0,Riemann TS + LogReg,accuracy,1.0,1,stratified_fallback,53,13,39,0.1871078014373779,b4736e60e22e,0d79a81a67b3,within_subject,0.3.0.dev0,2026-09-10T20:11:45
Miller2019-motor_basic,jf,0,Riemann TS + LogReg,balanced_accuracy,1.0,1,stratified_fallback,53,13,39,0.1871078014373779,b4736e60e22e,0d79a81a67b3,within_subject,0.3.0.dev0,2026-09-10T20:11:45
Miller2019-motor_basic,jf,0,HighGamma + LDA,kappa,1.0,2,stratified_fallback,53,13,39,0.1416318416595459,f0ad027786a9,0d79a81a67b3,within_subject,0.3.0.dev0,2026-09-10T20:11:45
Miller2019-motor_basic,jf,0,HighGamma + LDA,accuracy,1.0,2,stratified_fallback,53,13,39,0.1416318416595459,f0ad027786a9,0d79a81a67b3,within_subject,0.3.0.dev0,2026-09-10T20:11:45
Miller2019-motor_basic,jf,0,HighGamma + LDA,balanced_accuracy,1.0,2,stratified_fallback,53,13,39,0.1416318416595459,f0ad027786a9,0d79a81a67b3,within_subject,0.3.0.dev0,2026-09-10T20:11:45
Miller2019-motor_basic,jf,0,LogBandPower + LDA,kappa,1.0,2,stratified_fallback,53,13,39,0.1433229446411132,ad4c2abc31c8,0d79a81a67b3,within_subject,0.3.0.dev0,2026-09-10T20:11:45
Miller2019-motor_basic,jf,0,LogBandPower + LDA,accuracy,1.0,2,stratified_fallback,53,13,39,0.1433229446411132,ad4c2abc31c8,0d79a81a67b3,within_subject,0.3.0.dev0,2026-09-10T20:11:45
Miller2019-motor_basic,jf,0,LogBandPower + LDA,balanced_accuracy,1.0,2,stratified_fallback,53,13,39,0.1433229446411132,ad4c2abc31c8,0d79a81a67b3,within_subject,0.3.0.dev0,2026-09-10T20:11:45
Miller2019-motor_basic,jf,0,LogBandPower + LogReg,kappa,1.0,2,stratified_fallback,53,13,39,0.1394901275634765,688f919f3ab0,0d79a81a67b3,within_subject,0.3.0.dev0,2026-09-10T20:11:45
Miller2019-motor_basic,jf,0,LogBandPower + LogReg,accuracy,1.0,2,stratified_fallback,53,13,39,0.1394901275634765,688f919f3ab0,0d79a81a67b3,within_subject,0.3.0.dev0,2026-09-10T20:11:45
Miller2019-motor_basic,jf,0,LogBandPower + LogReg,balanced_accuracy,1.0,2,stratified_fallback,53,13,39,0.1394901275634765,688f919f3ab0,0d79a81a67b3,within_subject,0.3.0.dev0,2026-09-10T20:11:45
Miller2019-motor_basic,jf,0,Riemann TS + LogReg,kappa,1.0,2,stratified_fallback,53,13,39,0.1833517551422119,b4736e60e22e,0d79a81a67b3,within_subject,0.3.0.dev0,2026-09-10T20:11:45
Miller2019-motor_basic,jf,0,Riemann TS + LogReg,accuracy,1.0,2,stratified_fallback,53,13,39,0.1833517551422119,b4736e60e22e,0d79a81a67b3,within_subject,0.3.0.dev0,2026-09-10T20:11:45
Miller2019-motor_basic,jf,0,Riemann TS + LogReg,balanced_accuracy,1.0,2,stratified_fallback,53,13,39,0.1833517551422119,b4736e60e22e,0d79a81a67b3,within_subject,0.3.0.dev0,2026-09-10T20:11:45
Miller2019-motor_basic,jf,0,HighGamma + LDA,kappa,1.0,3,stratified_fallback,53,13,39,0.1381239891052246,f0ad027786a9,0d79a81a67b3,within_subject,0.3.0.dev0,2026-09-10T20:11:45
Miller2019-motor_basic,jf,0,HighGamma + LDA,accuracy,1.0,3,stratified_fallback,53,13,39,0.1381239891052246,f0ad027786a9,0d79a81a67b3,within_subject,0.3.0.dev0,2026-09-10T20:11:45
Miller2019-motor_basic,jf,0,HighGamma + LDA,balanced_accuracy,1.0,3,stratified_fallback,53,13,39,0.1381239891052246,f0ad027786a9,0d79a81a67b3,within_subject,0.3.0.dev0,2026-09-10T20:11:45
Miller2019-motor_basic,jf,0,LogBandPower + LDA,kappa,1.0,3,stratified_fallback,53,13,39,0.1938419342041015,ad4c2abc31c8,0d79a81a67b3,within_subject,0.3.0.dev0,2026-09-10T20:11:45
Miller2019-motor_basic,jf,0,LogBandPower + LDA,accuracy,1.0,3,stratified_fallback,53,13,39,0.1938419342041015,ad4c2abc31c8,0d79a81a67b3,within_subject,0.3.0.dev0,2026-09-10T20:11:45
Miller2019-motor_basic,jf,0,LogBandPower + LDA,balanced_accuracy,1.0,3,stratified_fallback,53,13,39,0.1938419342041015,ad4c2abc31c8,0d79a81a67b3,within_subject,0.3.0.dev0,2026-09-10T20:11:45
Miller2019-motor_basic,jf,0,LogBandPower + LogReg,kappa,1.0,3,stratified_fallback,53,13,39,0.1655192375183105,688f919f3ab0,0d79a81a67b3,within_subject,0.3.0.dev0,2026-09-10T20:11:45
Miller2019-motor_basic,jf,0,LogBandPower + LogReg,accuracy,1.0,3,stratified_fallback,53,13,39,0.1655192375183105,688f919f3ab0,0d79a81a67b3,within_subject,0.3.0.dev0,2026-09-10T20:11:45
Miller2019-motor_basic,jf,0,LogBandPower + LogReg,balanced_accuracy,1.0,3,stratified_fallback,53,13,39,0.1655192375183105,688f919f3ab0,0d79a81a67b3,within_subject,0.3.0.dev0,2026-09-10T20:11:45
Miller2019-motor_basic,jf,0,Riemann TS + LogReg,kappa,1.0,3,stratified_fallback,53,13,39,0.1799139976501464,b4736e60e22e,0d79a81a67b3,within_subject,0.3.0.dev0,2026-09-10T20:11:45
Miller2019-motor_basic,jf,0,Riemann TS + LogReg,accuracy,1.0,3,stratified_fallback,53,13,39,0.1799139976501464,b4736e60e22e,0d79a81a67b3,within_subject,0.3.0.dev0,2026-09-10T20:11:45
Miller2019-motor_basic,jf,0,Riemann TS + LogReg,balanced_accuracy,1.0,3,stratified_fallback,53,13,39,0.1799139976501464,b4736e60e22e,0d79a81a67b3,within_subject,0.3.0.dev0,2026-09-10T20:11:45
Miller2019-motor_basic,jf,0,HighGamma + LDA,kappa,1.0,4,stratified_fallback,53,13,39,0.1601150035858154,f0ad027786a9,0d79a81a67b3,within_subject,0.3.0.dev0,2026-09-10T20:11:45
Miller2019-motor_basic,jf,0,HighGamma + LDA,accuracy,1.0,4,stratified_fallback,53,13,39,0.1601150035858154,f0ad027786a9,0d79a81a67b3,within_subject,0.3.0.dev0,2026-09-10T20:11:45
Miller2019-motor_basic,jf,0,HighGamma + LDA,balanced_accuracy,1.0,4,stratified_fallback,53,13,39,0.1601150035858154,f0ad027786a9,0d79a81a67b3,within_subject,0.3.0.dev0,2026-09-10T20:11:45
Miller2019-motor_basic,jf,0,LogBandPower + LDA,kappa,1.0,4,stratified_fallback,53,13,39,0.1416668891906738,ad4c2abc31c8,0d79a81a67b3,within_subject,0.3.0.dev0,2026-09-10T20:11:45
Miller2019-motor_basic,jf,0,LogBandPower + LDA,accuracy,1.0,4,stratified_fallback,53,13,39,0.1416668891906738,ad4c2abc31c8,0d79a81a67b3,within_subject,0.3.0.dev0,2026-09-10T20:11:45
Miller2019-motor_basic,jf,0,LogBandPower + LDA,balanced_accuracy,1.0,4,stratified_fallback,53,13,39,0.1416668891906738,ad4c2abc31c8,0d79a81a67b3,within_subject,0.3.0.dev0,2026-09-10T20:11:45
Miller2019-motor_basic,jf,0,LogBandPower + LogReg,kappa,1.0,4,stratified_fallback,53,13,39,0.1464149951934814,688f919f3ab0,0d79a81a67b3,within_subject,0.3.0.dev0,2026-09-10T20:11:45
Miller2019-motor_basic,jf,0,LogBandPower + LogReg,accuracy,1.0,4,stratified_fallback,53,13,39,0.1464149951934814,688f919f3ab0,0d79a81a67b3,within_subject,0.3.0.dev0,2026-09-10T20:11:45
Miller2019-motor_basic,jf,0,LogBandPower + LogReg,balanced_accuracy,1.0,4,stratified_fallback,53,13,39,0.1464149951934814,688f919f3ab0,0d79a81a67b3,within_subject,0.3.0.dev0,2026-09-10T20:11:45
Miller2019-motor_basic,jf,0,Riemann TS + LogReg,kappa,1.0,4,stratified_fallback,53,13,39,0.1970918178558349,b4736e60e22e,0d79a81a67b3,within_subject,0.3.0.dev0,2026-09-10T20:11:45
Miller2019-motor_basic,jf,0,Riemann TS + LogReg,accuracy,1.0,4,stratified_fallback,53,13,39,0.1970918178558349,b4736e60e22e,0d79a81a67b3,within_subject,0.3.0.dev0,2026-09-10T20:11:45
Miller2019-motor_basic,jf,0,Riemann TS + LogReg,balanced_accuracy,1.0,4,stratified_fallback,53,13,39,0.1970918178558349,b4736e60e22e,0d79a81a67b3,within_subject,0.3.0.dev0,2026-09-10T20:11:45
Miller2019-motor_basic,jm,0,HighGamma + LDA,kappa,0.8235294117647058,0,chronological,48,12,63,0.3336911201477051,f0ad027786a9,0d79a81a67b3,within_subject,0.3.0.dev0,2026-09-10T20:11:53
Miller2019-motor_basic,jm,0,HighGamma + LDA,accuracy,0.9166666666666666,0,chronological,48,12,63,0.3336911201477051,f0ad027786a9,0d79a81a67b3,within_subject,0.3.0.dev0,2026-09-10T20:11:53
Miller2019-motor_basic,jm,0,HighGamma + LDA,balanced_accuracy,0.9375,0,chronological,48,12,63,0.3336911201477051,f0ad027786a9,0d79a81a67b3,within_subject,0.3.0.dev0,2026-09-10T20:11:53
Miller2019-motor_basic,jm,0,LogBandPower + LDA,kappa,0.8,0,chronological,48,12,63,0.2917499542236328,ad4c2abc31c8,0d79a81a67b3,within_subject,0.3.0.dev0,2026-09-10T20:11:53
Miller2019-motor_basic,jm,0,LogBandPower + LDA,accuracy,0.9166666666666666,0,chronological,48,12,63,0.2917499542236328,ad4c2abc31c8,0d79a81a67b3,within_subject,0.3.0.dev0,2026-09-10T20:11:53
Miller2019-motor_basic,jm,0,LogBandPower + LDA,balanced_accuracy,0.875,0,chronological,48,12,63,0.2917499542236328,ad4c2abc31c8,0d79a81a67b3,within_subject,0.3.0.dev0,2026-09-10T20:11:53
Miller2019-motor_basic,jm,0,LogBandPower + LogReg,kappa,0.5714285714285714,0,chronological,48,12,63,0.2758967876434326,688f919f3ab0,0d79a81a67b3,within_subject,0.3.0.dev0,2026-09-10T20:11:53
Miller2019-motor_basic,jm,0,LogBandPower + LogReg,accuracy,0.8333333333333334,0,chronological,48,12,63,0.2758967876434326,688f919f3ab0,0d79a81a67b3,within_subject,0.3.0.dev0,2026-09-10T20:11:53
Miller2019-motor_basic,jm,0,LogBandPower + LogReg,balanced_accuracy,0.75,0,chronological,48,12,63,0.2758967876434326,688f919f3ab0,0d79a81a67b3,within_subject,0.3.0.dev0,2026-09-10T20:11:53
Miller2019-motor_basic,jm,0,Riemann TS + LogReg,kappa,1.0,0,chronological,48,12,63,0.3976809978485107,b4736e60e22e,0d79a81a67b3,within_subject,0.3.0.dev0,2026-09-10T20:11:53
Miller2019-motor_basic,jm,0,Riemann TS + LogReg,accuracy,1.0,0,chronological,48,12,63,0.3976809978485107,b4736e60e22e,0d79a81a67b3,within_subject,0.3.0.dev0,2026-09-10T20:11:53
Miller2019-motor_basic,jm,0,Riemann TS + LogReg,balanced_accuracy,1.0,0,chronological,48,12,63,0.3976809978485107,b4736e60e22e,0d79a81a67b3,within_subject,0.3.0.dev0,2026-09-10T20:11:53
Miller2019-motor_basic,jm,0,HighGamma + LDA,kappa,0.8333333333333334,1,chronological,48,12,63,0.4838361740112304,f0ad027786a9,0d79a81a67b3,within_subject,0.3.0.dev0,2026-09-10T20:11:53
Miller2019-motor_basic,jm,0,HighGamma + LDA,accuracy,0.9166666666666666,1,chronological,48,12,63,0.4838361740112304,f0ad027786a9,0d79a81a67b3,within_subject,0.3.0.dev0,2026-09-10T20:11:53
Miller2019-motor_basic,jm,0,HighGamma + LDA,balanced_accuracy,0.9285714285714286,1,chronological,48,12,63,0.4838361740112304,f0ad027786a9,0d79a81a67b3,within_subject,0.3.0.dev0,2026-09-10T20:11:53
Miller2019-motor_basic,jm,0,LogBandPower + LDA,kappa,0.3846153846153846,1,chronological,48,12,63,0.2982051372528076,ad4c2abc31c8,0d79a81a67b3,within_subject,0.3.0.dev0,2026-09-10T20:11:53
Miller2019-motor_basic,jm,0,LogBandPower + LDA,accuracy,0.6666666666666666,1,chronological,48,12,63,0.2982051372528076,ad4c2abc31c8,0d79a81a67b3,within_subject,0.3.0.dev0,2026-09-10T20:11:53
Miller2019-motor_basic,jm,0,LogBandPower + LDA,balanced_accuracy,0.7142857142857143,1,chronological,48,12,63,0.2982051372528076,ad4c2abc31c8,0d79a81a67b3,within_subject,0.3.0.dev0,2026-09-10T20:11:53
Miller2019-motor_basic,jm,0,LogBandPower + LogReg,kappa,0.3846153846153846,1,chronological,48,12,63,0.2899680137634277,688f919f3ab0,0d79a81a67b3,within_subject,0.3.0.dev0,2026-09-10T20:11:53
Miller2019-motor_basic,jm,0,LogBandPower + LogReg,accuracy,0.6666666666666666,1,chronological,48,12,63,0.2899680137634277,688f919f3ab0,0d79a81a67b3,within_subject,0.3.0.dev0,2026-09-10T20:11:53
Miller2019-motor_basic,jm,0,LogBandPower + LogReg,balanced_accuracy,0.7142857142857143,1,chronological,48,12,63,0.2899680137634277,688f919f3ab0,0d79a81a67b3,within_subject,0.3.0.dev0,2026-09-10T20:11:53
Miller2019-motor_basic,jm,0,Riemann TS + LogReg,kappa,0.3513513513513513,1,chronological,48,12,63,0.3814249038696289,b4736e60e22e,0d79a81a67b3,within_subject,0.3.0.dev0,2026-09-10T20:11:53
Miller2019-motor_basic,jm,0,Riemann TS + LogReg,accuracy,0.6666666666666666,1,chronological,48,12,63,0.3814249038696289,b4736e60e22e,0d79a81a67b3,within_subject,0.3.0.dev0,2026-09-10T20:11:53
Miller2019-motor_basic,jm,0,Riemann TS + LogReg,balanced_accuracy,0.6857142857142857,1,chronological,48,12,63,0.3814249038696289,b4736e60e22e,0d79a81a67b3,within_subject,0.3.0.dev0,2026-09-10T20:11:53
Miller2019-motor_basic,jm,0,HighGamma + LDA,kappa,1.0,2,chronological,48,12,63,0.4377522468566894,f0ad027786a9,0d79a81a67b3,within_subject,0.3.0.dev0,2026-09-10T20:11:53
Miller2019-motor_basic,jm,0,HighGamma + LDA,accuracy,1.0,2,chronological,48,12,63,0.4377522468566894,f0ad027786a9,0d79a81a67b3,within_subject,0.3.0.dev0,2026-09-10T20:11:53
Miller2019-motor_basic,jm,0,HighGamma + LDA,balanced_accuracy,1.0,2,chronological,48,12,63,0.4377522468566894,f0ad027786a9,0d79a81a67b3,within_subject,0.3.0.dev0,2026-09-10T20:11:53
Miller2019-motor_basic,jm,0,LogBandPower + LDA,kappa,1.0,2,chronological,48,12,63,0.2698621749877929,ad4c2abc31c8,0d79a81a67b3,within_subject,0.3.0.dev0,2026-09-10T20:11:53
Miller2019-motor_basic,jm,0,LogBandPower + LDA,accuracy,1.0,2,chronological,48,12,63,0.2698621749877929,ad4c2abc31c8,0d79a81a67b3,within_subject,0.3.0.dev0,2026-09-10T20:11:53
Miller2019-motor_basic,jm,0,LogBandPower + LDA,balanced_accuracy,1.0,2,chronological,48,12,63,0.2698621749877929,ad4c2abc31c8,0d79a81a67b3,within_subject,0.3.0.dev0,2026-09-10T20:11:53
Miller2019-motor_basic,jm,0,LogBandPower + LogReg,kappa,1.0,2,chronological,48,12,63,0.2921490669250488,688f919f3ab0,0d79a81a67b3,within_subject,0.3.0.dev0,2026-09-10T20:11:53
Miller2019-motor_basic,jm,0,LogBandPower + LogReg,accuracy,1.0,2,chronological,48,12,63,0.2921490669250488,688f919f3ab0,0d79a81a67b3,within_subject,0.3.0.dev0,2026-09-10T20:11:53
Miller2019-motor_basic,jm,0,LogBandPower + LogReg,balanced_accuracy,1.0,2,chronological,48,12,63,0.2921490669250488,688f919f3ab0,0d79a81a67b3,within_subject,0.3.0.dev0,2026-09-10T20:11:53
Miller2019-motor_basic,jm,0,Riemann TS + LogReg,kappa,0.2857142857142857,2,chronological,48,12,63,0.3460900783538818,b4736e60e22e,0d79a81a67b3,within_subject,0.3.0.dev0,2026-09-10T20:11:53
Miller2019-motor_basic,jm,0,Riemann TS + LogReg,accuracy,0.5833333333333334,2,chronological,48,12,63,0.3460900783538818,b4736e60e22e,0d79a81a67b3,within_subject,0.3.0.dev0,2026-09-10T20:11:53
Miller2019-motor_basic,jm,0,Riemann TS + LogReg,balanced_accuracy,0.6875,2,chronological,48,12,63,0.3460900783538818,b4736e60e22e,0d79a81a67b3,within_subject,0.3.0.dev0,2026-09-10T20:11:53
Miller2019-motor_basic,jm,0,HighGamma + LDA,kappa,0.8333333333333334,3,chronological,48,12,63,0.3523459434509277,f0ad027786a9,0d79a81a67b3,within_subject,0.3.0.dev0,2026-09-10T20:11:53
Miller2019-motor_basic,jm,0,HighGamma + LDA,accuracy,0.9166666666666666,3,chronological,48,12,63,0.3523459434509277,f0ad027786a9,0d79a81a67b3,within_subject,0.3.0.dev0,2026-09-10T20:11:53
Miller2019-motor_basic,jm,0,HighGamma + LDA,balanced_accuracy,0.9285714285714286,3,chronological,48,12,63,0.3523459434509277,f0ad027786a9,0d79a81a67b3,within_subject,0.3.0.dev0,2026-09-10T20:11:53
Miller2019-motor_basic,jm,0,LogBandPower + LDA,kappa,0.8333333333333334,3,chronological,48,12,63,0.3020238876342773,ad4c2abc31c8,0d79a81a67b3,within_subject,0.3.0.dev0,2026-09-10T20:11:53
Miller2019-motor_basic,jm,0,LogBandPower + LDA,accuracy,0.9166666666666666,3,chronological,48,12,63,0.3020238876342773,ad4c2abc31c8,0d79a81a67b3,within_subject,0.3.0.dev0,2026-09-10T20:11:53
Miller2019-motor_basic,jm,0,LogBandPower + LDA,balanced_accuracy,0.9285714285714286,3,chronological,48,12,63,0.3020238876342773,ad4c2abc31c8,0d79a81a67b3,within_subject,0.3.0.dev0,2026-09-10T20:11:53
Miller2019-motor_basic,jm,0,LogBandPower + LogReg,kappa,0.6571428571428571,3,chronological,48,12,63,0.3017890453338623,688f919f3ab0,0d79a81a67b3,within_subject,0.3.0.dev0,2026-09-10T20:11:53
Miller2019-motor_basic,jm,0,LogBandPower + LogReg,accuracy,0.8333333333333334,3,chronological,48,12,63,0.3017890453338623,688f919f3ab0,0d79a81a67b3,within_subject,0.3.0.dev0,2026-09-10T20:11:53
Miller2019-motor_basic,jm,0,LogBandPower + LogReg,balanced_accuracy,0.8285714285714285,3,chronological,48,12,63,0.3017890453338623,688f919f3ab0,0d79a81a67b3,within_subject,0.3.0.dev0,2026-09-10T20:11:53
Miller2019-motor_basic,jm,0,Riemann TS + LogReg,kappa,0.3846153846153846,3,chronological,48,12,63,0.366800308227539,b4736e60e22e,0d79a81a67b3,within_subject,0.3.0.dev0,2026-09-10T20:11:53
Miller2019-motor_basic,jm,0,Riemann TS + LogReg,accuracy,0.6666666666666666,3,chronological,48,12,63,0.366800308227539,b4736e60e22e,0d79a81a67b3,within_subject,0.3.0.dev0,2026-09-10T20:11:53
Miller2019-motor_basic,jm,0,Riemann TS + LogReg,balanced_accuracy,0.7142857142857143,3,chronological,48,12,63,0.366800308227539,b4736e60e22e,0d79a81a67b3,within_subject,0.3.0.dev0,2026-09-10T20:11:53
Miller2019-motor_basic,jm,0,HighGamma + LDA,kappa,0.625,4,chronological,48,12,63,0.4383590221405029,f0ad027786a9,0d79a81a67b3,within_subject,0.3.0.dev0,2026-09-10T20:11:53
Miller2019-motor_basic,jm,0,HighGamma + LDA,accuracy,0.8333333333333334,4,chronological,48,12,63,0.4383590221405029,f0ad027786a9,0d79a81a67b3,within_subject,0.3.0.dev0,2026-09-10T20:11:53
Miller2019-motor_basic,jm,0,HighGamma + LDA,balanced_accuracy,0.8125,4,chronological,48,12,63,0.4383590221405029,f0ad027786a9,0d79a81a67b3,within_subject,0.3.0.dev0,2026-09-10T20:11:53
Miller2019-motor_basic,jm,0,LogBandPower + LDA,kappa,0.625,4,chronological,48,12,63,0.275191068649292,ad4c2abc31c8,0d79a81a67b3,within_subject,0.3.0.dev0,2026-09-10T20:11:53
Miller2019-motor_basic,jm,0,LogBandPower + LDA,accuracy,0.8333333333333334,4,chronological,48,12,63,0.275191068649292,ad4c2abc31c8,0d79a81a67b3,within_subject,0.3.0.dev0,2026-09-10T20:11:53
Miller2019-motor_basic,jm,0,LogBandPower + LDA,balanced_accuracy,0.8125,4,chronological,48,12,63,0.275191068649292,ad4c2abc31c8,0d79a81a67b3,within_subject,0.3.0.dev0,2026-09-10T20:11:53
Miller2019-motor_basic,jm,0,LogBandPower + LogReg,kappa,0.6666666666666667,4,chronological,48,12,63,0.268049955368042,688f919f3ab0,0d79a81a67b3,within_subject,0.3.0.dev0,2026-09-10T20:11:53
Miller2019-motor_basic,jm,0,LogBandPower + LogReg,accuracy,0.8333333333333334,4,chronological,48,12,63,0.268049955368042,688f919f3ab0,0d79a81a67b3,within_subject,0.3.0.dev0,2026-09-10T20:11:53
Miller2019-motor_basic,jm,0,LogBandPower + LogReg,balanced_accuracy,0.875,4,chronological,48,12,63,0.268049955368042,688f919f3ab0,0d79a81a67b3,within_subject,0.3.0.dev0,2026-09-10T20:11:53
Miller2019-motor_basic,jm,0,Riemann TS + LogReg,kappa,0.625,4,chronological,48,12,63,0.3621630668640136,b4736e60e22e,0d79a81a67b3,within_subject,0.3.0.dev0,2026-09-10T20:11:53
Miller2019-motor_basic,jm,0,Riemann TS + LogReg,accuracy,0.8333333333333334,4,chronological,48,12,63,0.3621630668640136,b4736e60e22e,0d79a81a67b3,within_subject,0.3.0.dev0,2026-09-10T20:11:53
Miller2019-motor_basic,jm,0,Riemann TS + LogReg,balanced_accuracy,0.8125,4,chronological,48,12,63,0.3621630668640136,b4736e60e22e,0d79a81a67b3,within_subject,0.3.0.dev0,2026-09-10T20:11:53
Miller2019-motor_basic,jp,0,HighGamma + LDA,kappa,0.4615384615384615,0,chronological,31,7,58,0.2372128963470459,f0ad027786a9,0d79a81a67b3,within_subject,0.3.0.dev0,2026-09-10T20:11:58
Miller2019-motor_basic,jp,0,HighGamma + LDA,accuracy,0.7142857142857143,0,chronological,31,7,58,0.2372128963470459,f0ad027786a9,0d79a81a67b3,within_subject,0.3.0.dev0,2026-09-10T20:11:58
Miller2019-motor_basic,jp,0,HighGamma + LDA,balanced_accuracy,0.8,0,chronological,31,7,58,0.2372128963470459,f0ad027786a9,0d79a81a67b3,within_subject,0.3.0.dev0,2026-09-10T20:11:58
Miller2019-motor_basic,jp,0,LogBandPower + LDA,kappa,1.0,0,chronological,31,7,58,0.1233479976654052,ad4c2abc31c8,0d79a81a67b3,within_subject,0.3.0.dev0,2026-09-10T20:11:58
Miller2019-motor_basic,jp,0,LogBandPower + LDA,accuracy,1.0,0,chronological,31,7,58,0.1233479976654052,ad4c2abc31c8,0d79a81a67b3,within_subject,0.3.0.dev0,2026-09-10T20:11:58
Miller2019-motor_basic,jp,0,LogBandPower + LDA,balanced_accuracy,1.0,0,chronological,31,7,58,0.1233479976654052,ad4c2abc31c8,0d79a81a67b3,within_subject,0.3.0.dev0,2026-09-10T20:11:58
Miller2019-motor_basic,jp,0,LogBandPower + LogReg,kappa,1.0,0,chronological,31,7,58,0.1176259517669677,688f919f3ab0,0d79a81a67b3,within_subject,0.3.0.dev0,2026-09-10T20:11:58
Miller2019-motor_basic,jp,0,LogBandPower + LogReg,accuracy,1.0,0,chronological,31,7,58,0.1176259517669677,688f919f3ab0,0d79a81a67b3,within_subject,0.3.0.dev0,2026-09-10T20:11:58
Miller2019-motor_basic,jp,0,LogBandPower + LogReg,balanced_accuracy,1.0,0,chronological,31,7,58,0.1176259517669677,688f919f3ab0,0d79a81a67b3,within_subject,0.3.0.dev0,2026-09-10T20:11:58
Miller2019-motor_basic,jp,0,Riemann TS + LogReg,kappa,1.0,0,chronological,31,7,58,0.2153351306915283,b4736e60e22e,0d79a81a67b3,within_subject,0.3.0.dev0,2026-09-10T20:11:58
Miller2019-motor_basic,jp,0,Riemann TS + LogReg,accuracy,1.0,0,chronological,31,7,58,0.2153351306915283,b4736e60e22e,0d79a81a67b3,within_subject,0.3.0.dev0,2026-09-10T20:11:58
Miller2019-motor_basic,jp,0,Riemann TS + LogReg,balanced_accuracy,1.0,0,chronological,31,7,58,0.2153351306915283,b4736e60e22e,0d79a81a67b3,within_subject,0.3.0.dev0,2026-09-10T20:11:58
Miller2019-motor_basic,jp,0,HighGamma + LDA,kappa,0.5,1,chronological,30,8,58,0.1283950805664062,f0ad027786a9,0d79a81a67b3,within_subject,0.3.0.dev0,2026-09-10T20:11:58
Miller2019-motor_basic,jp,0,HighGamma + LDA,accuracy,0.75,1,chronological,30,8,58,0.1283950805664062,f0ad027786a9,0d79a81a67b3,within_subject,0.3.0.dev0,2026-09-10T20:11:58
Miller2019-motor_basic,jp,0,HighGamma + LDA,balanced_accuracy,0.75,1,chronological,30,8,58,0.1283950805664062,f0ad027786a9,0d79a81a67b3,within_subject,0.3.0.dev0,2026-09-10T20:11:58
Miller2019-motor_basic,jp,0,LogBandPower + LDA,kappa,1.0,1,chronological,30,8,58,0.1234402656555175,ad4c2abc31c8,0d79a81a67b3,within_subject,0.3.0.dev0,2026-09-10T20:11:58
Miller2019-motor_basic,jp,0,LogBandPower + LDA,accuracy,1.0,1,chronological,30,8,58,0.1234402656555175,ad4c2abc31c8,0d79a81a67b3,within_subject,0.3.0.dev0,2026-09-10T20:11:58
Miller2019-motor_basic,jp,0,LogBandPower + LDA,balanced_accuracy,1.0,1,chronological,30,8,58,0.1234402656555175,ad4c2abc31c8,0d79a81a67b3,within_subject,0.3.0.dev0,2026-09-10T20:11:58
Miller2019-motor_basic,jp,0,LogBandPower + LogReg,kappa,1.0,1,chronological,30,8,58,0.1155261993408203,688f919f3ab0,0d79a81a67b3,within_subject,0.3.0.dev0,2026-09-10T20:11:58
Miller2019-motor_basic,jp,0,LogBandPower + LogReg,accuracy,1.0,1,chronological,30,8,58,0.1155261993408203,688f919f3ab0,0d79a81a67b3,within_subject,0.3.0.dev0,2026-09-10T20:11:58
Miller2019-motor_basic,jp,0,LogBandPower + LogReg,balanced_accuracy,1.0,1,chronological,30,8,58,0.1155261993408203,688f919f3ab0,0d79a81a67b3,within_subject,0.3.0.dev0,2026-09-10T20:11:58
Miller2019-motor_basic,jp,0,Riemann TS + LogReg,kappa,1.0,1,chronological,30,8,58,0.2087199687957763,b4736e60e22e,0d79a81a67b3,within_subject,0.3.0.dev0,2026-09-10T20:11:58
Miller2019-motor_basic,jp,0,Riemann TS + LogReg,accuracy,1.0,1,chronological,30,8,58,0.2087199687957763,b4736e60e22e,0d79a81a67b3,within_subject,0.3.0.dev0,2026-09-10T20:11:58
Miller2019-motor_basic,jp,0,Riemann TS + LogReg,balanced_accuracy,1.0,1,chronological,30,8,58,0.2087199687957763,b4736e60e22e,0d79a81a67b3,within_subject,0.3.0.dev0,2026-09-10T20:11:58
Miller2019-motor_basic,jp,0,HighGamma + LDA,kappa,0.2758620689655173,2,chronological,31,7,58,0.1273398399353027,f0ad027786a9,0d79a81a67b3,within_subject,0.3.0.dev0,2026-09-10T20:11:58
Miller2019-motor_basic,jp,0,HighGamma + LDA,accuracy,0.5714285714285714,2,chronological,31,7,58,0.1273398399353027,f0ad027786a9,0d79a81a67b3,within_subject,0.3.0.dev0,2026-09-10T20:11:58
Miller2019-motor_basic,jp,0,HighGamma + LDA,balanced_accuracy,0.7,2,chronological,31,7,58,0.1273398399353027,f0ad027786a9,0d79a81a67b3,within_subject,0.3.0.dev0,2026-09-10T20:11:58
Miller2019-motor_basic,jp,0,LogBandPower + LDA,kappa,1.0,2,chronological,31,7,58,0.1289048194885254,ad4c2abc31c8,0d79a81a67b3,within_subject,0.3.0.dev0,2026-09-10T20:11:58
Miller2019-motor_basic,jp,0,LogBandPower + LDA,accuracy,1.0,2,chronological,31,7,58,0.1289048194885254,ad4c2abc31c8,0d79a81a67b3,within_subject,0.3.0.dev0,2026-09-10T20:11:58
Miller2019-motor_basic,jp,0,LogBandPower + LDA,balanced_accuracy,1.0,2,chronological,31,7,58,0.1289048194885254,ad4c2abc31c8,0d79a81a67b3,within_subject,0.3.0.dev0,2026-09-10T20:11:58
Miller2019-motor_basic,jp,0,LogBandPower + LogReg,kappa,1.0,2,chronological,31,7,58,0.1153500080108642,688f919f3ab0,0d79a81a67b3,within_subject,0.3.0.dev0,2026-09-10T20:11:58
Miller2019-motor_basic,jp,0,LogBandPower + LogReg,accuracy,1.0,2,chronological,31,7,58,0.1153500080108642,688f919f3ab0,0d79a81a67b3,within_subject,0.3.0.dev0,2026-09-10T20:11:58
Miller2019-motor_basic,jp,0,LogBandPower + LogReg,balanced_accuracy,1.0,2,chronological,31,7,58,0.1153500080108642,688f919f3ab0,0d79a81a67b3,within_subject,0.3.0.dev0,2026-09-10T20:11:58
Miller2019-motor_basic,jp,0,Riemann TS + LogReg,kappa,1.0,2,chronological,31,7,58,0.2033860683441162,b4736e60e22e,0d79a81a67b3,within_subject,0.3.0.dev0,2026-09-10T20:11:58
Miller2019-motor_basic,jp,0,Riemann TS + LogReg,accuracy,1.0,2,chronological,31,7,58,0.2033860683441162,b4736e60e22e,0d79a81a67b3,within_subject,0.3.0.dev0,2026-09-10T20:11:58
Miller2019-motor_basic,jp,0,Riemann TS + LogReg,balanced_accuracy,1.0,2,chronological,31,7,58,0.2033860683441162,b4736e60e22e,0d79a81a67b3,within_subject,0.3.0.dev0,2026-09-10T20:11:58
Miller2019-motor_basic,jp,0,HighGamma + LDA,kappa,0.7142857142857143,3,chronological,30,8,58,0.1382279396057129,f0ad027786a9,0d79a81a67b3,within_subject,0.3.0.dev0,2026-09-10T20:11:58
Miller2019-motor_basic,jp,0,HighGamma + LDA,accuracy,0.875,3,chronological,30,8,58,0.1382279396057129,f0ad027786a9,0d79a81a67b3,within_subject,0.3.0.dev0,2026-09-10T20:11:58
Miller2019-motor_basic,jp,0,HighGamma + LDA,balanced_accuracy,0.9166666666666669,3,chronological,30,8,58,0.1382279396057129,f0ad027786a9,0d79a81a67b3,within_subject,0.3.0.dev0,2026-09-10T20:11:58
Miller2019-motor_basic,jp,0,LogBandPower + LDA,kappa,1.0,3,chronological,30,8,58,0.1236641407012939,ad4c2abc31c8,0d79a81a67b3,within_subject,0.3.0.dev0,2026-09-10T20:11:58
Miller2019-motor_basic,jp,0,LogBandPower + LDA,accuracy,1.0,3,chronological,30,8,58,0.1236641407012939,ad4c2abc31c8,0d79a81a67b3,within_subject,0.3.0.dev0,2026-09-10T20:11:58
Miller2019-motor_basic,jp,0,LogBandPower + LDA,balanced_accuracy,1.0,3,chronological,30,8,58,0.1236641407012939,ad4c2abc31c8,0d79a81a67b3,within_subject,0.3.0.dev0,2026-09-10T20:11:58
Miller2019-motor_basic,jp,0,LogBandPower + LogReg,kappa,1.0,3,chronological,30,8,58,0.1217489242553711,688f919f3ab0,0d79a81a67b3,within_subject,0.3.0.dev0,2026-09-10T20:11:58
Miller2019-motor_basic,jp,0,LogBandPower + LogReg,accuracy,1.0,3,chronological,30,8,58,0.1217489242553711,688f919f3ab0,0d79a81a67b3,within_subject,0.3.0.dev0,2026-09-10T20:11:58
Miller2019-motor_basic,jp,0,LogBandPower + LogReg,balanced_accuracy,1.0,3,chronological,30,8,58,0.1217489242553711,688f919f3ab0,0d79a81a67b3,within_subject,0.3.0.dev0,2026-09-10T20:11:58
Miller2019-motor_basic,jp,0,Riemann TS + LogReg,kappa,1.0,3,chronological,30,8,58,0.217458963394165,b4736e60e22e,0d79a81a67b3,within_subject,0.3.0.dev0,2026-09-10T20:11:58
Miller2019-motor_basic,jp,0,Riemann TS + LogReg,accuracy,1.0,3,chronological,30,8,58,0.217458963394165,b4736e60e22e,0d79a81a67b3,within_subject,0.3.0.dev0,2026-09-10T20:11:58
Miller2019-motor_basic,jp,0,Riemann TS + LogReg,balanced_accuracy,1.0,3,chronological,30,8,58,0.217458963394165,b4736e60e22e,0d79a81a67b3,within_subject,0.3.0.dev0,2026-09-10T20:11:58
Miller2019-motor_basic,jp,0,HighGamma + LDA,kappa,0.0588235294117647,4,chronological,30,8,58,0.1225993633270263,f0ad027786a9,0d79a81a67b3,within_subject,0.3.0.dev0,2026-09-10T20:11:58
Miller2019-motor_basic,jp,0,HighGamma + LDA,accuracy,0.5,4,chronological,30,8,58,0.1225993633270263,f0ad027786a9,0d79a81a67b3,within_subject,0.3.0.dev0,2026-09-10T20:11:58
Miller2019-motor_basic,jp,0,HighGamma + LDA,balanced_accuracy,0.5333333333333333,4,chronological,30,8,58,0.1225993633270263,f0ad027786a9,0d79a81a67b3,within_subject,0.3.0.dev0,2026-09-10T20:11:58
Miller2019-motor_basic,jp,0,LogBandPower + LDA,kappa,1.0,4,chronological,30,8,58,0.1344649791717529,ad4c2abc31c8,0d79a81a67b3,within_subject,0.3.0.dev0,2026-09-10T20:11:58
Miller2019-motor_basic,jp,0,LogBandPower + LDA,accuracy,1.0,4,chronological,30,8,58,0.1344649791717529,ad4c2abc31c8,0d79a81a67b3,within_subject,0.3.0.dev0,2026-09-10T20:11:58
Miller2019-motor_basic,jp,0,LogBandPower + LDA,balanced_accuracy,1.0,4,chronological,30,8,58,0.1344649791717529,ad4c2abc31c8,0d79a81a67b3,within_subject,0.3.0.dev0,2026-09-10T20:11:58
Miller2019-motor_basic,jp,0,LogBandPower + LogReg,kappa,1.0,4,chronological,30,8,58,0.1408042907714843,688f919f3ab0,0d79a81a67b3,within_subject,0.3.0.dev0,2026-09-10T20:11:58
Miller2019-motor_basic,jp,0,LogBandPower + LogReg,accuracy,1.0,4,chronological,30,8,58,0.1408042907714843,688f919f3ab0,0d79a81a67b3,within_subject,0.3.0.dev0,2026-09-10T20:11:58
Miller2019-motor_basic,jp,0,LogBandPower + LogReg,balanced_accuracy,1.0,4,chronological,30,8,58,0.1408042907714843,688f919f3ab0,0d79a81a67b3,within_subject,0.3.0.dev0,2026-09-10T20:11:58
Miller2019-motor_basic,jp,0,Riemann TS + LogReg,kappa,1.0,4,chronological,30,8,58,0.2338311672210693,b4736e60e22e,0d79a81a67b3,within_subject,0.3.0.dev0,2026-09-10T20:11:58
Miller2019-motor_basic,jp,0,Riemann TS + LogReg,accuracy,1.0,4,chronological,30,8,58,0.2338311672210693,b4736e60e22e,0d79a81a67b3,within_subject,0.3.0.dev0,2026-09-10T20:11:58
Miller2019-motor_basic,jp,0,Riemann TS + LogReg,balanced_accuracy,1.0,4,chronological,30,8,58,0.2338311672210693,b4736e60e22e,0d79a81a67b3,within_subject,0.3.0.dev0,2026-09-10T20:11:58
Miller2019-motor_basic,jt,0,HighGamma + LDA,kappa,0.8235294117647058,0,chronological,48,12,62,0.4957129955291748,f0ad027786a9,0d79a81a67b3,within_subject,0.3.0.dev0,2026-09-10T20:12:07
Miller2019-motor_basic,jt,0,HighGamma + LDA,accuracy,0.9166666666666666,0,chronological,48,12,62,0.4957129955291748,f0ad027786a9,0d79a81a67b3,within_subject,0.3.0.dev0,2026-09-10T20:12:07
Miller2019-motor_basic,jt,0,HighGamma + LDA,balanced_accuracy,0.9375,0,chronological,48,12,62,0.4957129955291748,f0ad027786a9,0d79a81a67b3,within_subject,0.3.0.dev0,2026-09-10T20:12:07
Miller2019-motor_basic,jt,0,LogBandPower + LDA,kappa,0.8,0,chronological,48,12,62,0.240610122680664,ad4c2abc31c8,0d79a81a67b3,within_subject,0.3.0.dev0,2026-09-10T20:12:07
Miller2019-motor_basic,jt,0,LogBandPower + LDA,accuracy,0.9166666666666666,0,chronological,48,12,62,0.240610122680664,ad4c2abc31c8,0d79a81a67b3,within_subject,0.3.0.dev0,2026-09-10T20:12:07
Miller2019-motor_basic,jt,0,LogBandPower + LDA,balanced_accuracy,0.875,0,chronological,48,12,62,0.240610122680664,ad4c2abc31c8,0d79a81a67b3,within_subject,0.3.0.dev0,2026-09-10T20:12:07
Miller2019-motor_basic,jt,0,LogBandPower + LogReg,kappa,1.0,0,chronological,48,12,62,0.2710127830505371,688f919f3ab0,0d79a81a67b3,within_subject,0.3.0.dev0,2026-09-10T20:12:07
Miller2019-motor_basic,jt,0,LogBandPower + LogReg,accuracy,1.0,0,chronological,48,12,62,0.2710127830505371,688f919f3ab0,0d79a81a67b3,within_subject,0.3.0.dev0,2026-09-10T20:12:07
Miller2019-motor_basic,jt,0,LogBandPower + LogReg,balanced_accuracy,1.0,0,chronological,48,12,62,0.2710127830505371,688f919f3ab0,0d79a81a67b3,within_subject,0.3.0.dev0,2026-09-10T20:12:07
Miller2019-motor_basic,jt,0,Riemann TS + LogReg,kappa,0.3999999999999999,0,chronological,48,12,62,0.4264187812805176,b4736e60e22e,0d79a81a67b3,within_subject,0.3.0.dev0,2026-09-10T20:12:07
Miller2019-motor_basic,jt,0,Riemann TS + LogReg,accuracy,0.6666666666666666,0,chronological,48,12,62,0.4264187812805176,b4736e60e22e,0d79a81a67b3,within_subject,0.3.0.dev0,2026-09-10T20:12:07
Miller2019-motor_basic,jt,0,Riemann TS + LogReg,balanced_accuracy,0.75,0,chronological,48,12,62,0.4264187812805176,b4736e60e22e,0d79a81a67b3,within_subject,0.3.0.dev0,2026-09-10T20:12:07
Miller2019-motor_basic,jt,0,HighGamma + LDA,kappa,1.0,1,chronological,48,12,62,0.4135441780090332,f0ad027786a9,0d79a81a67b3,within_subject,0.3.0.dev0,2026-09-10T20:12:07
Miller2019-motor_basic,jt,0,HighGamma + LDA,accuracy,1.0,1,chronological,48,12,62,0.4135441780090332,f0ad027786a9,0d79a81a67b3,within_subject,0.3.0.dev0,2026-09-10T20:12:07
Miller2019-motor_basic,jt,0,HighGamma + LDA,balanced_accuracy,1.0,1,chronological,48,12,62,0.4135441780090332,f0ad027786a9,0d79a81a67b3,within_subject,0.3.0.dev0,2026-09-10T20:12:07
Miller2019-motor_basic,jt,0,LogBandPower + LDA,kappa,1.0,1,chronological,48,12,62,0.3754003047943115,ad4c2abc31c8,0d79a81a67b3,within_subject,0.3.0.dev0,2026-09-10T20:12:07
Miller2019-motor_basic,jt,0,LogBandPower + LDA,accuracy,1.0,1,chronological,48,12,62,0.3754003047943115,ad4c2abc31c8,0d79a81a67b3,within_subject,0.3.0.dev0,2026-09-10T20:12:07
Miller2019-motor_basic,jt,0,LogBandPower + LDA,balanced_accuracy,1.0,1,chronological,48,12,62,0.3754003047943115,ad4c2abc31c8,0d79a81a67b3,within_subject,0.3.0.dev0,2026-09-10T20:12:07
Miller2019-motor_basic,jt,0,LogBandPower + LogReg,kappa,1.0,1,chronological,48,12,62,0.2712838649749756,688f919f3ab0,0d79a81a67b3,within_subject,0.3.0.dev0,2026-09-10T20:12:07
Miller2019-motor_basic,jt,0,LogBandPower + LogReg,accuracy,1.0,1,chronological,48,12,62,0.2712838649749756,688f919f3ab0,0d79a81a67b3,within_subject,0.3.0.dev0,2026-09-10T20:12:07
Miller2019-motor_basic,jt,0,LogBandPower + LogReg,balanced_accuracy,1.0,1,chronological,48,12,62,0.2712838649749756,688f919f3ab0,0d79a81a67b3,within_subject,0.3.0.dev0,2026-09-10T20:12:07
Miller2019-motor_basic,jt,0,Riemann TS + LogReg,kappa,0.5263157894736843,1,chronological,48,12,62,0.4583640098571777,b4736e60e22e,0d79a81a67b3,within_subject,0.3.0.dev0,2026-09-10T20:12:07
Miller2019-motor_basic,jt,0,Riemann TS + LogReg,accuracy,0.75,1,chronological,48,12,62,0.4583640098571777,b4736e60e22e,0d79a81a67b3,within_subject,0.3.0.dev0,2026-09-10T20:12:07
Miller2019-motor_basic,jt,0,Riemann TS + LogReg,balanced_accuracy,0.7857142857142857,1,chronological,48,12,62,0.4583640098571777,b4736e60e22e,0d79a81a67b3,within_subject,0.3.0.dev0,2026-09-10T20:12:07
Miller2019-motor_basic,jt,0,HighGamma + LDA,kappa,0.8235294117647058,2,chronological,48,12,62,0.5435299873352051,f0ad027786a9,0d79a81a67b3,within_subject,0.3.0.dev0,2026-09-10T20:12:07
Miller2019-motor_basic,jt,0,HighGamma + LDA,accuracy,0.9166666666666666,2,chronological,48,12,62,0.5435299873352051,f0ad027786a9,0d79a81a67b3,within_subject,0.3.0.dev0,2026-09-10T20:12:07
Miller2019-motor_basic,jt,0,HighGamma + LDA,balanced_accuracy,0.9375,2,chronological,48,12,62,0.5435299873352051,f0ad027786a9,0d79a81a67b3,within_subject,0.3.0.dev0,2026-09-10T20:12:07
Miller2019-motor_basic,jt,0,LogBandPower + LDA,kappa,0.6666666666666667,2,chronological,48,12,62,0.2784597873687744,ad4c2abc31c8,0d79a81a67b3,within_subject,0.3.0.dev0,2026-09-10T20:12:07
Miller2019-motor_basic,jt,0,LogBandPower + LDA,accuracy,0.8333333333333334,2,chronological,48,12,62,0.2784597873687744,ad4c2abc31c8,0d79a81a67b3,within_subject,0.3.0.dev0,2026-09-10T20:12:07
Miller2019-motor_basic,jt,0,LogBandPower + LDA,balanced_accuracy,0.875,2,chronological,48,12,62,0.2784597873687744,ad4c2abc31c8,0d79a81a67b3,within_subject,0.3.0.dev0,2026-09-10T20:12:07
Miller2019-motor_basic,jt,0,LogBandPower + LogReg,kappa,0.6666666666666667,2,chronological,48,12,62,0.2478089332580566,688f919f3ab0,0d79a81a67b3,within_subject,0.3.0.dev0,2026-09-10T20:12:07
Miller2019-motor_basic,jt,0,LogBandPower + LogReg,accuracy,0.8333333333333334,2,chronological,48,12,62,0.2478089332580566,688f919f3ab0,0d79a81a67b3,within_subject,0.3.0.dev0,2026-09-10T20:12:07
Miller2019-motor_basic,jt,0,LogBandPower + LogReg,balanced_accuracy,0.875,2,chronological,48,12,62,0.2478089332580566,688f919f3ab0,0d79a81a67b3,within_subject,0.3.0.dev0,2026-09-10T20:12:07
Miller2019-motor_basic,jt,0,Riemann TS + LogReg,kappa,0.3999999999999999,2,chronological,48,12,62,0.440230131149292,b4736e60e22e,0d79a81a67b3,within_subject,0.3.0.dev0,2026-09-10T20:12:07
Miller2019-motor_basic,jt,0,Riemann TS + LogReg,accuracy,0.6666666666666666,2,chronological,48,12,62,0.440230131149292,b4736e60e22e,0d79a81a67b3,within_subject,0.3.0.dev0,2026-09-10T20:12:07
Miller2019-motor_basic,jt,0,Riemann TS + LogReg,balanced_accuracy,0.75,2,chronological,48,12,62,0.440230131149292,b4736e60e22e,0d79a81a67b3,within_subject,0.3.0.dev0,2026-09-10T20:12:07
Miller2019-motor_basic,jt,0,HighGamma + LDA,kappa,0.8333333333333334,3,chronological,48,12,62,0.2476422786712646,f0ad027786a9,0d79a81a67b3,within_subject,0.3.0.dev0,2026-09-10T20:12:07
Miller2019-motor_basic,jt,0,HighGamma + LDA,accuracy,0.9166666666666666,3,chronological,48,12,62,0.2476422786712646,f0ad027786a9,0d79a81a67b3,within_subject,0.3.0.dev0,2026-09-10T20:12:07
Miller2019-motor_basic,jt,0,HighGamma + LDA,balanced_accuracy,0.9166666666666669,3,chronological,48,12,62,0.2476422786712646,f0ad027786a9,0d79a81a67b3,within_subject,0.3.0.dev0,2026-09-10T20:12:07
Miller2019-motor_basic,jt,0,LogBandPower + LDA,kappa,0.6666666666666667,3,chronological,48,12,62,0.2574632167816162,ad4c2abc31c8,0d79a81a67b3,within_subject,0.3.0.dev0,2026-09-10T20:12:07
Miller2019-motor_basic,jt,0,LogBandPower + LDA,accuracy,0.8333333333333334,3,chronological,48,12,62,0.2574632167816162,ad4c2abc31c8,0d79a81a67b3,within_subject,0.3.0.dev0,2026-09-10T20:12:07
Miller2019-motor_basic,jt,0,LogBandPower + LDA,balanced_accuracy,0.8333333333333333,3,chronological,48,12,62,0.2574632167816162,ad4c2abc31c8,0d79a81a67b3,within_subject,0.3.0.dev0,2026-09-10T20:12:07
Miller2019-motor_basic,jt,0,LogBandPower + LogReg,kappa,0.6666666666666667,3,chronological,48,12,62,0.2469379901885986,688f919f3ab0,0d79a81a67b3,within_subject,0.3.0.dev0,2026-09-10T20:12:07
Miller2019-motor_basic,jt,0,LogBandPower + LogReg,accuracy,0.8333333333333334,3,chronological,48,12,62,0.2469379901885986,688f919f3ab0,0d79a81a67b3,within_subject,0.3.0.dev0,2026-09-10T20:12:07
Miller2019-motor_basic,jt,0,LogBandPower + LogReg,balanced_accuracy,0.8333333333333333,3,chronological,48,12,62,0.2469379901885986,688f919f3ab0,0d79a81a67b3,within_subject,0.3.0.dev0,2026-09-10T20:12:07
Miller2019-motor_basic,jt,0,Riemann TS + LogReg,kappa,1.0,3,chronological,48,12,62,0.5411231517791748,b4736e60e22e,0d79a81a67b3,within_subject,0.3.0.dev0,2026-09-10T20:12:07
Miller2019-motor_basic,jt,0,Riemann TS + LogReg,accuracy,1.0,3,chronological,48,12,62,0.5411231517791748,b4736e60e22e,0d79a81a67b3,within_subject,0.3.0.dev0,2026-09-10T20:12:07
Miller2019-motor_basic,jt,0,Riemann TS + LogReg,balanced_accuracy,1.0,3,chronological,48,12,62,0.5411231517791748,b4736e60e22e,0d79a81a67b3,within_subject,0.3.0.dev0,2026-09-10T20:12:07
Miller2019-motor_basic,jt,0,HighGamma + LDA,kappa,0.6571428571428571,4,chronological,48,12,62,0.3139889240264892,f0ad027786a9,0d79a81a67b3,within_subject,0.3.0.dev0,2026-09-10T20:12:07
Miller2019-motor_basic,jt,0,HighGamma + LDA,accuracy,0.8333333333333334,4,chronological,48,12,62,0.3139889240264892,f0ad027786a9,0d79a81a67b3,within_subject,0.3.0.dev0,2026-09-10T20:12:07
Miller2019-motor_basic,jt,0,HighGamma + LDA,balanced_accuracy,0.8285714285714285,4,chronological,48,12,62,0.3139889240264892,f0ad027786a9,0d79a81a67b3,within_subject,0.3.0.dev0,2026-09-10T20:12:07
Miller2019-motor_basic,jt,0,LogBandPower + LDA,kappa,0.8333333333333334,4,chronological,48,12,62,0.2758340835571289,ad4c2abc31c8,0d79a81a67b3,within_subject,0.3.0.dev0,2026-09-10T20:12:07
Miller2019-motor_basic,jt,0,LogBandPower + LDA,accuracy,0.9166666666666666,4,chronological,48,12,62,0.2758340835571289,ad4c2abc31c8,0d79a81a67b3,within_subject,0.3.0.dev0,2026-09-10T20:12:07
Miller2019-motor_basic,jt,0,LogBandPower + LDA,balanced_accuracy,0.9285714285714286,4,chronological,48,12,62,0.2758340835571289,ad4c2abc31c8,0d79a81a67b3,within_subject,0.3.0.dev0,2026-09-10T20:12:07
Miller2019-motor_basic,jt,0,LogBandPower + LogReg,kappa,0.8333333333333334,4,chronological,48,12,62,0.2360110282897949,688f919f3ab0,0d79a81a67b3,within_subject,0.3.0.dev0,2026-09-10T20:12:07
Miller2019-motor_basic,jt,0,LogBandPower + LogReg,accuracy,0.9166666666666666,4,chronological,48,12,62,0.2360110282897949,688f919f3ab0,0d79a81a67b3,within_subject,0.3.0.dev0,2026-09-10T20:12:07
Miller2019-motor_basic,jt,0,LogBandPower + LogReg,balanced_accuracy,0.9285714285714286,4,chronological,48,12,62,0.2360110282897949,688f919f3ab0,0d79a81a67b3,within_subject,0.3.0.dev0,2026-09-10T20:12:07
Miller2019-motor_basic,jt,0,Riemann TS + LogReg,kappa,0.8333333333333334,4,chronological,48,12,62,0.4351522922515869,b4736e60e22e,0d79a81a67b3,within_subject,0.3.0.dev0,2026-09-10T20:12:07
Miller2019-motor_basic,jt,0,Riemann TS + LogReg,accuracy,0.9166666666666666,4,chronological,48,12,62,0.4351522922515869,b4736e60e22e,0d79a81a67b3,within_subject,0.3.0.dev0,2026-09-10T20:12:07
Miller2019-motor_basic,jt,0,Riemann TS + LogReg,balanced_accuracy,0.9285714285714286,4,chronological,48,12,62,0.4351522922515869,b4736e60e22e,0d79a81a67b3,within_subject,0.3.0.dev0,2026-09-10T20:12:07
Miller2019-motor_basic,rh,0,HighGamma + LDA,kappa,1.0,0,chronological,48,12,63,0.2162151336669922,f0ad027786a9,0d79a81a67b3,within_subject,0.3.0.dev0,2026-09-10T20:12:13
Miller2019-motor_basic,rh,0,HighGamma + LDA,accuracy,1.0,0,chronological,48,12,63,0.2162151336669922,f0ad027786a9,0d79a81a67b3,within_subject,0.3.0.dev0,2026-09-10T20:12:13
Miller2019-motor_basic,rh,0,HighGamma + LDA,balanced_accuracy,1.0,0,chronological,48,12,63,0.2162151336669922,f0ad027786a9,0d79a81a67b3,within_subject,0.3.0.dev0,2026-09-10T20:12:13
Miller2019-motor_basic,rh,0,LogBandPower + LDA,kappa,1.0,0,chronological,48,12,63,0.2272970676422119,ad4c2abc31c8,0d79a81a67b3,within_subject,0.3.0.dev0,2026-09-10T20:12:13
Miller2019-motor_basic,rh,0,LogBandPower + LDA,accuracy,1.0,0,chronological,48,12,63,0.2272970676422119,ad4c2abc31c8,0d79a81a67b3,within_subject,0.3.0.dev0,2026-09-10T20:12:13
Miller2019-motor_basic,rh,0,LogBandPower + LDA,balanced_accuracy,1.0,0,chronological,48,12,63,0.2272970676422119,ad4c2abc31c8,0d79a81a67b3,within_subject,0.3.0.dev0,2026-09-10T20:12:13
Miller2019-motor_basic,rh,0,LogBandPower + LogReg,kappa,0.8235294117647058,0,chronological,48,12,63,0.2194418907165527,688f919f3ab0,0d79a81a67b3,within_subject,0.3.0.dev0,2026-09-10T20:12:13
Miller2019-motor_basic,rh,0,LogBandPower + LogReg,accuracy,0.9166666666666666,0,chronological,48,12,63,0.2194418907165527,688f919f3ab0,0d79a81a67b3,within_subject,0.3.0.dev0,2026-09-10T20:12:13
Miller2019-motor_basic,rh,0,LogBandPower + LogReg,balanced_accuracy,0.9375,0,chronological,48,12,63,0.2194418907165527,688f919f3ab0,0d79a81a67b3,within_subject,0.3.0.dev0,2026-09-10T20:12:13
Miller2019-motor_basic,rh,0,Riemann TS + LogReg,kappa,0.6666666666666667,0,chronological,48,12,63,0.399634838104248,b4736e60e22e,0d79a81a67b3,within_subject,0.3.0.dev0,2026-09-10T20:12:13
Miller2019-motor_basic,rh,0,Riemann TS + LogReg,accuracy,0.8333333333333334,0,chronological,48,12,63,0.399634838104248,b4736e60e22e,0d79a81a67b3,within_subject,0.3.0.dev0,2026-09-10T20:12:13
Miller2019-motor_basic,rh,0,Riemann TS + LogReg,balanced_accuracy,0.875,0,chronological,48,12,63,0.399634838104248,b4736e60e22e,0d79a81a67b3,within_subject,0.3.0.dev0,2026-09-10T20:12:13
Miller2019-motor_basic,rh,0,HighGamma + LDA,kappa,0.8333333333333334,1,chronological,48,12,63,0.2168960571289062,f0ad027786a9,0d79a81a67b3,within_subject,0.3.0.dev0,2026-09-10T20:12:13
Miller2019-motor_basic,rh,0,HighGamma + LDA,accuracy,0.9166666666666666,1,chronological,48,12,63,0.2168960571289062,f0ad027786a9,0d79a81a67b3,within_subject,0.3.0.dev0,2026-09-10T20:12:13
Miller2019-motor_basic,rh,0,HighGamma + LDA,balanced_accuracy,0.9285714285714286,1,chronological,48,12,63,0.2168960571289062,f0ad027786a9,0d79a81a67b3,within_subject,0.3.0.dev0,2026-09-10T20:12:13
Miller2019-motor_basic,rh,0,LogBandPower + LDA,kappa,0.8333333333333334,1,chronological,48,12,63,0.2284910678863525,ad4c2abc31c8,0d79a81a67b3,within_subject,0.3.0.dev0,2026-09-10T20:12:13
Miller2019-motor_basic,rh,0,LogBandPower + LDA,accuracy,0.9166666666666666,1,chronological,48,12,63,0.2284910678863525,ad4c2abc31c8,0d79a81a67b3,within_subject,0.3.0.dev0,2026-09-10T20:12:13
Miller2019-motor_basic,rh,0,LogBandPower + LDA,balanced_accuracy,0.9285714285714286,1,chronological,48,12,63,0.2284910678863525,ad4c2abc31c8,0d79a81a67b3,within_subject,0.3.0.dev0,2026-09-10T20:12:13
Miller2019-motor_basic,rh,0,LogBandPower + LogReg,kappa,0.8333333333333334,1,chronological,48,12,63,0.217829942703247,688f919f3ab0,0d79a81a67b3,within_subject,0.3.0.dev0,2026-09-10T20:12:13
Miller2019-motor_basic,rh,0,LogBandPower + LogReg,accuracy,0.9166666666666666,1,chronological,48,12,63,0.217829942703247,688f919f3ab0,0d79a81a67b3,within_subject,0.3.0.dev0,2026-09-10T20:12:13
Miller2019-motor_basic,rh,0,LogBandPower + LogReg,balanced_accuracy,0.9285714285714286,1,chronological,48,12,63,0.217829942703247,688f919f3ab0,0d79a81a67b3,within_subject,0.3.0.dev0,2026-09-10T20:12:13
Miller2019-motor_basic,rh,0,Riemann TS + LogReg,kappa,0.3513513513513513,1,chronological,48,12,63,0.3992838859558105,b4736e60e22e,0d79a81a67b3,within_subject,0.3.0.dev0,2026-09-10T20:12:13
Miller2019-motor_basic,rh,0,Riemann TS + LogReg,accuracy,0.6666666666666666,1,chronological,48,12,63,0.3992838859558105,b4736e60e22e,0d79a81a67b3,within_subject,0.3.0.dev0,2026-09-10T20:12:13
Miller2019-motor_basic,rh,0,Riemann TS + LogReg,balanced_accuracy,0.6857142857142857,1,chronological,48,12,63,0.3992838859558105,b4736e60e22e,0d79a81a67b3,within_subject,0.3.0.dev0,2026-09-10T20:12:13
Miller2019-motor_basic,rh,0,HighGamma + LDA,kappa,1.0,2,chronological,48,12,63,0.223829984664917,f0ad027786a9,0d79a81a67b3,within_subject,0.3.0.dev0,2026-09-10T20:12:13
Miller2019-motor_basic,rh,0,HighGamma + LDA,accuracy,1.0,2,chronological,48,12,63,0.223829984664917,f0ad027786a9,0d79a81a67b3,within_subject,0.3.0.dev0,2026-09-10T20:12:13
Miller2019-motor_basic,rh,0,HighGamma + LDA,balanced_accuracy,1.0,2,chronological,48,12,63,0.223829984664917,f0ad027786a9,0d79a81a67b3,within_subject,0.3.0.dev0,2026-09-10T20:12:13
Miller2019-motor_basic,rh,0,LogBandPower + LDA,kappa,1.0,2,chronological,48,12,63,0.2288267612457275,ad4c2abc31c8,0d79a81a67b3,within_subject,0.3.0.dev0,2026-09-10T20:12:13
Miller2019-motor_basic,rh,0,LogBandPower + LDA,accuracy,1.0,2,chronological,48,12,63,0.2288267612457275,ad4c2abc31c8,0d79a81a67b3,within_subject,0.3.0.dev0,2026-09-10T20:12:13
Miller2019-motor_basic,rh,0,LogBandPower + LDA,balanced_accuracy,1.0,2,chronological,48,12,63,0.2288267612457275,ad4c2abc31c8,0d79a81a67b3,within_subject,0.3.0.dev0,2026-09-10T20:12:13
Miller2019-motor_basic,rh,0,LogBandPower + LogReg,kappa,1.0,2,chronological,48,12,63,0.2171247005462646,688f919f3ab0,0d79a81a67b3,within_subject,0.3.0.dev0,2026-09-10T20:12:13
Miller2019-motor_basic,rh,0,LogBandPower + LogReg,accuracy,1.0,2,chronological,48,12,63,0.2171247005462646,688f919f3ab0,0d79a81a67b3,within_subject,0.3.0.dev0,2026-09-10T20:12:13
Miller2019-motor_basic,rh,0,LogBandPower + LogReg,balanced_accuracy,1.0,2,chronological,48,12,63,0.2171247005462646,688f919f3ab0,0d79a81a67b3,within_subject,0.3.0.dev0,2026-09-10T20:12:13
Miller2019-motor_basic,rh,0,Riemann TS + LogReg,kappa,0.2857142857142857,2,chronological,48,12,63,0.4209191799163818,b4736e60e22e,0d79a81a67b3,within_subject,0.3.0.dev0,2026-09-10T20:12:13
Miller2019-motor_basic,rh,0,Riemann TS + LogReg,accuracy,0.5833333333333334,2,chronological,48,12,63,0.4209191799163818,b4736e60e22e,0d79a81a67b3,within_subject,0.3.0.dev0,2026-09-10T20:12:13
Miller2019-motor_basic,rh,0,Riemann TS + LogReg,balanced_accuracy,0.7222222222222222,2,chronological,48,12,63,0.4209191799163818,b4736e60e22e,0d79a81a67b3,within_subject,0.3.0.dev0,2026-09-10T20:12:13
Miller2019-motor_basic,rh,0,HighGamma + LDA,kappa,1.0,3,chronological,48,12,63,0.2182638645172119,f0ad027786a9,0d79a81a67b3,within_subject,0.3.0.dev0,2026-09-10T20:12:13
Miller2019-motor_basic,rh,0,HighGamma + LDA,accuracy,1.0,3,chronological,48,12,63,0.2182638645172119,f0ad027786a9,0d79a81a67b3,within_subject,0.3.0.dev0,2026-09-10T20:12:13
Miller2019-motor_basic,rh,0,HighGamma + LDA,balanced_accuracy,1.0,3,chronological,48,12,63,0.2182638645172119,f0ad027786a9,0d79a81a67b3,within_subject,0.3.0.dev0,2026-09-10T20:12:13
Miller2019-motor_basic,rh,0,LogBandPower + LDA,kappa,1.0,3,chronological,48,12,63,0.2264659404754638,ad4c2abc31c8,0d79a81a67b3,within_subject,0.3.0.dev0,2026-09-10T20:12:13
Miller2019-motor_basic,rh,0,LogBandPower + LDA,accuracy,1.0,3,chronological,48,12,63,0.2264659404754638,ad4c2abc31c8,0d79a81a67b3,within_subject,0.3.0.dev0,2026-09-10T20:12:13
Miller2019-motor_basic,rh,0,LogBandPower + LDA,balanced_accuracy,1.0,3,chronological,48,12,63,0.2264659404754638,ad4c2abc31c8,0d79a81a67b3,within_subject,0.3.0.dev0,2026-09-10T20:12:13
Miller2019-motor_basic,rh,0,LogBandPower + LogReg,kappa,1.0,3,chronological,48,12,63,0.2190408706665039,688f919f3ab0,0d79a81a67b3,within_subject,0.3.0.dev0,2026-09-10T20:12:13
Miller2019-motor_basic,rh,0,LogBandPower + LogReg,accuracy,1.0,3,chronological,48,12,63,0.2190408706665039,688f919f3ab0,0d79a81a67b3,within_subject,0.3.0.dev0,2026-09-10T20:12:13
Miller2019-motor_basic,rh,0,LogBandPower + LogReg,balanced_accuracy,1.0,3,chronological,48,12,63,0.2190408706665039,688f919f3ab0,0d79a81a67b3,within_subject,0.3.0.dev0,2026-09-10T20:12:13
Miller2019-motor_basic,rh,0,Riemann TS + LogReg,kappa,0.1818181818181818,3,chronological,48,12,63,0.4018542766571045,b4736e60e22e,0d79a81a67b3,within_subject,0.3.0.dev0,2026-09-10T20:12:13
Miller2019-motor_basic,rh,0,Riemann TS + LogReg,accuracy,0.5,3,chronological,48,12,63,0.4018542766571045,b4736e60e22e,0d79a81a67b3,within_subject,0.3.0.dev0,2026-09-10T20:12:13
Miller2019-motor_basic,rh,0,Riemann TS + LogReg,balanced_accuracy,0.625,3,chronological,48,12,63,0.4018542766571045,b4736e60e22e,0d79a81a67b3,within_subject,0.3.0.dev0,2026-09-10T20:12:13
Miller2019-motor_basic,rh,0,HighGamma + LDA,kappa,0.8333333333333334,4,chronological,48,12,63,0.2208209037780761,f0ad027786a9,0d79a81a67b3,within_subject,0.3.0.dev0,2026-09-10T20:12:13
Miller2019-motor_basic,rh,0,HighGamma + LDA,accuracy,0.9166666666666666,4,chronological,48,12,63,0.2208209037780761,f0ad027786a9,0d79a81a67b3,within_subject,0.3.0.dev0,2026-09-10T20:12:13
Miller2019-motor_basic,rh,0,HighGamma + LDA,balanced_accuracy,0.9166666666666669,4,chronological,48,12,63,0.2208209037780761,f0ad027786a9,0d79a81a67b3,within_subject,0.3.0.dev0,2026-09-10T20:12:13
Miller2019-motor_basic,rh,0,LogBandPower + LDA,kappa,0.6666666666666667,4,chronological,48,12,63,0.2243499755859375,ad4c2abc31c8,0d79a81a67b3,within_subject,0.3.0.dev0,2026-09-10T20:12:13
Miller2019-motor_basic,rh,0,LogBandPower + LDA,accuracy,0.8333333333333334,4,chronological,48,12,63,0.2243499755859375,ad4c2abc31c8,0d79a81a67b3,within_subject,0.3.0.dev0,2026-09-10T20:12:13
Miller2019-motor_basic,rh,0,LogBandPower + LDA,balanced_accuracy,0.8333333333333333,4,chronological,48,12,63,0.2243499755859375,ad4c2abc31c8,0d79a81a67b3,within_subject,0.3.0.dev0,2026-09-10T20:12:13
Miller2019-motor_basic,rh,0,LogBandPower + LogReg,kappa,0.5,4,chronological,48,12,63,0.2165861129760742,688f919f3ab0,0d79a81a67b3,within_subject,0.3.0.dev0,2026-09-10T20:12:13
Miller2019-motor_basic,rh,0,LogBandPower + LogReg,accuracy,0.75,4,chronological,48,12,63,0.2165861129760742,688f919f3ab0,0d79a81a67b3,within_subject,0.3.0.dev0,2026-09-10T20:12:13
Miller2019-motor_basic,rh,0,LogBandPower + LogReg,balanced_accuracy,0.75,4,chronological,48,12,63,0.2165861129760742,688f919f3ab0,0d79a81a67b3,within_subject,0.3.0.dev0,2026-09-10T20:12:13
Miller2019-motor_basic,rh,0,Riemann TS + LogReg,kappa,1.0,4,chronological,48,12,63,0.4004397392272949,b4736e60e22e,0d79a81a67b3,within_subject,0.3.0.dev0,2026-09-10T20:12:13
Miller2019-motor_basic,rh,0,Riemann TS + LogReg,accuracy,1.0,4,chronological,48,12,63,0.4004397392272949,b4736e60e22e,0d79a81a67b3,within_subject,0.3.0.dev0,2026-09-10T20:12:13
Miller2019-motor_basic,rh,0,Riemann TS + LogReg,balanced_accuracy,1.0,4,chronological,48,12,63,0.4004397392272949,b4736e60e22e,0d79a81a67b3,within_subject,0.3.0.dev0,2026-09-10T20:12:13
Miller2019-motor_basic,rr,0,HighGamma + LDA,kappa,1.0,0,chronological,48,12,49,0.2375068664550781,f0ad027786a9,0d79a81a67b3,within_subject,0.3.0.dev0,2026-09-10T20:12:18
Miller2019-motor_basic,rr,0,HighGamma + LDA,accuracy,1.0,0,chronological,48,12,49,0.2375068664550781,f0ad027786a9,0d79a81a67b3,within_subject,0.3.0.dev0,2026-09-10T20:12:18
Miller2019-motor_basic,rr,0,HighGamma + LDA,balanced_accuracy,1.0,0,chronological,48,12,49,0.2375068664550781,f0ad027786a9,0d79a81a67b3,within_subject,0.3.0.dev0,2026-09-10T20:12:18
Miller2019-motor_basic,rr,0,LogBandPower + LDA,kappa,0.6666666666666667,0,chronological,48,12,49,0.1650829315185547,ad4c2abc31c8,0d79a81a67b3,within_subject,0.3.0.dev0,2026-09-10T20:12:18
Miller2019-motor_basic,rr,0,LogBandPower + LDA,accuracy,0.8333333333333334,0,chronological,48,12,49,0.1650829315185547,ad4c2abc31c8,0d79a81a67b3,within_subject,0.3.0.dev0,2026-09-10T20:12:18
Miller2019-motor_basic,rr,0,LogBandPower + LDA,balanced_accuracy,0.8333333333333334,0,chronological,48,12,49,0.1650829315185547,ad4c2abc31c8,0d79a81a67b3,within_subject,0.3.0.dev0,2026-09-10T20:12:18
Miller2019-motor_basic,rr,0,LogBandPower + LogReg,kappa,0.5,0,chronological,48,12,49,0.1606862545013427,688f919f3ab0,0d79a81a67b3,within_subject,0.3.0.dev0,2026-09-10T20:12:18
Miller2019-motor_basic,rr,0,LogBandPower + LogReg,accuracy,0.75,0,chronological,48,12,49,0.1606862545013427,688f919f3ab0,0d79a81a67b3,within_subject,0.3.0.dev0,2026-09-10T20:12:18
Miller2019-motor_basic,rr,0,LogBandPower + LogReg,balanced_accuracy,0.75,0,chronological,48,12,49,0.1606862545013427,688f919f3ab0,0d79a81a67b3,within_subject,0.3.0.dev0,2026-09-10T20:12:18
Miller2019-motor_basic,rr,0,Riemann TS + LogReg,kappa,1.0,0,chronological,48,12,49,0.2451100349426269,b4736e60e22e,0d79a81a67b3,within_subject,0.3.0.dev0,2026-09-10T20:12:18
Miller2019-motor_basic,rr,0,Riemann TS + LogReg,accuracy,1.0,0,chronological,48,12,49,0.2451100349426269,b4736e60e22e,0d79a81a67b3,within_subject,0.3.0.dev0,2026-09-10T20:12:18
Miller2019-motor_basic,rr,0,Riemann TS + LogReg,balanced_accuracy,1.0,0,chronological,48,12,49,0.2451100349426269,b4736e60e22e,0d79a81a67b3,within_subject,0.3.0.dev0,2026-09-10T20:12:18
Miller2019-motor_basic,rr,0,HighGamma + LDA,kappa,1.0,1,chronological,48,12,49,0.1547520160675048,f0ad027786a9,0d79a81a67b3,within_subject,0.3.0.dev0,2026-09-10T20:12:18
Miller2019-motor_basic,rr,0,HighGamma + LDA,accuracy,1.0,1,chronological,48,12,49,0.1547520160675048,f0ad027786a9,0d79a81a67b3,within_subject,0.3.0.dev0,2026-09-10T20:12:18
Miller2019-motor_basic,rr,0,HighGamma + LDA,balanced_accuracy,1.0,1,chronological,48,12,49,0.1547520160675048,f0ad027786a9,0d79a81a67b3,within_subject,0.3.0.dev0,2026-09-10T20:12:18
Miller2019-motor_basic,rr,0,LogBandPower + LDA,kappa,1.0,1,chronological,48,12,49,0.1586837768554687,ad4c2abc31c8,0d79a81a67b3,within_subject,0.3.0.dev0,2026-09-10T20:12:18
Miller2019-motor_basic,rr,0,LogBandPower + LDA,accuracy,1.0,1,chronological,48,12,49,0.1586837768554687,ad4c2abc31c8,0d79a81a67b3,within_subject,0.3.0.dev0,2026-09-10T20:12:18
Miller2019-motor_basic,rr,0,LogBandPower + LDA,balanced_accuracy,1.0,1,chronological,48,12,49,0.1586837768554687,ad4c2abc31c8,0d79a81a67b3,within_subject,0.3.0.dev0,2026-09-10T20:12:18
Miller2019-motor_basic,rr,0,LogBandPower + LogReg,kappa,0.8333333333333334,1,chronological,48,12,49,0.15901780128479,688f919f3ab0,0d79a81a67b3,within_subject,0.3.0.dev0,2026-09-10T20:12:18
Miller2019-motor_basic,rr,0,LogBandPower + LogReg,accuracy,0.9166666666666666,1,chronological,48,12,49,0.15901780128479,688f919f3ab0,0d79a81a67b3,within_subject,0.3.0.dev0,2026-09-10T20:12:18
Miller2019-motor_basic,rr,0,LogBandPower + LogReg,balanced_accuracy,0.9166666666666669,1,chronological,48,12,49,0.15901780128479,688f919f3ab0,0d79a81a67b3,within_subject,0.3.0.dev0,2026-09-10T20:12:18
Miller2019-motor_basic,rr,0,Riemann TS + LogReg,kappa,1.0,1,chronological,48,12,49,0.2302079200744629,b4736e60e22e,0d79a81a67b3,within_subject,0.3.0.dev0,2026-09-10T20:12:18
Miller2019-motor_basic,rr,0,Riemann TS + LogReg,accuracy,1.0,1,chronological,48,12,49,0.2302079200744629,b4736e60e22e,0d79a81a67b3,within_subject,0.3.0.dev0,2026-09-10T20:12:18
Miller2019-motor_basic,rr,0,Riemann TS + LogReg,balanced_accuracy,1.0,1,chronological,48,12,49,0.2302079200744629,b4736e60e22e,0d79a81a67b3,within_subject,0.3.0.dev0,2026-09-10T20:12:18
Miller2019-motor_basic,rr,0,HighGamma + LDA,kappa,1.0,2,chronological,48,12,49,0.1527209281921386,f0ad027786a9,0d79a81a67b3,within_subject,0.3.0.dev0,2026-09-10T20:12:18
Miller2019-motor_basic,rr,0,HighGamma + LDA,accuracy,1.0,2,chronological,48,12,49,0.1527209281921386,f0ad027786a9,0d79a81a67b3,within_subject,0.3.0.dev0,2026-09-10T20:12:18
Miller2019-motor_basic,rr,0,HighGamma + LDA,balanced_accuracy,1.0,2,chronological,48,12,49,0.1527209281921386,f0ad027786a9,0d79a81a67b3,within_subject,0.3.0.dev0,2026-09-10T20:12:18
Miller2019-motor_basic,rr,0,LogBandPower + LDA,kappa,1.0,2,chronological,48,12,49,0.1575608253479004,ad4c2abc31c8,0d79a81a67b3,within_subject,0.3.0.dev0,2026-09-10T20:12:18
Miller2019-motor_basic,rr,0,LogBandPower + LDA,accuracy,1.0,2,chronological,48,12,49,0.1575608253479004,ad4c2abc31c8,0d79a81a67b3,within_subject,0.3.0.dev0,2026-09-10T20:12:18
Miller2019-motor_basic,rr,0,LogBandPower + LDA,balanced_accuracy,1.0,2,chronological,48,12,49,0.1575608253479004,ad4c2abc31c8,0d79a81a67b3,within_subject,0.3.0.dev0,2026-09-10T20:12:18
Miller2019-motor_basic,rr,0,LogBandPower + LogReg,kappa,1.0,2,chronological,48,12,49,0.1534638404846191,688f919f3ab0,0d79a81a67b3,within_subject,0.3.0.dev0,2026-09-10T20:12:18
Miller2019-motor_basic,rr,0,LogBandPower + LogReg,accuracy,1.0,2,chronological,48,12,49,0.1534638404846191,688f919f3ab0,0d79a81a67b3,within_subject,0.3.0.dev0,2026-09-10T20:12:18
Miller2019-motor_basic,rr,0,LogBandPower + LogReg,balanced_accuracy,1.0,2,chronological,48,12,49,0.1534638404846191,688f919f3ab0,0d79a81a67b3,within_subject,0.3.0.dev0,2026-09-10T20:12:18
Miller2019-motor_basic,rr,0,Riemann TS + LogReg,kappa,1.0,2,chronological,48,12,49,0.2367250919342041,b4736e60e22e,0d79a81a67b3,within_subject,0.3.0.dev0,2026-09-10T20:12:18
Miller2019-motor_basic,rr,0,Riemann TS + LogReg,accuracy,1.0,2,chronological,48,12,49,0.2367250919342041,b4736e60e22e,0d79a81a67b3,within_subject,0.3.0.dev0,2026-09-10T20:12:18
Miller2019-motor_basic,rr,0,Riemann TS + LogReg,balanced_accuracy,1.0,2,chronological,48,12,49,0.2367250919342041,b4736e60e22e,0d79a81a67b3,within_subject,0.3.0.dev0,2026-09-10T20:12:18
Miller2019-motor_basic,rr,0,HighGamma + LDA,kappa,1.0,3,chronological,48,12,49,0.1521108150482177,f0ad027786a9,0d79a81a67b3,within_subject,0.3.0.dev0,2026-09-10T20:12:18
Miller2019-motor_basic,rr,0,HighGamma + LDA,accuracy,1.0,3,chronological,48,12,49,0.1521108150482177,f0ad027786a9,0d79a81a67b3,within_subject,0.3.0.dev0,2026-09-10T20:12:18
Miller2019-motor_basic,rr,0,HighGamma + LDA,balanced_accuracy,1.0,3,chronological,48,12,49,0.1521108150482177,f0ad027786a9,0d79a81a67b3,within_subject,0.3.0.dev0,2026-09-10T20:12:18
Miller2019-motor_basic,rr,0,LogBandPower + LDA,kappa,1.0,3,chronological,48,12,49,0.1568467617034912,ad4c2abc31c8,0d79a81a67b3,within_subject,0.3.0.dev0,2026-09-10T20:12:18
Miller2019-motor_basic,rr,0,LogBandPower + LDA,accuracy,1.0,3,chronological,48,12,49,0.1568467617034912,ad4c2abc31c8,0d79a81a67b3,within_subject,0.3.0.dev0,2026-09-10T20:12:18
Miller2019-motor_basic,rr,0,LogBandPower + LDA,balanced_accuracy,1.0,3,chronological,48,12,49,0.1568467617034912,ad4c2abc31c8,0d79a81a67b3,within_subject,0.3.0.dev0,2026-09-10T20:12:18
Miller2019-motor_basic,rr,0,LogBandPower + LogReg,kappa,1.0,3,chronological,48,12,49,0.1510539054870605,688f919f3ab0,0d79a81a67b3,within_subject,0.3.0.dev0,2026-09-10T20:12:18
Miller2019-motor_basic,rr,0,LogBandPower + LogReg,accuracy,1.0,3,chronological,48,12,49,0.1510539054870605,688f919f3ab0,0d79a81a67b3,within_subject,0.3.0.dev0,2026-09-10T20:12:18
Miller2019-motor_basic,rr,0,LogBandPower + LogReg,balanced_accuracy,1.0,3,chronological,48,12,49,0.1510539054870605,688f919f3ab0,0d79a81a67b3,within_subject,0.3.0.dev0,2026-09-10T20:12:18
Miller2019-motor_basic,rr,0,Riemann TS + LogReg,kappa,0.8235294117647058,3,chronological,48,12,49,0.2357311248779297,b4736e60e22e,0d79a81a67b3,within_subject,0.3.0.dev0,2026-09-10T20:12:18
Miller2019-motor_basic,rr,0,Riemann TS + LogReg,accuracy,0.9166666666666666,3,chronological,48,12,49,0.2357311248779297,b4736e60e22e,0d79a81a67b3,within_subject,0.3.0.dev0,2026-09-10T20:12:18
Miller2019-motor_basic,rr,0,Riemann TS + LogReg,balanced_accuracy,0.9,3,chronological,48,12,49,0.2357311248779297,b4736e60e22e,0d79a81a67b3,within_subject,0.3.0.dev0,2026-09-10T20:12:18
Miller2019-motor_basic,rr,0,HighGamma + LDA,kappa,1.0,4,chronological,48,12,49,0.1508972644805908,f0ad027786a9,0d79a81a67b3,within_subject,0.3.0.dev0,2026-09-10T20:12:18
Miller2019-motor_basic,rr,0,HighGamma + LDA,accuracy,1.0,4,chronological,48,12,49,0.1508972644805908,f0ad027786a9,0d79a81a67b3,within_subject,0.3.0.dev0,2026-09-10T20:12:18
Miller2019-motor_basic,rr,0,HighGamma + LDA,balanced_accuracy,1.0,4,chronological,48,12,49,0.1508972644805908,f0ad027786a9,0d79a81a67b3,within_subject,0.3.0.dev0,2026-09-10T20:12:18
Miller2019-motor_basic,rr,0,LogBandPower + LDA,kappa,0.5,4,chronological,48,12,49,0.1557629108428955,ad4c2abc31c8,0d79a81a67b3,within_subject,0.3.0.dev0,2026-09-10T20:12:18
Miller2019-motor_basic,rr,0,LogBandPower + LDA,accuracy,0.75,4,chronological,48,12,49,0.1557629108428955,ad4c2abc31c8,0d79a81a67b3,within_subject,0.3.0.dev0,2026-09-10T20:12:18
Miller2019-motor_basic,rr,0,LogBandPower + LDA,balanced_accuracy,0.75,4,chronological,48,12,49,0.1557629108428955,ad4c2abc31c8,0d79a81a67b3,within_subject,0.3.0.dev0,2026-09-10T20:12:18
Miller2019-motor_basic,rr,0,LogBandPower + LogReg,kappa,0.5,4,chronological,48,12,49,0.1533501148223877,688f919f3ab0,0d79a81a67b3,within_subject,0.3.0.dev0,2026-09-10T20:12:18
Miller2019-motor_basic,rr,0,LogBandPower + LogReg,accuracy,0.75,4,chronological,48,12,49,0.1533501148223877,688f919f3ab0,0d79a81a67b3,within_subject,0.3.0.dev0,2026-09-10T20:12:18
Miller2019-motor_basic,rr,0,LogBandPower + LogReg,balanced_accuracy,0.75,4,chronological,48,12,49,0.1533501148223877,688f919f3ab0,0d79a81a67b3,within_subject,0.3.0.dev0,2026-09-10T20:12:18
Miller2019-motor_basic,rr,0,Riemann TS + LogReg,kappa,0.8333333333333334,4,chronological,48,12,49,0.2316229343414306,b4736e60e22e,0d79a81a67b3,within_subject,0.3.0.dev0,2026-09-10T20:12:18
Miller2019-motor_basic,rr,0,Riemann TS + LogReg,accuracy,0.9166666666666666,4,chronological,48,12,49,0.2316229343414306,b4736e60e22e,0d79a81a67b3,within_subject,0.3.0.dev0,2026-09-10T20:12:18
Miller2019-motor_basic,rr,0,Riemann TS + LogReg,balanced_accuracy,0.9166666666666669,4,chronological,48,12,49,0.2316229343414306,b4736e60e22e,0d79a81a67b3,within_subject,0.3.0.dev0,2026-09-10T20:12:18
Miller2019-motor_basic,ug,0,HighGamma + LDA,kappa,1.0,0,chronological,72,18,25,0.1305170059204101,f0ad027786a9,0d79a81a67b3,within_subject,0.3.0.dev0,2026-09-10T20:12:21
Miller2019-motor_basic,ug,0,HighGamma + LDA,accuracy,1.0,0,chronological,72,18,25,0.1305170059204101,f0ad027786a9,0d79a81a67b3,within_subject,0.3.0.dev0,2026-09-10T20:12:21
Miller2019-motor_basic,ug,0,HighGamma + LDA,balanced_accuracy,1.0,0,chronological,72,18,25,0.1305170059204101,f0ad027786a9,0d79a81a67b3,within_subject,0.3.0.dev0,2026-09-10T20:12:21
Miller2019-motor_basic,ug,0,LogBandPower + LDA,kappa,1.0,0,chronological,72,18,25,0.1173751354217529,ad4c2abc31c8,0d79a81a67b3,within_subject,0.3.0.dev0,2026-09-10T20:12:21
Miller2019-motor_basic,ug,0,LogBandPower + LDA,accuracy,1.0,0,chronological,72,18,25,0.1173751354217529,ad4c2abc31c8,0d79a81a67b3,within_subject,0.3.0.dev0,2026-09-10T20:12:21
Miller2019-motor_basic,ug,0,LogBandPower + LDA,balanced_accuracy,1.0,0,chronological,72,18,25,0.1173751354217529,ad4c2abc31c8,0d79a81a67b3,within_subject,0.3.0.dev0,2026-09-10T20:12:21
Miller2019-motor_basic,ug,0,LogBandPower + LogReg,kappa,1.0,0,chronological,72,18,25,0.1169939041137695,688f919f3ab0,0d79a81a67b3,within_subject,0.3.0.dev0,2026-09-10T20:12:21
Miller2019-motor_basic,ug,0,LogBandPower + LogReg,accuracy,1.0,0,chronological,72,18,25,0.1169939041137695,688f919f3ab0,0d79a81a67b3,within_subject,0.3.0.dev0,2026-09-10T20:12:21
Miller2019-motor_basic,ug,0,LogBandPower + LogReg,balanced_accuracy,1.0,0,chronological,72,18,25,0.1169939041137695,688f919f3ab0,0d79a81a67b3,within_subject,0.3.0.dev0,2026-09-10T20:12:21
Miller2019-motor_basic,ug,0,Riemann TS + LogReg,kappa,1.0,0,chronological,72,18,25,0.1288912296295166,b4736e60e22e,0d79a81a67b3,within_subject,0.3.0.dev0,2026-09-10T20:12:21
Miller2019-motor_basic,ug,0,Riemann TS + LogReg,accuracy,1.0,0,chronological,72,18,25,0.1288912296295166,b4736e60e22e,0d79a81a67b3,within_subject,0.3.0.dev0,2026-09-10T20:12:21
Miller2019-motor_basic,ug,0,Riemann TS + LogReg,balanced_accuracy,1.0,0,chronological,72,18,25,0.1288912296295166,b4736e60e22e,0d79a81a67b3,within_subject,0.3.0.dev0,2026-09-10T20:12:21
Miller2019-motor_basic,ug,0,HighGamma + LDA,kappa,1.0,1,chronological,72,18,25,0.1145238876342773,f0ad027786a9,0d79a81a67b3,within_subject,0.3.0.dev0,2026-09-10T20:12:21
Miller2019-motor_basic,ug,0,HighGamma + LDA,accuracy,1.0,1,chronological,72,18,25,0.1145238876342773,f0ad027786a9,0d79a81a67b3,within_subject,0.3.0.dev0,2026-09-10T20:12:21
Miller2019-motor_basic,ug,0,HighGamma + LDA,balanced_accuracy,1.0,1,chronological,72,18,25,0.1145238876342773,f0ad027786a9,0d79a81a67b3,within_subject,0.3.0.dev0,2026-09-10T20:12:21
Miller2019-motor_basic,ug,0,LogBandPower + LDA,kappa,1.0,1,chronological,72,18,25,0.1159949302673339,ad4c2abc31c8,0d79a81a67b3,within_subject,0.3.0.dev0,2026-09-10T20:12:21
Miller2019-motor_basic,ug,0,LogBandPower + LDA,accuracy,1.0,1,chronological,72,18,25,0.1159949302673339,ad4c2abc31c8,0d79a81a67b3,within_subject,0.3.0.dev0,2026-09-10T20:12:21
Miller2019-motor_basic,ug,0,LogBandPower + LDA,balanced_accuracy,1.0,1,chronological,72,18,25,0.1159949302673339,ad4c2abc31c8,0d79a81a67b3,within_subject,0.3.0.dev0,2026-09-10T20:12:21
Miller2019-motor_basic,ug,0,LogBandPower + LogReg,kappa,1.0,1,chronological,72,18,25,0.1140282154083252,688f919f3ab0,0d79a81a67b3,within_subject,0.3.0.dev0,2026-09-10T20:12:21
Miller2019-motor_basic,ug,0,LogBandPower + LogReg,accuracy,1.0,1,chronological,72,18,25,0.1140282154083252,688f919f3ab0,0d79a81a67b3,within_subject,0.3.0.dev0,2026-09-10T20:12:21
Miller2019-motor_basic,ug,0,LogBandPower + LogReg,balanced_accuracy,1.0,1,chronological,72,18,25,0.1140282154083252,688f919f3ab0,0d79a81a67b3,within_subject,0.3.0.dev0,2026-09-10T20:12:21
Miller2019-motor_basic,ug,0,Riemann TS + LogReg,kappa,1.0,1,chronological,72,18,25,0.1290500164031982,b4736e60e22e,0d79a81a67b3,within_subject,0.3.0.dev0,2026-09-10T20:12:21
Miller2019-motor_basic,ug,0,Riemann TS + LogReg,accuracy,1.0,1,chronological,72,18,25,0.1290500164031982,b4736e60e22e,0d79a81a67b3,within_subject,0.3.0.dev0,2026-09-10T20:12:21
Miller2019-motor_basic,ug,0,Riemann TS + LogReg,balanced_accuracy,1.0,1,chronological,72,18,25,0.1290500164031982,b4736e60e22e,0d79a81a67b3,within_subject,0.3.0.dev0,2026-09-10T20:12:21
Miller2019-motor_basic,ug,0,HighGamma + LDA,kappa,1.0,2,chronological,72,18,25,0.1142373085021972,f0ad027786a9,0d79a81a67b3,within_subject,0.3.0.dev0,2026-09-10T20:12:21
Miller2019-motor_basic,ug,0,HighGamma + LDA,accuracy,1.0,2,chronological,72,18,25,0.1142373085021972,f0ad027786a9,0d79a81a67b3,within_subject,0.3.0.dev0,2026-09-10T20:12:21
Miller2019-motor_basic,ug,0,HighGamma + LDA,balanced_accuracy,1.0,2,chronological,72,18,25,0.1142373085021972,f0ad027786a9,0d79a81a67b3,within_subject,0.3.0.dev0,2026-09-10T20:12:21
Miller2019-motor_basic,ug,0,LogBandPower + LDA,kappa,1.0,2,chronological,72,18,25,0.1164259910583496,ad4c2abc31c8,0d79a81a67b3,within_subject,0.3.0.dev0,2026-09-10T20:12:21
Miller2019-motor_basic,ug,0,LogBandPower + LDA,accuracy,1.0,2,chronological,72,18,25,0.1164259910583496,ad4c2abc31c8,0d79a81a67b3,within_subject,0.3.0.dev0,2026-09-10T20:12:21
Miller2019-motor_basic,ug,0,LogBandPower + LDA,balanced_accuracy,1.0,2,chronological,72,18,25,0.1164259910583496,ad4c2abc31c8,0d79a81a67b3,within_subject,0.3.0.dev0,2026-09-10T20:12:21
Miller2019-motor_basic,ug,0,LogBandPower + LogReg,kappa,1.0,2,chronological,72,18,25,0.1159477233886718,688f919f3ab0,0d79a81a67b3,within_subject,0.3.0.dev0,2026-09-10T20:12:21
Miller2019-motor_basic,ug,0,LogBandPower + LogReg,accuracy,1.0,2,chronological,72,18,25,0.1159477233886718,688f919f3ab0,0d79a81a67b3,within_subject,0.3.0.dev0,2026-09-10T20:12:21
Miller2019-motor_basic,ug,0,LogBandPower + LogReg,balanced_accuracy,1.0,2,chronological,72,18,25,0.1159477233886718,688f919f3ab0,0d79a81a67b3,within_subject,0.3.0.dev0,2026-09-10T20:12:21
Miller2019-motor_basic,ug,0,Riemann TS + LogReg,kappa,0.8860759493670887,2,chronological,72,18,25,0.1285779476165771,b4736e60e22e,0d79a81a67b3,within_subject,0.3.0.dev0,2026-09-10T20:12:21
Miller2019-motor_basic,ug,0,Riemann TS + LogReg,accuracy,0.9444444444444444,2,chronological,72,18,25,0.1285779476165771,b4736e60e22e,0d79a81a67b3,within_subject,0.3.0.dev0,2026-09-10T20:12:21
Miller2019-motor_basic,ug,0,Riemann TS + LogReg,balanced_accuracy,0.9545454545454546,2,chronological,72,18,25,0.1285779476165771,b4736e60e22e,0d79a81a67b3,within_subject,0.3.0.dev0,2026-09-10T20:12:21
Miller2019-motor_basic,ug,0,HighGamma + LDA,kappa,1.0,3,chronological,72,18,25,0.1137049198150634,f0ad027786a9,0d79a81a67b3,within_subject,0.3.0.dev0,2026-09-10T20:12:21
Miller2019-motor_basic,ug,0,HighGamma + LDA,accuracy,1.0,3,chronological,72,18,25,0.1137049198150634,f0ad027786a9,0d79a81a67b3,within_subject,0.3.0.dev0,2026-09-10T20:12:21
Miller2019-motor_basic,ug,0,HighGamma + LDA,balanced_accuracy,1.0,3,chronological,72,18,25,0.1137049198150634,f0ad027786a9,0d79a81a67b3,within_subject,0.3.0.dev0,2026-09-10T20:12:21
Miller2019-motor_basic,ug,0,LogBandPower + LDA,kappa,1.0,3,chronological,72,18,25,0.116697072982788,ad4c2abc31c8,0d79a81a67b3,within_subject,0.3.0.dev0,2026-09-10T20:12:21
Miller2019-motor_basic,ug,0,LogBandPower + LDA,accuracy,1.0,3,chronological,72,18,25,0.116697072982788,ad4c2abc31c8,0d79a81a67b3,within_subject,0.3.0.dev0,2026-09-10T20:12:21
Miller2019-motor_basic,ug,0,LogBandPower + LDA,balanced_accuracy,1.0,3,chronological,72,18,25,0.116697072982788,ad4c2abc31c8,0d79a81a67b3,within_subject,0.3.0.dev0,2026-09-10T20:12:21
Miller2019-motor_basic,ug,0,LogBandPower + LogReg,kappa,1.0,3,chronological,72,18,25,0.1175148487091064,688f919f3ab0,0d79a81a67b3,within_subject,0.3.0.dev0,2026-09-10T20:12:21
Miller2019-motor_basic,ug,0,LogBandPower + LogReg,accuracy,1.0,3,chronological,72,18,25,0.1175148487091064,688f919f3ab0,0d79a81a67b3,within_subject,0.3.0.dev0,2026-09-10T20:12:21
Miller2019-motor_basic,ug,0,LogBandPower + LogReg,balanced_accuracy,1.0,3,chronological,72,18,25,0.1175148487091064,688f919f3ab0,0d79a81a67b3,within_subject,0.3.0.dev0,2026-09-10T20:12:21
Miller2019-motor_basic,ug,0,Riemann TS + LogReg,kappa,0.7692307692307692,3,chronological,72,18,25,0.132941722869873,b4736e60e22e,0d79a81a67b3,within_subject,0.3.0.dev0,2026-09-10T20:12:21
Miller2019-motor_basic,ug,0,Riemann TS + LogReg,accuracy,0.8888888888888888,3,chronological,72,18,25,0.132941722869873,b4736e60e22e,0d79a81a67b3,within_subject,0.3.0.dev0,2026-09-10T20:12:21
Miller2019-motor_basic,ug,0,Riemann TS + LogReg,balanced_accuracy,0.9166666666666669,3,chronological,72,18,25,0.132941722869873,b4736e60e22e,0d79a81a67b3,within_subject,0.3.0.dev0,2026-09-10T20:12:21
Miller2019-motor_basic,ug,0,HighGamma + LDA,kappa,1.0,4,chronological,72,18,25,0.1148359775543212,f0ad027786a9,0d79a81a67b3,within_subject,0.3.0.dev0,2026-09-10T20:12:21
Miller2019-motor_basic,ug,0,HighGamma + LDA,accuracy,1.0,4,chronological,72,18,25,0.1148359775543212,f0ad027786a9,0d79a81a67b3,within_subject,0.3.0.dev0,2026-09-10T20:12:21
Miller2019-motor_basic,ug,0,HighGamma + LDA,balanced_accuracy,1.0,4,chronological,72,18,25,0.1148359775543212,f0ad027786a9,0d79a81a67b3,within_subject,0.3.0.dev0,2026-09-10T20:12:21
Miller2019-motor_basic,ug,0,LogBandPower + LDA,kappa,1.0,4,chronological,72,18,25,0.1158530712127685,ad4c2abc31c8,0d79a81a67b3,within_subject,0.3.0.dev0,2026-09-10T20:12:21
Miller2019-motor_basic,ug,0,LogBandPower + LDA,accuracy,1.0,4,chronological,72,18,25,0.1158530712127685,ad4c2abc31c8,0d79a81a67b3,within_subject,0.3.0.dev0,2026-09-10T20:12:21
Miller2019-motor_basic,ug,0,LogBandPower + LDA,balanced_accuracy,1.0,4,chronological,72,18,25,0.1158530712127685,ad4c2abc31c8,0d79a81a67b3,within_subject,0.3.0.dev0,2026-09-10T20:12:21
Miller2019-motor_basic,ug,0,LogBandPower + LogReg,kappa,1.0,4,chronological,72,18,25,0.1141271591186523,688f919f3ab0,0d79a81a67b3,within_subject,0.3.0.dev0,2026-09-10T20:12:21
Miller2019-motor_basic,ug,0,LogBandPower + LogReg,accuracy,1.0,4,chronological,72,18,25,0.1141271591186523,688f919f3ab0,0d79a81a67b3,within_subject,0.3.0.dev0,2026-09-10T20:12:21
Miller2019-motor_basic,ug,0,LogBandPower + LogReg,balanced_accuracy,1.0,4,chronological,72,18,25,0.1141271591186523,688f919f3ab0,0d79a81a67b3,within_subject,0.3.0.dev0,2026-09-10T20:12:21
Miller2019-motor_basic,ug,0,Riemann TS + LogReg,kappa,1.0,4,chronological,72,18,25,0.1291220188140869,b4736e60e22e,0d79a81a67b3,within_subject,0.3.0.dev0,2026-09-10T20:12:21
Miller2019-motor_basic,ug,0,Riemann TS + LogReg,accuracy,1.0,4,chronological,72,18,25,0.1291220188140869,b4736e60e22e,0d79a81a67b3,within_subject,0.3.0.dev0,2026-09-10T20:12:21
Miller2019-motor_basic,ug,0,Riemann TS + LogReg,balanced_accuracy,1.0,4,chronological,72,18,25,0.1291220188140869,b4736e60e22e,0d79a81a67b3,within_subject,0.3.0.dev0,2026-09-10T20:12:21
Miller2019-motor_basic,wc,0,HighGamma + LDA,kappa,1.0,0,chronological,48,12,64,0.2289390563964843,f0ad027786a9,0d79a81a67b3,within_subject,0.3.0.dev0,2026-09-10T20:12:27
Miller2019-motor_basic,wc,0,HighGamma + LDA,accuracy,1.0,0,chronological,48,12,64,0.2289390563964843,f0ad027786a9,0d79a81a67b3,within_subject,0.3.0.dev0,2026-09-10T20:12:27
Miller2019-motor_basic,wc,0,HighGamma + LDA,balanced_accuracy,1.0,0,chronological,48,12,64,0.2289390563964843,f0ad027786a9,0d79a81a67b3,within_subject,0.3.0.dev0,2026-09-10T20:12:27
Miller2019-motor_basic,wc,0,LogBandPower + LDA,kappa,1.0,0,chronological,48,12,64,0.2385401725769043,ad4c2abc31c8,0d79a81a67b3,within_subject,0.3.0.dev0,2026-09-10T20:12:27
Miller2019-motor_basic,wc,0,LogBandPower + LDA,accuracy,1.0,0,chronological,48,12,64,0.2385401725769043,ad4c2abc31c8,0d79a81a67b3,within_subject,0.3.0.dev0,2026-09-10T20:12:27
Miller2019-motor_basic,wc,0,LogBandPower + LDA,balanced_accuracy,1.0,0,chronological,48,12,64,0.2385401725769043,ad4c2abc31c8,0d79a81a67b3,within_subject,0.3.0.dev0,2026-09-10T20:12:27
Miller2019-motor_basic,wc,0,LogBandPower + LogReg,kappa,1.0,0,chronological,48,12,64,0.2299387454986572,688f919f3ab0,0d79a81a67b3,within_subject,0.3.0.dev0,2026-09-10T20:12:27
Miller2019-motor_basic,wc,0,LogBandPower + LogReg,accuracy,1.0,0,chronological,48,12,64,0.2299387454986572,688f919f3ab0,0d79a81a67b3,within_subject,0.3.0.dev0,2026-09-10T20:12:27
Miller2019-motor_basic,wc,0,LogBandPower + LogReg,balanced_accuracy,1.0,0,chronological,48,12,64,0.2299387454986572,688f919f3ab0,0d79a81a67b3,within_subject,0.3.0.dev0,2026-09-10T20:12:27
Miller2019-motor_basic,wc,0,Riemann TS + LogReg,kappa,0.5263157894736843,0,chronological,48,12,64,0.3510851860046386,b4736e60e22e,0d79a81a67b3,within_subject,0.3.0.dev0,2026-09-10T20:12:27
Miller2019-motor_basic,wc,0,Riemann TS + LogReg,accuracy,0.75,0,chronological,48,12,64,0.3510851860046386,b4736e60e22e,0d79a81a67b3,within_subject,0.3.0.dev0,2026-09-10T20:12:27
Miller2019-motor_basic,wc,0,Riemann TS + LogReg,balanced_accuracy,0.8125,0,chronological,48,12,64,0.3510851860046386,b4736e60e22e,0d79a81a67b3,within_subject,0.3.0.dev0,2026-09-10T20:12:27
Miller2019-motor_basic,wc,0,HighGamma + LDA,kappa,1.0,1,chronological,48,12,64,0.2330968379974365,f0ad027786a9,0d79a81a67b3,within_subject,0.3.0.dev0,2026-09-10T20:12:27
Miller2019-motor_basic,wc,0,HighGamma + LDA,accuracy,1.0,1,chronological,48,12,64,0.2330968379974365,f0ad027786a9,0d79a81a67b3,within_subject,0.3.0.dev0,2026-09-10T20:12:27
Miller2019-motor_basic,wc,0,HighGamma + LDA,balanced_accuracy,1.0,1,chronological,48,12,64,0.2330968379974365,f0ad027786a9,0d79a81a67b3,within_subject,0.3.0.dev0,2026-09-10T20:12:27
Miller2019-motor_basic,wc,0,LogBandPower + LDA,kappa,1.0,1,chronological,48,12,64,0.24033784866333,ad4c2abc31c8,0d79a81a67b3,within_subject,0.3.0.dev0,2026-09-10T20:12:27
Miller2019-motor_basic,wc,0,LogBandPower + LDA,accuracy,1.0,1,chronological,48,12,64,0.24033784866333,ad4c2abc31c8,0d79a81a67b3,within_subject,0.3.0.dev0,2026-09-10T20:12:27
Miller2019-motor_basic,wc,0,LogBandPower + LDA,balanced_accuracy,1.0,1,chronological,48,12,64,0.24033784866333,ad4c2abc31c8,0d79a81a67b3,within_subject,0.3.0.dev0,2026-09-10T20:12:27
Miller2019-motor_basic,wc,0,LogBandPower + LogReg,kappa,1.0,1,chronological,48,12,64,0.2299680709838867,688f919f3ab0,0d79a81a67b3,within_subject,0.3.0.dev0,2026-09-10T20:12:27
Miller2019-motor_basic,wc,0,LogBandPower + LogReg,accuracy,1.0,1,chronological,48,12,64,0.2299680709838867,688f919f3ab0,0d79a81a67b3,within_subject,0.3.0.dev0,2026-09-10T20:12:27
Miller2019-motor_basic,wc,0,LogBandPower + LogReg,balanced_accuracy,1.0,1,chronological,48,12,64,0.2299680709838867,688f919f3ab0,0d79a81a67b3,within_subject,0.3.0.dev0,2026-09-10T20:12:27
Miller2019-motor_basic,wc,0,Riemann TS + LogReg,kappa,0.8333333333333334,1,chronological,48,12,64,0.3514590263366699,b4736e60e22e,0d79a81a67b3,within_subject,0.3.0.dev0,2026-09-10T20:12:27
Miller2019-motor_basic,wc,0,Riemann TS + LogReg,accuracy,0.9166666666666666,1,chronological,48,12,64,0.3514590263366699,b4736e60e22e,0d79a81a67b3,within_subject,0.3.0.dev0,2026-09-10T20:12:27
Miller2019-motor_basic,wc,0,Riemann TS + LogReg,balanced_accuracy,0.9166666666666669,1,chronological,48,12,64,0.3514590263366699,b4736e60e22e,0d79a81a67b3,within_subject,0.3.0.dev0,2026-09-10T20:12:27
Miller2019-motor_basic,wc,0,HighGamma + LDA,kappa,1.0,2,chronological,48,12,64,0.2311761379241943,f0ad027786a9,0d79a81a67b3,within_subject,0.3.0.dev0,2026-09-10T20:12:27
Miller2019-motor_basic,wc,0,HighGamma + LDA,accuracy,1.0,2,chronological,48,12,64,0.2311761379241943,f0ad027786a9,0d79a81a67b3,within_subject,0.3.0.dev0,2026-09-10T20:12:27
Miller2019-motor_basic,wc,0,HighGamma + LDA,balanced_accuracy,1.0,2,chronological,48,12,64,0.2311761379241943,f0ad027786a9,0d79a81a67b3,within_subject,0.3.0.dev0,2026-09-10T20:12:27
Miller2019-motor_basic,wc,0,LogBandPower + LDA,kappa,1.0,2,chronological,48,12,64,0.2405319213867187,ad4c2abc31c8,0d79a81a67b3,within_subject,0.3.0.dev0,2026-09-10T20:12:27
Miller2019-motor_basic,wc,0,LogBandPower + LDA,accuracy,1.0,2,chronological,48,12,64,0.2405319213867187,ad4c2abc31c8,0d79a81a67b3,within_subject,0.3.0.dev0,2026-09-10T20:12:27
Miller2019-motor_basic,wc,0,LogBandPower + LDA,balanced_accuracy,1.0,2,chronological,48,12,64,0.2405319213867187,ad4c2abc31c8,0d79a81a67b3,within_subject,0.3.0.dev0,2026-09-10T20:12:27
Miller2019-motor_basic,wc,0,LogBandPower + LogReg,kappa,1.0,2,chronological,48,12,64,0.2320399284362793,688f919f3ab0,0d79a81a67b3,within_subject,0.3.0.dev0,2026-09-10T20:12:27
Miller2019-motor_basic,wc,0,LogBandPower + LogReg,accuracy,1.0,2,chronological,48,12,64,0.2320399284362793,688f919f3ab0,0d79a81a67b3,within_subject,0.3.0.dev0,2026-09-10T20:12:27
Miller2019-motor_basic,wc,0,LogBandPower + LogReg,balanced_accuracy,1.0,2,chronological,48,12,64,0.2320399284362793,688f919f3ab0,0d79a81a67b3,within_subject,0.3.0.dev0,2026-09-10T20:12:27
Miller2019-motor_basic,wc,0,Riemann TS + LogReg,kappa,0.5263157894736843,2,chronological,48,12,64,0.3542191982269287,b4736e60e22e,0d79a81a67b3,within_subject,0.3.0.dev0,2026-09-10T20:12:27
Miller2019-motor_basic,wc,0,Riemann TS + LogReg,accuracy,0.75,2,chronological,48,12,64,0.3542191982269287,b4736e60e22e,0d79a81a67b3,within_subject,0.3.0.dev0,2026-09-10T20:12:27
Miller2019-motor_basic,wc,0,Riemann TS + LogReg,balanced_accuracy,0.7857142857142857,2,chronological,48,12,64,0.3542191982269287,b4736e60e22e,0d79a81a67b3,within_subject,0.3.0.dev0,2026-09-10T20:12:27
Miller2019-motor_basic,wc,0,HighGamma + LDA,kappa,1.0,3,chronological,48,12,64,0.2284698486328125,f0ad027786a9,0d79a81a67b3,within_subject,0.3.0.dev0,2026-09-10T20:12:27
Miller2019-motor_basic,wc,0,HighGamma + LDA,accuracy,1.0,3,chronological,48,12,64,0.2284698486328125,f0ad027786a9,0d79a81a67b3,within_subject,0.3.0.dev0,2026-09-10T20:12:27
Miller2019-motor_basic,wc,0,HighGamma + LDA,balanced_accuracy,1.0,3,chronological,48,12,64,0.2284698486328125,f0ad027786a9,0d79a81a67b3,within_subject,0.3.0.dev0,2026-09-10T20:12:27
Miller2019-motor_basic,wc,0,LogBandPower + LDA,kappa,1.0,3,chronological,48,12,64,0.23567795753479,ad4c2abc31c8,0d79a81a67b3,within_subject,0.3.0.dev0,2026-09-10T20:12:27
Miller2019-motor_basic,wc,0,LogBandPower + LDA,accuracy,1.0,3,chronological,48,12,64,0.23567795753479,ad4c2abc31c8,0d79a81a67b3,within_subject,0.3.0.dev0,2026-09-10T20:12:27
Miller2019-motor_basic,wc,0,LogBandPower + LDA,balanced_accuracy,1.0,3,chronological,48,12,64,0.23567795753479,ad4c2abc31c8,0d79a81a67b3,within_subject,0.3.0.dev0,2026-09-10T20:12:27
Miller2019-motor_basic,wc,0,LogBandPower + LogReg,kappa,1.0,3,chronological,48,12,64,0.2271211147308349,688f919f3ab0,0d79a81a67b3,within_subject,0.3.0.dev0,2026-09-10T20:12:27
Miller2019-motor_basic,wc,0,LogBandPower + LogReg,accuracy,1.0,3,chronological,48,12,64,0.2271211147308349,688f919f3ab0,0d79a81a67b3,within_subject,0.3.0.dev0,2026-09-10T20:12:27
Miller2019-motor_basic,wc,0,LogBandPower + LogReg,balanced_accuracy,1.0,3,chronological,48,12,64,0.2271211147308349,688f919f3ab0,0d79a81a67b3,within_subject,0.3.0.dev0,2026-09-10T20:12:27
Miller2019-motor_basic,wc,0,Riemann TS + LogReg,kappa,0.8235294117647058,3,chronological,48,12,64,0.3508880138397217,b4736e60e22e,0d79a81a67b3,within_subject,0.3.0.dev0,2026-09-10T20:12:27
Miller2019-motor_basic,wc,0,Riemann TS + LogReg,accuracy,0.9166666666666666,3,chronological,48,12,64,0.3508880138397217,b4736e60e22e,0d79a81a67b3,within_subject,0.3.0.dev0,2026-09-10T20:12:27
Miller2019-motor_basic,wc,0,Riemann TS + LogReg,balanced_accuracy,0.9375,3,chronological,48,12,64,0.3508880138397217,b4736e60e22e,0d79a81a67b3,within_subject,0.3.0.dev0,2026-09-10T20:12:27
Miller2019-motor_basic,wc,0,HighGamma + LDA,kappa,1.0,4,chronological,48,12,64,0.229417085647583,f0ad027786a9,0d79a81a67b3,within_subject,0.3.0.dev0,2026-09-10T20:12:27
Miller2019-motor_basic,wc,0,HighGamma + LDA,accuracy,1.0,4,chronological,48,12,64,0.229417085647583,f0ad027786a9,0d79a81a67b3,within_subject,0.3.0.dev0,2026-09-10T20:12:27
Miller2019-motor_basic,wc,0,HighGamma + LDA,balanced_accuracy,1.0,4,chronological,48,12,64,0.229417085647583,f0ad027786a9,0d79a81a67b3,within_subject,0.3.0.dev0,2026-09-10T20:12:27
Miller2019-motor_basic,wc,0,LogBandPower + LDA,kappa,1.0,4,chronological,48,12,64,0.2451908588409423,ad4c2abc31c8,0d79a81a67b3,within_subject,0.3.0.dev0,2026-09-10T20:12:27
Miller2019-motor_basic,wc,0,LogBandPower + LDA,accuracy,1.0,4,chronological,48,12,64,0.2451908588409423,ad4c2abc31c8,0d79a81a67b3,within_subject,0.3.0.dev0,2026-09-10T20:12:27
Miller2019-motor_basic,wc,0,LogBandPower + LDA,balanced_accuracy,1.0,4,chronological,48,12,64,0.2451908588409423,ad4c2abc31c8,0d79a81a67b3,within_subject,0.3.0.dev0,2026-09-10T20:12:27
Miller2019-motor_basic,wc,0,LogBandPower + LogReg,kappa,1.0,4,chronological,48,12,64,0.2287328243255615,688f919f3ab0,0d79a81a67b3,within_subject,0.3.0.dev0,2026-09-10T20:12:27
Miller2019-motor_basic,wc,0,LogBandPower + LogReg,accuracy,1.0,4,chronological,48,12,64,0.2287328243255615,688f919f3ab0,0d79a81a67b3,within_subject,0.3.0.dev0,2026-09-10T20:12:27
Miller2019-motor_basic,wc,0,LogBandPower + LogReg,balanced_accuracy,1.0,4,chronological,48,12,64,0.2287328243255615,688f919f3ab0,0d79a81a67b3,within_subject,0.3.0.dev0,2026-09-10T20:12:27
Miller2019-motor_basic,wc,0,Riemann TS + LogReg,kappa,0.6756756756756757,4,chronological,48,12,64,0.3514320850372314,b4736e60e22e,0d79a81a67b3,within_subject,0.3.0.dev0,2026-09-10T20:12:27
Miller2019-motor_basic,wc,0,Riemann TS + LogReg,accuracy,0.8333333333333334,4,chronological,48,12,64,0.3514320850372314,b4736e60e22e,0d79a81a67b3,within_subject,0.3.0.dev0,2026-09-10T20:12:27
Miller2019-motor_basic,wc,0,Riemann TS + LogReg,balanced_accuracy,0.8571428571428572,4,chronological,48,12,64,0.3514320850372314,b4736e60e22e,0d79a81a67b3,within_subject,0.3.0.dev0,2026-09-10T20:12:27
Miller2019-motor_basic,zt,0,HighGamma + LDA,kappa,1.0,0,chronological,48,12,48,0.1485247611999511,f0ad027786a9,0d79a81a67b3,within_subject,0.3.0.dev0,2026-09-10T20:12:32
Miller2019-motor_basic,zt,0,HighGamma + LDA,accuracy,1.0,0,chronological,48,12,48,0.1485247611999511,f0ad027786a9,0d79a81a67b3,within_subject,0.3.0.dev0,2026-09-10T20:12:32
Miller2019-motor_basic,zt,0,HighGamma + LDA,balanced_accuracy,1.0,0,chronological,48,12,48,0.1485247611999511,f0ad027786a9,0d79a81a67b3,within_subject,0.3.0.dev0,2026-09-10T20:12:32
Miller2019-motor_basic,zt,0,LogBandPower + LDA,kappa,1.0,0,chronological,48,12,48,0.1561012268066406,ad4c2abc31c8,0d79a81a67b3,within_subject,0.3.0.dev0,2026-09-10T20:12:32
Miller2019-motor_basic,zt,0,LogBandPower + LDA,accuracy,1.0,0,chronological,48,12,48,0.1561012268066406,ad4c2abc31c8,0d79a81a67b3,within_subject,0.3.0.dev0,2026-09-10T20:12:32
Miller2019-motor_basic,zt,0,LogBandPower + LDA,balanced_accuracy,1.0,0,chronological,48,12,48,0.1561012268066406,ad4c2abc31c8,0d79a81a67b3,within_subject,0.3.0.dev0,2026-09-10T20:12:32
Miller2019-motor_basic,zt,0,LogBandPower + LogReg,kappa,1.0,0,chronological,48,12,48,0.1486117839813232,688f919f3ab0,0d79a81a67b3,within_subject,0.3.0.dev0,2026-09-10T20:12:32
Miller2019-motor_basic,zt,0,LogBandPower + LogReg,accuracy,1.0,0,chronological,48,12,48,0.1486117839813232,688f919f3ab0,0d79a81a67b3,within_subject,0.3.0.dev0,2026-09-10T20:12:32
Miller2019-motor_basic,zt,0,LogBandPower + LogReg,balanced_accuracy,1.0,0,chronological,48,12,48,0.1486117839813232,688f919f3ab0,0d79a81a67b3,within_subject,0.3.0.dev0,2026-09-10T20:12:32
Miller2019-motor_basic,zt,0,Riemann TS + LogReg,kappa,1.0,0,chronological,48,12,48,0.2080011367797851,b4736e60e22e,0d79a81a67b3,within_subject,0.3.0.dev0,2026-09-10T20:12:32
Miller2019-motor_basic,zt,0,Riemann TS + LogReg,accuracy,1.0,0,chronological,48,12,48,0.2080011367797851,b4736e60e22e,0d79a81a67b3,within_subject,0.3.0.dev0,2026-09-10T20:12:32
Miller2019-motor_basic,zt,0,Riemann TS + LogReg,balanced_accuracy,1.0,0,chronological,48,12,48,0.2080011367797851,b4736e60e22e,0d79a81a67b3,within_subject,0.3.0.dev0,2026-09-10T20:12:32
Miller2019-motor_basic,zt,0,HighGamma + LDA,kappa,1.0,1,chronological,48,12,48,0.1481170654296875,f0ad027786a9,0d79a81a67b3,within_subject,0.3.0.dev0,2026-09-10T20:12:32
Miller2019-motor_basic,zt,0,HighGamma + LDA,accuracy,1.0,1,chronological,48,12,48,0.1481170654296875,f0ad027786a9,0d79a81a67b3,within_subject,0.3.0.dev0,2026-09-10T20:12:32
Miller2019-motor_basic,zt,0,HighGamma + LDA,balanced_accuracy,1.0,1,chronological,48,12,48,0.1481170654296875,f0ad027786a9,0d79a81a67b3,within_subject,0.3.0.dev0,2026-09-10T20:12:32
Miller2019-motor_basic,zt,0,LogBandPower + LDA,kappa,1.0,1,chronological,48,12,48,0.1540281772613525,ad4c2abc31c8,0d79a81a67b3,within_subject,0.3.0.dev0,2026-09-10T20:12:32
Miller2019-motor_basic,zt,0,LogBandPower + LDA,accuracy,1.0,1,chronological,48,12,48,0.1540281772613525,ad4c2abc31c8,0d79a81a67b3,within_subject,0.3.0.dev0,2026-09-10T20:12:32
Miller2019-motor_basic,zt,0,LogBandPower + LDA,balanced_accuracy,1.0,1,chronological,48,12,48,0.1540281772613525,ad4c2abc31c8,0d79a81a67b3,within_subject,0.3.0.dev0,2026-09-10T20:12:32
Miller2019-motor_basic,zt,0,LogBandPower + LogReg,kappa,1.0,1,chronological,48,12,48,0.1496949195861816,688f919f3ab0,0d79a81a67b3,within_subject,0.3.0.dev0,2026-09-10T20:12:32
Miller2019-motor_basic,zt,0,LogBandPower + LogReg,accuracy,1.0,1,chronological,48,12,48,0.1496949195861816,688f919f3ab0,0d79a81a67b3,within_subject,0.3.0.dev0,2026-09-10T20:12:32
Miller2019-motor_basic,zt,0,LogBandPower + LogReg,balanced_accuracy,1.0,1,chronological,48,12,48,0.1496949195861816,688f919f3ab0,0d79a81a67b3,within_subject,0.3.0.dev0,2026-09-10T20:12:32
Miller2019-motor_basic,zt,0,Riemann TS + LogReg,kappa,0.8333333333333334,1,chronological,48,12,48,0.2079329490661621,b4736e60e22e,0d79a81a67b3,within_subject,0.3.0.dev0,2026-09-10T20:12:32
Miller2019-motor_basic,zt,0,Riemann TS + LogReg,accuracy,0.9166666666666666,1,chronological,48,12,48,0.2079329490661621,b4736e60e22e,0d79a81a67b3,within_subject,0.3.0.dev0,2026-09-10T20:12:32
Miller2019-motor_basic,zt,0,Riemann TS + LogReg,balanced_accuracy,0.9166666666666669,1,chronological,48,12,48,0.2079329490661621,b4736e60e22e,0d79a81a67b3,within_subject,0.3.0.dev0,2026-09-10T20:12:32
Miller2019-motor_basic,zt,0,HighGamma + LDA,kappa,1.0,2,chronological,48,12,48,0.1469917297363281,f0ad027786a9,0d79a81a67b3,within_subject,0.3.0.dev0,2026-09-10T20:12:32
Miller2019-motor_basic,zt,0,HighGamma + LDA,accuracy,1.0,2,chronological,48,12,48,0.1469917297363281,f0ad027786a9,0d79a81a67b3,within_subject,0.3.0.dev0,2026-09-10T20:12:32
Miller2019-motor_basic,zt,0,HighGamma + LDA,balanced_accuracy,1.0,2,chronological,48,12,48,0.1469917297363281,f0ad027786a9,0d79a81a67b3,within_subject,0.3.0.dev0,2026-09-10T20:12:32
Miller2019-motor_basic,zt,0,LogBandPower + LDA,kappa,1.0,2,chronological,48,12,48,0.152817964553833,ad4c2abc31c8,0d79a81a67b3,within_subject,0.3.0.dev0,2026-09-10T20:12:32
Miller2019-motor_basic,zt,0,LogBandPower + LDA,accuracy,1.0,2,chronological,48,12,48,0.152817964553833,ad4c2abc31c8,0d79a81a67b3,within_subject,0.3.0.dev0,2026-09-10T20:12:32
Miller2019-motor_basic,zt,0,LogBandPower + LDA,balanced_accuracy,1.0,2,chronological,48,12,48,0.152817964553833,ad4c2abc31c8,0d79a81a67b3,within_subject,0.3.0.dev0,2026-09-10T20:12:32
Miller2019-motor_basic,zt,0,LogBandPower + LogReg,kappa,1.0,2,chronological,48,12,48,0.1491198539733886,688f919f3ab0,0d79a81a67b3,within_subject,0.3.0.dev0,2026-09-10T20:12:32
Miller2019-motor_basic,zt,0,LogBandPower + LogReg,accuracy,1.0,2,chronological,48,12,48,0.1491198539733886,688f919f3ab0,0d79a81a67b3,within_subject,0.3.0.dev0,2026-09-10T20:12:32
Miller2019-motor_basic,zt,0,LogBandPower + LogReg,balanced_accuracy,1.0,2,chronological,48,12,48,0.1491198539733886,688f919f3ab0,0d79a81a67b3,within_subject,0.3.0.dev0,2026-09-10T20:12:32
Miller2019-motor_basic,zt,0,Riemann TS + LogReg,kappa,0.75,2,chronological,48,12,48,0.2035298347473144,b4736e60e22e,0d79a81a67b3,within_subject,0.3.0.dev0,2026-09-10T20:12:32
Miller2019-motor_basic,zt,0,Riemann TS + LogReg,accuracy,0.9166666666666666,2,chronological,48,12,48,0.2035298347473144,b4736e60e22e,0d79a81a67b3,within_subject,0.3.0.dev0,2026-09-10T20:12:32
Miller2019-motor_basic,zt,0,Riemann TS + LogReg,balanced_accuracy,0.8333333333333333,2,chronological,48,12,48,0.2035298347473144,b4736e60e22e,0d79a81a67b3,within_subject,0.3.0.dev0,2026-09-10T20:12:32
Miller2019-motor_basic,zt,0,HighGamma + LDA,kappa,1.0,3,chronological,48,12,48,0.1503901481628418,f0ad027786a9,0d79a81a67b3,within_subject,0.3.0.dev0,2026-09-10T20:12:32
Miller2019-motor_basic,zt,0,HighGamma + LDA,accuracy,1.0,3,chronological,48,12,48,0.1503901481628418,f0ad027786a9,0d79a81a67b3,within_subject,0.3.0.dev0,2026-09-10T20:12:32
Miller2019-motor_basic,zt,0,HighGamma + LDA,balanced_accuracy,1.0,3,chronological,48,12,48,0.1503901481628418,f0ad027786a9,0d79a81a67b3,within_subject,0.3.0.dev0,2026-09-10T20:12:32
Miller2019-motor_basic,zt,0,LogBandPower + LDA,kappa,1.0,3,chronological,48,12,48,0.1546013355255127,ad4c2abc31c8,0d79a81a67b3,within_subject,0.3.0.dev0,2026-09-10T20:12:32
Miller2019-motor_basic,zt,0,LogBandPower + LDA,accuracy,1.0,3,chronological,48,12,48,0.1546013355255127,ad4c2abc31c8,0d79a81a67b3,within_subject,0.3.0.dev0,2026-09-10T20:12:32
Miller2019-motor_basic,zt,0,LogBandPower + LDA,balanced_accuracy,1.0,3,chronological,48,12,48,0.1546013355255127,ad4c2abc31c8,0d79a81a67b3,within_subject,0.3.0.dev0,2026-09-10T20:12:32
Miller2019-motor_basic,zt,0,LogBandPower + LogReg,kappa,1.0,3,chronological,48,12,48,0.1480031013488769,688f919f3ab0,0d79a81a67b3,within_subject,0.3.0.dev0,2026-09-10T20:12:32
Miller2019-motor_basic,zt,0,LogBandPower + LogReg,accuracy,1.0,3,chronological,48,12,48,0.1480031013488769,688f919f3ab0,0d79a81a67b3,within_subject,0.3.0.dev0,2026-09-10T20:12:32
Miller2019-motor_basic,zt,0,LogBandPower + LogReg,balanced_accuracy,1.0,3,chronological,48,12,48,0.1480031013488769,688f919f3ab0,0d79a81a67b3,within_subject,0.3.0.dev0,2026-09-10T20:12:32
Miller2019-motor_basic,zt,0,Riemann TS + LogReg,kappa,0.8235294117647058,3,chronological,48,12,48,0.2095298767089843,b4736e60e22e,0d79a81a67b3,within_subject,0.3.0.dev0,2026-09-10T20:12:32
Miller2019-motor_basic,zt,0,Riemann TS + LogReg,accuracy,0.9166666666666666,3,chronological,48,12,48,0.2095298767089843,b4736e60e22e,0d79a81a67b3,within_subject,0.3.0.dev0,2026-09-10T20:12:32
Miller2019-motor_basic,zt,0,Riemann TS + LogReg,balanced_accuracy,0.9375,3,chronological,48,12,48,0.2095298767089843,b4736e60e22e,0d79a81a67b3,within_subject,0.3.0.dev0,2026-09-10T20:12:32
Miller2019-motor_basic,zt,0,HighGamma + LDA,kappa,1.0,4,chronological,48,12,48,0.1479620933532714,f0ad027786a9,0d79a81a67b3,within_subject,0.3.0.dev0,2026-09-10T20:12:32
Miller2019-motor_basic,zt,0,HighGamma + LDA,accuracy,1.0,4,chronological,48,12,48,0.1479620933532714,f0ad027786a9,0d79a81a67b3,within_subject,0.3.0.dev0,2026-09-10T20:12:32
Miller2019-motor_basic,zt,0,HighGamma + LDA,balanced_accuracy,1.0,4,chronological,48,12,48,0.1479620933532714,f0ad027786a9,0d79a81a67b3,within_subject,0.3.0.dev0,2026-09-10T20:12:32
Miller2019-motor_basic,zt,0,LogBandPower + LDA,kappa,1.0,4,chronological,48,12,48,0.1543629169464111,ad4c2abc31c8,0d79a81a67b3,within_subject,0.3.0.dev0,2026-09-10T20:12:32
Miller2019-motor_basic,zt,0,LogBandPower + LDA,accuracy,1.0,4,chronological,48,12,48,0.1543629169464111,ad4c2abc31c8,0d79a81a67b3,within_subject,0.3.0.dev0,2026-09-10T20:12:32
Miller2019-motor_basic,zt,0,LogBandPower + LDA,balanced_accuracy,1.0,4,chronological,48,12,48,0.1543629169464111,ad4c2abc31c8,0d79a81a67b3,within_subject,0.3.0.dev0,2026-09-10T20:12:32
Miller2019-motor_basic,zt,0,LogBandPower + LogReg,kappa,1.0,4,chronological,48,12,48,0.1492190361022949,688f919f3ab0,0d79a81a67b3,within_subject,0.3.0.dev0,2026-09-10T20:12:32
Miller2019-motor_basic,zt,0,LogBandPower + LogReg,accuracy,1.0,4,chronological,48,12,48,0.1492190361022949,688f919f3ab0,0d79a81a67b3,within_subject,0.3.0.dev0,2026-09-10T20:12:32
Miller2019-motor_basic,zt,0,LogBandPower + LogReg,balanced_accuracy,1.0,4,chronological,48,12,48,0.1492190361022949,688f919f3ab0,0d79a81a67b3,within_subject,0.3.0.dev0,2026-09-10T20:12:32
Miller2019-motor_basic,zt,0,Riemann TS + LogReg,kappa,1.0,4,chronological,48,12,48,0.2086760997772216,b4736e60e22e,0d79a81a67b3,within_subject,0.3.0.dev0,2026-09-10T20:12:32
Miller2019-motor_basic,zt,0,Riemann TS + LogReg,accuracy,1.0,4,chronological,48,12,48,0.2086760997772216,b4736e60e22e,0d79a81a67b3,within_subject,0.3.0.dev0,2026-09-10T20:12:32
Miller2019-motor_basic,zt,0,Riemann TS + LogReg,balanced_accuracy,1.0,4,chronological,48,12,48,0.2086760997772216,b4736e60e22e,0d79a81a67b3,within_subject,0.3.0.dev0,2026-09-10T20:12:32
Miller2019-motor_basic,bp,0,ShallowFBCSPNet s0,kappa,0.6666666666666667,0,chronological,48,12,47,5.271869897842407,3e4982a8b355,8468b414e125,within_subject,0.3.0.dev0,2026-09-10T20:15:29
Miller2019-motor_basic,bp,0,ShallowFBCSPNet s0,accuracy,0.8333333333333334,0,chronological,48,12,47,5.271869897842407,3e4982a8b355,8468b414e125,within_subject,0.3.0.dev0,2026-09-10T20:15:29
Miller2019-motor_basic,bp,0,ShallowFBCSPNet s0,balanced_accuracy,0.875,0,chronological,48,12,47,5.271869897842407,3e4982a8b355,8468b414e125,within_subject,0.3.0.dev0,2026-09-10T20:15:29
Miller2019-motor_basic,bp,0,ShallowFBCSPNet s0,kappa,0.5263157894736843,1,chronological,48,12,47,3.2545251846313477,3e4982a8b355,8468b414e125,within_subject,0.3.0.dev0,2026-09-10T20:15:29
Miller2019-motor_basic,bp,0,ShallowFBCSPNet s0,accuracy,0.75,1,chronological,48,12,47,3.2545251846313477,3e4982a8b355,8468b414e125,within_subject,0.3.0.dev0,2026-09-10T20:15:29
Miller2019-motor_basic,bp,0,ShallowFBCSPNet s0,balanced_accuracy,0.8125,1,chronological,48,12,47,3.2545251846313477,3e4982a8b355,8468b414e125,within_subject,0.3.0.dev0,2026-09-10T20:15:29
Miller2019-motor_basic,bp,0,ShallowFBCSPNet s0,kappa,0.8235294117647058,2,chronological,48,12,47,3.402149200439453,3e4982a8b355,8468b414e125,within_subject,0.3.0.dev0,2026-09-10T20:15:29
Miller2019-motor_basic,bp,0,ShallowFBCSPNet s0,accuracy,0.9166666666666666,2,chronological,48,12,47,3.402149200439453,3e4982a8b355,8468b414e125,within_subject,0.3.0.dev0,2026-09-10T20:15:29
Miller2019-motor_basic,bp,0,ShallowFBCSPNet s0,balanced_accuracy,0.9375,2,chronological,48,12,47,3.402149200439453,3e4982a8b355,8468b414e125,within_subject,0.3.0.dev0,2026-09-10T20:15:29
Miller2019-motor_basic,bp,0,ShallowFBCSPNet s0,kappa,0.1428571428571429,3,chronological,48,12,47,3.1348469257354736,3e4982a8b355,8468b414e125,within_subject,0.3.0.dev0,2026-09-10T20:15:29
Miller2019-motor_basic,bp,0,ShallowFBCSPNet s0,accuracy,0.6666666666666666,3,chronological,48,12,47,3.1348469257354736,3e4982a8b355,8468b414e125,within_subject,0.3.0.dev0,2026-09-10T20:15:29
Miller2019-motor_basic,bp,0,ShallowFBCSPNet s0,balanced_accuracy,0.5625,3,chronological,48,12,47,3.1348469257354736,3e4982a8b355,8468b414e125,within_subject,0.3.0.dev0,2026-09-10T20:15:29
Miller2019-motor_basic,bp,0,ShallowFBCSPNet s0,kappa,0.0,4,chronological,48,12,47,3.1432671546936035,3e4982a8b355,8468b414e125,within_subject,0.3.0.dev0,2026-09-10T20:15:29
Miller2019-motor_basic,bp,0,ShallowFBCSPNet s0,accuracy,0.5,4,chronological,48,12,47,3.1432671546936035,3e4982a8b355,8468b414e125,within_subject,0.3.0.dev0,2026-09-10T20:15:29
Miller2019-motor_basic,bp,0,ShallowFBCSPNet s0,balanced_accuracy,0.5,4,chronological,48,12,47,3.1432671546936035,3e4982a8b355,8468b414e125,within_subject,0.3.0.dev0,2026-09-10T20:15:29
Miller2019-motor_basic,ca,0,ShallowFBCSPNet s0,kappa,0.5263157894736843,0,chronological,48,12,59,3.884321928024292,3e4982a8b355,8468b414e125,within_subject,0.3.0.dev0,2026-09-10T20:15:50
Miller2019-motor_basic,ca,0,ShallowFBCSPNet s0,accuracy,0.75,0,chronological,48,12,59,3.884321928024292,3e4982a8b355,8468b414e125,within_subject,0.3.0.dev0,2026-09-10T20:15:50
Miller2019-motor_basic,ca,0,ShallowFBCSPNet s0,balanced_accuracy,0.7857142857142857,0,chronological,48,12,59,3.884321928024292,3e4982a8b355,8468b414e125,within_subject,0.3.0.dev0,2026-09-10T20:15:50
Miller2019-motor_basic,ca,0,ShallowFBCSPNet s0,kappa,0.2499999999999999,1,chronological,48,12,59,3.8522870540618896,3e4982a8b355,8468b414e125,within_subject,0.3.0.dev0,2026-09-10T20:15:50
Miller2019-motor_basic,ca,0,ShallowFBCSPNet s0,accuracy,0.5833333333333334,1,chronological,48,12,59,3.8522870540618896,3e4982a8b355,8468b414e125,within_subject,0.3.0.dev0,2026-09-10T20:15:50
Miller2019-motor_basic,ca,0,ShallowFBCSPNet s0,balanced_accuracy,0.6428571428571428,1,chronological,48,12,59,3.8522870540618896,3e4982a8b355,8468b414e125,within_subject,0.3.0.dev0,2026-09-10T20:15:50
Miller2019-motor_basic,ca,0,ShallowFBCSPNet s0,kappa,0.4375000000000001,2,chronological,48,12,59,3.903186082839966,3e4982a8b355,8468b414e125,within_subject,0.3.0.dev0,2026-09-10T20:15:50
Miller2019-motor_basic,ca,0,ShallowFBCSPNet s0,accuracy,0.75,2,chronological,48,12,59,3.903186082839966,3e4982a8b355,8468b414e125,within_subject,0.3.0.dev0,2026-09-10T20:15:50
Miller2019-motor_basic,ca,0,ShallowFBCSPNet s0,balanced_accuracy,0.7,2,chronological,48,12,59,3.903186082839966,3e4982a8b355,8468b414e125,within_subject,0.3.0.dev0,2026-09-10T20:15:50
Miller2019-motor_basic,ca,0,ShallowFBCSPNet s0,kappa,0.2499999999999999,3,chronological,48,12,59,4.053328037261963,3e4982a8b355,8468b414e125,within_subject,0.3.0.dev0,2026-09-10T20:15:50
Miller2019-motor_basic,ca,0,ShallowFBCSPNet s0,accuracy,0.5833333333333334,3,chronological,48,12,59,4.053328037261963,3e4982a8b355,8468b414e125,within_subject,0.3.0.dev0,2026-09-10T20:15:50
Miller2019-motor_basic,ca,0,ShallowFBCSPNet s0,balanced_accuracy,0.6428571428571428,3,chronological,48,12,59,4.053328037261963,3e4982a8b355,8468b414e125,within_subject,0.3.0.dev0,2026-09-10T20:15:50
Miller2019-motor_basic,ca,0,ShallowFBCSPNet s0,kappa,-0.3999999999999999,4,chronological,48,12,59,3.4520137310028076,3e4982a8b355,8468b414e125,within_subject,0.3.0.dev0,2026-09-10T20:15:50
Miller2019-motor_basic,ca,0,ShallowFBCSPNet s0,accuracy,0.4166666666666667,4,chronological,48,12,59,3.4520137310028076,3e4982a8b355,8468b414e125,within_subject,0.3.0.dev0,2026-09-10T20:15:50
Miller2019-motor_basic,ca,0,ShallowFBCSPNet s0,balanced_accuracy,0.3125,4,chronological,48,12,59,3.4520137310028076,3e4982a8b355,8468b414e125,within_subject,0.3.0.dev0,2026-09-10T20:15:50
Miller2019-motor_basic,cc,0,ShallowFBCSPNet s0,kappa,0.0,0,chronological,24,6,60,0.029955148696899414,3e4982a8b355,8468b414e125,within_subject,0.3.0.dev0,2026-09-10T20:15:51
Miller2019-motor_basic,cc,0,ShallowFBCSPNet s0,accuracy,0.6666666666666666,0,chronological,24,6,60,0.029955148696899414,3e4982a8b355,8468b414e125,within_subject,0.3.0.dev0,2026-09-10T20:15:51
Miller2019-motor_basic,cc,0,ShallowFBCSPNet s0,balanced_accuracy,0.5,0,chronological,24,6,60,0.029955148696899414,3e4982a8b355,8468b414e125,within_subject,0.3.0.dev0,2026-09-10T20:15:51
Miller2019-motor_basic,cc,0,ShallowFBCSPNet s0,kappa,0.0,1,chronological,24,6,60,0.026124954223632812,3e4982a8b355,8468b414e125,within_subject,0.3.0.dev0,2026-09-10T20:15:51
Miller2019-motor_basic,cc,0,ShallowFBCSPNet s0,accuracy,0.3333333333333333,1,chronological,24,6,60,0.026124954223632812,3e4982a8b355,8468b414e125,within_subject,0.3.0.dev0,2026-09-10T20:15:51
Miller2019-motor_basic,cc,0,ShallowFBCSPNet s0,balanced_accuracy,0.5,1,chronological,24,6,60,0.026124954223632812,3e4982a8b355,8468b414e125,within_subject,0.3.0.dev0,2026-09-10T20:15:51
Miller2019-motor_basic,cc,0,ShallowFBCSPNet s0,kappa,0.0,2,chronological,24,6,60,0.02684497833251953,3e4982a8b355,8468b414e125,within_subject,0.3.0.dev0,2026-09-10T20:15:51
Miller2019-motor_basic,cc,0,ShallowFBCSPNet s0,accuracy,0.6666666666666666,2,chronological,24,6,60,0.02684497833251953,3e4982a8b355,8468b414e125,within_subject,0.3.0.dev0,2026-09-10T20:15:51
Miller2019-motor_basic,cc,0,ShallowFBCSPNet s0,balanced_accuracy,0.5,2,chronological,24,6,60,0.02684497833251953,3e4982a8b355,8468b414e125,within_subject,0.3.0.dev0,2026-09-10T20:15:51
Miller2019-motor_basic,cc,0,ShallowFBCSPNet s0,kappa,0.0,3,chronological,24,6,60,0.0285489559173584,3e4982a8b355,8468b414e125,within_subject,0.3.0.dev0,2026-09-10T20:15:51
Miller2019-motor_basic,cc,0,ShallowFBCSPNet s0,accuracy,0.5,3,chronological,24,6,60,0.0285489559173584,3e4982a8b355,8468b414e125,within_subject,0.3.0.dev0,2026-09-10T20:15:51
Miller2019-motor_basic,cc,0,ShallowFBCSPNet s0,balanced_accuracy,0.5,3,chronological,24,6,60,0.0285489559173584,3e4982a8b355,8468b414e125,within_subject,0.3.0.dev0,2026-09-10T20:15:51
Miller2019-motor_basic,cc,0,ShallowFBCSPNet s0,kappa,0.0,4,chronological,24,6,60,0.03399181365966797,3e4982a8b355,8468b414e125,within_subject,0.3.0.dev0,2026-09-10T20:15:51
Miller2019-motor_basic,cc,0,ShallowFBCSPNet s0,accuracy,0.3333333333333333,4,chronological,24,6,60,0.03399181365966797,3e4982a8b355,8468b414e125,within_subject,0.3.0.dev0,2026-09-10T20:15:51
Miller2019-motor_basic,cc,0,ShallowFBCSPNet s0,balanced_accuracy,0.5,4,chronological,24,6,60,0.03399181365966797,3e4982a8b355,8468b414e125,within_subject,0.3.0.dev0,2026-09-10T20:15:51
Miller2019-motor_basic,de,0,ShallowFBCSPNet s0,kappa,0.5263157894736843,0,chronological,48,12,64,3.486978054046631,3e4982a8b355,8468b414e125,within_subject,0.3.0.dev0,2026-09-10T20:16:10
Miller2019-motor_basic,de,0,ShallowFBCSPNet s0,accuracy,0.75,0,chronological,48,12,64,3.486978054046631,3e4982a8b355,8468b414e125,within_subject,0.3.0.dev0,2026-09-10T20:16:10
Miller2019-motor_basic,de,0,ShallowFBCSPNet s0,balanced_accuracy,0.7857142857142857,0,chronological,48,12,64,3.486978054046631,3e4982a8b355,8468b414e125,within_subject,0.3.0.dev0,2026-09-10T20:16:10
Miller2019-motor_basic,de,0,ShallowFBCSPNet s0,kappa,0.6666666666666667,1,chronological,48,12,64,3.4856839179992676,3e4982a8b355,8468b414e125,within_subject,0.3.0.dev0,2026-09-10T20:16:10
Miller2019-motor_basic,de,0,ShallowFBCSPNet s0,accuracy,0.8333333333333334,1,chronological,48,12,64,3.4856839179992676,3e4982a8b355,8468b414e125,within_subject,0.3.0.dev0,2026-09-10T20:16:10
Miller2019-motor_basic,de,0,ShallowFBCSPNet s0,balanced_accuracy,0.8333333333333333,1,chronological,48,12,64,3.4856839179992676,3e4982a8b355,8468b414e125,within_subject,0.3.0.dev0,2026-09-10T20:16:10
Miller2019-motor_basic,de,0,ShallowFBCSPNet s0,kappa,0.3513513513513513,2,chronological,48,12,64,3.5810680389404297,3e4982a8b355,8468b414e125,within_subject,0.3.0.dev0,2026-09-10T20:16:10
Miller2019-motor_basic,de,0,ShallowFBCSPNet s0,accuracy,0.6666666666666666,2,chronological,48,12,64,3.5810680389404297,3e4982a8b355,8468b414e125,within_subject,0.3.0.dev0,2026-09-10T20:16:10
Miller2019-motor_basic,de,0,ShallowFBCSPNet s0,balanced_accuracy,0.6857142857142857,2,chronological,48,12,64,3.5810680389404297,3e4982a8b355,8468b414e125,within_subject,0.3.0.dev0,2026-09-10T20:16:10
Miller2019-motor_basic,de,0,ShallowFBCSPNet s0,kappa,0.3513513513513513,3,chronological,48,12,64,3.6117920875549316,3e4982a8b355,8468b414e125,within_subject,0.3.0.dev0,2026-09-10T20:16:10
Miller2019-motor_basic,de,0,ShallowFBCSPNet s0,accuracy,0.6666666666666666,3,chronological,48,12,64,3.6117920875549316,3e4982a8b355,8468b414e125,within_subject,0.3.0.dev0,2026-09-10T20:16:10
Miller2019-motor_basic,de,0,ShallowFBCSPNet s0,balanced_accuracy,0.6857142857142857,3,chronological,48,12,64,3.6117920875549316,3e4982a8b355,8468b414e125,within_subject,0.3.0.dev0,2026-09-10T20:16:10
Miller2019-motor_basic,de,0,ShallowFBCSPNet s0,kappa,0.5,4,chronological,48,12,64,3.444936752319336,3e4982a8b355,8468b414e125,within_subject,0.3.0.dev0,2026-09-10T20:16:10
Miller2019-motor_basic,de,0,ShallowFBCSPNet s0,accuracy,0.75,4,chronological,48,12,64,3.444936752319336,3e4982a8b355,8468b414e125,within_subject,0.3.0.dev0,2026-09-10T20:16:10
Miller2019-motor_basic,de,0,ShallowFBCSPNet s0,balanced_accuracy,0.7571428571428571,4,chronological,48,12,64,3.444936752319336,3e4982a8b355,8468b414e125,within_subject,0.3.0.dev0,2026-09-10T20:16:10
Miller2019-motor_basic,fp,0,ShallowFBCSPNet s0,kappa,0.5263157894736843,0,chronological,48,12,62,4.071227073669434,3e4982a8b355,8468b414e125,within_subject,0.3.0.dev0,2026-09-10T20:16:33
Miller2019-motor_basic,fp,0,ShallowFBCSPNet s0,accuracy,0.75,0,chronological,48,12,62,4.071227073669434,3e4982a8b355,8468b414e125,within_subject,0.3.0.dev0,2026-09-10T20:16:33
Miller2019-motor_basic,fp,0,ShallowFBCSPNet s0,balanced_accuracy,0.7857142857142857,0,chronological,48,12,62,4.071227073669434,3e4982a8b355,8468b414e125,within_subject,0.3.0.dev0,2026-09-10T20:16:33
Miller2019-motor_basic,fp,0,ShallowFBCSPNet s0,kappa,0.5,1,chronological,48,12,62,4.795506000518799,3e4982a8b355,8468b414e125,within_subject,0.3.0.dev0,2026-09-10T20:16:33
Miller2019-motor_basic,fp,0,ShallowFBCSPNet s0,accuracy,0.75,1,chronological,48,12,62,4.795506000518799,3e4982a8b355,8468b414e125,within_subject,0.3.0.dev0,2026-09-10T20:16:33
Miller2019-motor_basic,fp,0,ShallowFBCSPNet s0,balanced_accuracy,0.7571428571428571,1,chronological,48,12,62,4.795506000518799,3e4982a8b355,8468b414e125,within_subject,0.3.0.dev0,2026-09-10T20:16:33
Miller2019-motor_basic,fp,0,ShallowFBCSPNet s0,kappa,0.6666666666666667,2,chronological,48,12,62,4.030997037887573,3e4982a8b355,8468b414e125,within_subject,0.3.0.dev0,2026-09-10T20:16:33
Miller2019-motor_basic,fp,0,ShallowFBCSPNet s0,accuracy,0.8333333333333334,2,chronological,48,12,62,4.030997037887573,3e4982a8b355,8468b414e125,within_subject,0.3.0.dev0,2026-09-10T20:16:33
Miller2019-motor_basic,fp,0,ShallowFBCSPNet s0,balanced_accuracy,0.8333333333333333,2,chronological,48,12,62,4.030997037887573,3e4982a8b355,8468b414e125,within_subject,0.3.0.dev0,2026-09-10T20:16:33
Miller2019-motor_basic,fp,0,ShallowFBCSPNet s0,kappa,0.5,3,chronological,48,12,62,3.9772911071777344,3e4982a8b355,8468b414e125,within_subject,0.3.0.dev0,2026-09-10T20:16:33
Miller2019-motor_basic,fp,0,ShallowFBCSPNet s0,accuracy,0.75,3,chronological,48,12,62,3.9772911071777344,3e4982a8b355,8468b414e125,within_subject,0.3.0.dev0,2026-09-10T20:16:33
Miller2019-motor_basic,fp,0,ShallowFBCSPNet s0,balanced_accuracy,0.75,3,chronological,48,12,62,3.9772911071777344,3e4982a8b355,8468b414e125,within_subject,0.3.0.dev0,2026-09-10T20:16:33
Miller2019-motor_basic,fp,0,ShallowFBCSPNet s0,kappa,0.11764705882352944,4,chronological,48,12,62,4.115069150924683,3e4982a8b355,8468b414e125,within_subject,0.3.0.dev0,2026-09-10T20:16:33
Miller2019-motor_basic,fp,0,ShallowFBCSPNet s0,accuracy,0.5833333333333334,4,chronological,48,12,62,4.115069150924683,3e4982a8b355,8468b414e125,within_subject,0.3.0.dev0,2026-09-10T20:16:33
Miller2019-motor_basic,fp,0,ShallowFBCSPNet s0,balanced_accuracy,0.5625,4,chronological,48,12,62,4.115069150924683,3e4982a8b355,8468b414e125,within_subject,0.3.0.dev0,2026-09-10T20:16:33
Miller2019-motor_basic,gc,0,ShallowFBCSPNet s0,kappa,0.0,0,chronological,48,12,64,4.059793949127197,3e4982a8b355,8468b414e125,within_subject,0.3.0.dev0,2026-09-10T20:16:55
Miller2019-motor_basic,gc,0,ShallowFBCSPNet s0,accuracy,0.4166666666666667,0,chronological,48,12,64,4.059793949127197,3e4982a8b355,8468b414e125,within_subject,0.3.0.dev0,2026-09-10T20:16:55
Miller2019-motor_basic,gc,0,ShallowFBCSPNet s0,balanced_accuracy,0.5,0,chronological,48,12,64,4.059793949127197,3e4982a8b355,8468b414e125,within_subject,0.3.0.dev0,2026-09-10T20:16:55
Miller2019-motor_basic,gc,0,ShallowFBCSPNet s0,kappa,0.16666666666666663,1,chronological,48,12,64,4.093088150024414,3e4982a8b355,8468b414e125,within_subject,0.3.0.dev0,2026-09-10T20:16:55
Miller2019-motor_basic,gc,0,ShallowFBCSPNet s0,accuracy,0.5833333333333334,1,chronological,48,12,64,4.093088150024414,3e4982a8b355,8468b414e125,within_subject,0.3.0.dev0,2026-09-10T20:16:55
Miller2019-motor_basic,gc,0,ShallowFBCSPNet s0,balanced_accuracy,0.5833333333333333,1,chronological,48,12,64,4.093088150024414,3e4982a8b355,8468b414e125,within_subject,0.3.0.dev0,2026-09-10T20:16:55
Miller2019-motor_basic,gc,0,ShallowFBCSPNet s0,kappa,0.25,2,chronological,48,12,64,4.124469757080078,3e4982a8b355,8468b414e125,within_subject,0.3.0.dev0,2026-09-10T20:16:55
Miller2019-motor_basic,gc,0,ShallowFBCSPNet s0,accuracy,0.6666666666666666,2,chronological,48,12,64,4.124469757080078,3e4982a8b355,8468b414e125,within_subject,0.3.0.dev0,2026-09-10T20:16:55
Miller2019-motor_basic,gc,0,ShallowFBCSPNet s0,balanced_accuracy,0.625,2,chronological,48,12,64,4.124469757080078,3e4982a8b355,8468b414e125,within_subject,0.3.0.dev0,2026-09-10T20:16:55
Miller2019-motor_basic,gc,0,ShallowFBCSPNet s0,kappa,-0.09090909090909083,3,chronological,48,12,64,4.083205938339233,3e4982a8b355,8468b414e125,within_subject,0.3.0.dev0,2026-09-10T20:16:55
Miller2019-motor_basic,gc,0,ShallowFBCSPNet s0,accuracy,0.3333333333333333,3,chronological,48,12,64,4.083205938339233,3e4982a8b355,8468b414e125,within_subject,0.3.0.dev0,2026-09-10T20:16:55
Miller2019-motor_basic,gc,0,ShallowFBCSPNet s0,balanced_accuracy,0.4375,3,chronological,48,12,64,4.083205938339233,3e4982a8b355,8468b414e125,within_subject,0.3.0.dev0,2026-09-10T20:16:55
Miller2019-motor_basic,gc,0,ShallowFBCSPNet s0,kappa,-0.23529411764705865,4,chronological,48,12,64,3.9956822395324707,3e4982a8b355,8468b414e125,within_subject,0.3.0.dev0,2026-09-10T20:16:55
Miller2019-motor_basic,gc,0,ShallowFBCSPNet s0,accuracy,0.4166666666666667,4,chronological,48,12,64,3.9956822395324707,3e4982a8b355,8468b414e125,within_subject,0.3.0.dev0,2026-09-10T20:16:55
Miller2019-motor_basic,gc,0,ShallowFBCSPNet s0,balanced_accuracy,0.375,4,chronological,48,12,64,3.9956822395324707,3e4982a8b355,8468b414e125,within_subject,0.3.0.dev0,2026-09-10T20:16:55
Miller2019-motor_basic,gf,0,ShallowFBCSPNet s0,kappa,-0.33333333333333326,0,stratified_fallback,48,12,63,4.003644943237305,3e4982a8b355,8468b414e125,within_subject,0.3.0.dev0,2026-09-10T20:17:18
Miller2019-motor_basic,gf,0,ShallowFBCSPNet s0,accuracy,0.3333333333333333,0,stratified_fallback,48,12,63,4.003644943237305,3e4982a8b355,8468b414e125,within_subject,0.3.0.dev0,2026-09-10T20:17:18
Miller2019-motor_basic,gf,0,ShallowFBCSPNet s0,balanced_accuracy,0.3333333333333333,0,stratified_fallback,48,12,63,4.003644943237305,3e4982a8b355,8468b414e125,within_subject,0.3.0.dev0,2026-09-10T20:17:18
Miller2019-motor_basic,gf,0,ShallowFBCSPNet s0,kappa,0.16666666666666663,1,stratified_fallback,48,12,63,4.161963224411011,3e4982a8b355,8468b414e125,within_subject,0.3.0.dev0,2026-09-10T20:17:18
Miller2019-motor_basic,gf,0,ShallowFBCSPNet s0,accuracy,0.5833333333333334,1,stratified_fallback,48,12,63,4.161963224411011,3e4982a8b355,8468b414e125,within_subject,0.3.0.dev0,2026-09-10T20:17:18
Miller2019-motor_basic,gf,0,ShallowFBCSPNet s0,balanced_accuracy,0.5833333333333334,1,stratified_fallback,48,12,63,4.161963224411011,3e4982a8b355,8468b414e125,within_subject,0.3.0.dev0,2026-09-10T20:17:18
Miller2019-motor_basic,gf,0,ShallowFBCSPNet s0,kappa,0.0,2,stratified_fallback,48,12,63,4.108682870864868,3e4982a8b355,8468b414e125,within_subject,0.3.0.dev0,2026-09-10T20:17:18
Miller2019-motor_basic,gf,0,ShallowFBCSPNet s0,accuracy,0.5,2,stratified_fallback,48,12,63,4.108682870864868,3e4982a8b355,8468b414e125,within_subject,0.3.0.dev0,2026-09-10T20:17:18
Miller2019-motor_basic,gf,0,ShallowFBCSPNet s0,balanced_accuracy,0.5,2,stratified_fallback,48,12,63,4.108682870864868,3e4982a8b355,8468b414e125,within_subject,0.3.0.dev0,2026-09-10T20:17:18
Miller2019-motor_basic,gf,0,ShallowFBCSPNet s0,kappa,-0.16666666666666674,3,stratified_fallback,48,12,63,4.060687065124512,3e4982a8b355,8468b414e125,within_subject,0.3.0.dev0,2026-09-10T20:17:18
Miller2019-motor_basic,gf,0,ShallowFBCSPNet s0,accuracy,0.4166666666666667,3,stratified_fallback,48,12,63,4.060687065124512,3e4982a8b355,8468b414e125,within_subject,0.3.0.dev0,2026-09-10T20:17:18
Miller2019-motor_basic,gf,0,ShallowFBCSPNet s0,balanced_accuracy,0.41666666666666663,3,stratified_fallback,48,12,63,4.060687065124512,3e4982a8b355,8468b414e125,within_subject,0.3.0.dev0,2026-09-10T20:17:18
Miller2019-motor_basic,gf,0,ShallowFBCSPNet s0,kappa,0.33333333333333337,4,stratified_fallback,48,12,63,4.129117965698242,3e4982a8b355,8468b414e125,within_subject,0.3.0.dev0,2026-09-10T20:17:18
Miller2019-motor_basic,gf,0,ShallowFBCSPNet s0,accuracy,0.6666666666666666,4,stratified_fallback,48,12,63,4.129117965698242,3e4982a8b355,8468b414e125,within_subject,0.3.0.dev0,2026-09-10T20:17:18
Miller2019-motor_basic,gf,0,ShallowFBCSPNet s0,balanced_accuracy,0.6666666666666667,4,stratified_fallback,48,12,63,4.129117965698242,3e4982a8b355,8468b414e125,within_subject,0.3.0.dev0,2026-09-10T20:17:18
Miller2019-motor_basic,hh,0,ShallowFBCSPNet s0,kappa,0.07692307692307687,0,chronological,48,12,41,2.9919140338897705,3e4982a8b355,8468b414e125,within_subject,0.3.0.dev0,2026-09-10T20:17:34
Miller2019-motor_basic,hh,0,ShallowFBCSPNet s0,accuracy,0.5,0,chronological,48,12,41,2.9919140338897705,3e4982a8b355,8468b414e125,within_subject,0.3.0.dev0,2026-09-10T20:17:34
Miller2019-motor_basic,hh,0,ShallowFBCSPNet s0,balanced_accuracy,0.5428571428571429,0,chronological,48,12,41,2.9919140338897705,3e4982a8b355,8468b414e125,within_subject,0.3.0.dev0,2026-09-10T20:17:34
Miller2019-motor_basic,hh,0,ShallowFBCSPNet s0,kappa,0.07692307692307687,1,chronological,48,12,41,2.80216908454895,3e4982a8b355,8468b414e125,within_subject,0.3.0.dev0,2026-09-10T20:17:34
Miller2019-motor_basic,hh,0,ShallowFBCSPNet s0,accuracy,0.5,1,chronological,48,12,41,2.80216908454895,3e4982a8b355,8468b414e125,within_subject,0.3.0.dev0,2026-09-10T20:17:34
Miller2019-motor_basic,hh,0,ShallowFBCSPNet s0,balanced_accuracy,0.5428571428571429,1,chronological,48,12,41,2.80216908454895,3e4982a8b355,8468b414e125,within_subject,0.3.0.dev0,2026-09-10T20:17:34
Miller2019-motor_basic,hh,0,ShallowFBCSPNet s0,kappa,-0.17391304347826098,2,chronological,48,12,41,2.8470458984375,3e4982a8b355,8468b414e125,within_subject,0.3.0.dev0,2026-09-10T20:17:34
Miller2019-motor_basic,hh,0,ShallowFBCSPNet s0,accuracy,0.25,2,chronological,48,12,41,2.8470458984375,3e4982a8b355,8468b414e125,within_subject,0.3.0.dev0,2026-09-10T20:17:34
Miller2019-motor_basic,hh,0,ShallowFBCSPNet s0,balanced_accuracy,0.375,2,chronological,48,12,41,2.8470458984375,3e4982a8b355,8468b414e125,within_subject,0.3.0.dev0,2026-09-10T20:17:34
Miller2019-motor_basic,hh,0,ShallowFBCSPNet s0,kappa,-0.09090909090909083,3,chronological,48,12,41,2.876797914505005,3e4982a8b355,8468b414e125,within_subject,0.3.0.dev0,2026-09-10T20:17:34
Miller2019-motor_basic,hh,0,ShallowFBCSPNet s0,accuracy,0.5,3,chronological,48,12,41,2.876797914505005,3e4982a8b355,8468b414e125,within_subject,0.3.0.dev0,2026-09-10T20:17:34
Miller2019-motor_basic,hh,0,ShallowFBCSPNet s0,balanced_accuracy,0.4571428571428572,3,chronological,48,12,41,2.876797914505005,3e4982a8b355,8468b414e125,within_subject,0.3.0.dev0,2026-09-10T20:17:34
Miller2019-motor_basic,hh,0,ShallowFBCSPNet s0,kappa,0.07692307692307687,4,chronological,48,12,41,2.9177658557891846,3e4982a8b355,8468b414e125,within_subject,0.3.0.dev0,2026-09-10T20:17:34
Miller2019-motor_basic,hh,0,ShallowFBCSPNet s0,accuracy,0.5,4,chronological,48,12,41,2.9177658557891846,3e4982a8b355,8468b414e125,within_subject,0.3.0.dev0,2026-09-10T20:17:34
Miller2019-motor_basic,hh,0,ShallowFBCSPNet s0,balanced_accuracy,0.5555555555555556,4,chronological,48,12,41,2.9177658557891846,3e4982a8b355,8468b414e125,within_subject,0.3.0.dev0,2026-09-10T20:17:34
Miller2019-motor_basic,hl,0,ShallowFBCSPNet s0,kappa,0.33333333333333337,0,chronological,48,12,64,4.134244918823242,3e4982a8b355,8468b414e125,within_subject,0.3.0.dev0,2026-09-10T20:17:56
Miller2019-motor_basic,hl,0,ShallowFBCSPNet s0,accuracy,0.6666666666666666,0,chronological,48,12,64,4.134244918823242,3e4982a8b355,8468b414e125,within_subject,0.3.0.dev0,2026-09-10T20:17:56
Miller2019-motor_basic,hl,0,ShallowFBCSPNet s0,balanced_accuracy,0.6666666666666666,0,chronological,48,12,64,4.134244918823242,3e4982a8b355,8468b414e125,within_subject,0.3.0.dev0,2026-09-10T20:17:56
Miller2019-motor_basic,hl,0,ShallowFBCSPNet s0,kappa,0.07692307692307687,1,chronological,48,12,64,4.109862804412842,3e4982a8b355,8468b414e125,within_subject,0.3.0.dev0,2026-09-10T20:17:56
Miller2019-motor_basic,hl,0,ShallowFBCSPNet s0,accuracy,0.5,1,chronological,48,12,64,4.109862804412842,3e4982a8b355,8468b414e125,within_subject,0.3.0.dev0,2026-09-10T20:17:56
Miller2019-motor_basic,hl,0,ShallowFBCSPNet s0,balanced_accuracy,0.5428571428571429,1,chronological,48,12,64,4.109862804412842,3e4982a8b355,8468b414e125,within_subject,0.3.0.dev0,2026-09-10T20:17:56
Miller2019-motor_basic,hl,0,ShallowFBCSPNet s0,kappa,0.06250000000000011,2,chronological,48,12,64,4.107616901397705,3e4982a8b355,8468b414e125,within_subject,0.3.0.dev0,2026-09-10T20:17:56
Miller2019-motor_basic,hl,0,ShallowFBCSPNet s0,accuracy,0.5833333333333334,2,chronological,48,12,64,4.107616901397705,3e4982a8b355,8468b414e125,within_subject,0.3.0.dev0,2026-09-10T20:17:56
Miller2019-motor_basic,hl,0,ShallowFBCSPNet s0,balanced_accuracy,0.5285714285714286,2,chronological,48,12,64,4.107616901397705,3e4982a8b355,8468b414e125,within_subject,0.3.0.dev0,2026-09-10T20:17:56
Miller2019-motor_basic,hl,0,ShallowFBCSPNet s0,kappa,0.027027027027026973,3,chronological,48,12,64,3.923766851425171,3e4982a8b355,8468b414e125,within_subject,0.3.0.dev0,2026-09-10T20:17:56
Miller2019-motor_basic,hl,0,ShallowFBCSPNet s0,accuracy,0.5,3,chronological,48,12,64,3.923766851425171,3e4982a8b355,8468b414e125,within_subject,0.3.0.dev0,2026-09-10T20:17:56
Miller2019-motor_basic,hl,0,ShallowFBCSPNet s0,balanced_accuracy,0.5142857142857142,3,chronological,48,12,64,3.923766851425171,3e4982a8b355,8468b414e125,within_subject,0.3.0.dev0,2026-09-10T20:17:56
Miller2019-motor_basic,hl,0,ShallowFBCSPNet s0,kappa,0.027027027027026973,4,chronological,48,12,64,3.4861509799957275,3e4982a8b355,8468b414e125,within_subject,0.3.0.dev0,2026-09-10T20:17:56
Miller2019-motor_basic,hl,0,ShallowFBCSPNet s0,accuracy,0.5,4,chronological,48,12,64,3.4861509799957275,3e4982a8b355,8468b414e125,within_subject,0.3.0.dev0,2026-09-10T20:17:56
Miller2019-motor_basic,hl,0,ShallowFBCSPNet s0,balanced_accuracy,0.5142857142857142,4,chronological,48,12,64,3.4861509799957275,3e4982a8b355,8468b414e125,within_subject,0.3.0.dev0,2026-09-10T20:17:56
Miller2019-motor_basic,jc,0,ShallowFBCSPNet s0,kappa,0.33333333333333337,0,chronological,48,12,48,2.8154537677764893,3e4982a8b355,8468b414e125,within_subject,0.3.0.dev0,2026-09-10T20:18:11
Miller2019-motor_basic,jc,0,ShallowFBCSPNet s0,accuracy,0.6666666666666666,0,chronological,48,12,48,2.8154537677764893,3e4982a8b355,8468b414e125,within_subject,0.3.0.dev0,2026-09-10T20:18:11
Miller2019-motor_basic,jc,0,ShallowFBCSPNet s0,balanced_accuracy,0.6666666666666666,0,chronological,48,12,48,2.8154537677764893,3e4982a8b355,8468b414e125,within_subject,0.3.0.dev0,2026-09-10T20:18:11
Miller2019-motor_basic,jc,0,ShallowFBCSPNet s0,kappa,-0.23076923076923084,1,chronological,48,12,48,2.86519193649292,3e4982a8b355,8468b414e125,within_subject,0.3.0.dev0,2026-09-10T20:18:11
Miller2019-motor_basic,jc,0,ShallowFBCSPNet s0,accuracy,0.3333333333333333,1,chronological,48,12,48,2.86519193649292,3e4982a8b355,8468b414e125,within_subject,0.3.0.dev0,2026-09-10T20:18:11
Miller2019-motor_basic,jc,0,ShallowFBCSPNet s0,balanced_accuracy,0.37142857142857144,1,chronological,48,12,48,2.86519193649292,3e4982a8b355,8468b414e125,within_subject,0.3.0.dev0,2026-09-10T20:18:11
Miller2019-motor_basic,jc,0,ShallowFBCSPNet s0,kappa,0.11764705882352944,2,chronological,48,12,48,2.797705888748169,3e4982a8b355,8468b414e125,within_subject,0.3.0.dev0,2026-09-10T20:18:11
Miller2019-motor_basic,jc,0,ShallowFBCSPNet s0,accuracy,0.5833333333333334,2,chronological,48,12,48,2.797705888748169,3e4982a8b355,8468b414e125,within_subject,0.3.0.dev0,2026-09-10T20:18:11
Miller2019-motor_basic,jc,0,ShallowFBCSPNet s0,balanced_accuracy,0.5571428571428572,2,chronological,48,12,48,2.797705888748169,3e4982a8b355,8468b414e125,within_subject,0.3.0.dev0,2026-09-10T20:18:11
Miller2019-motor_basic,jc,0,ShallowFBCSPNet s0,kappa,-0.09090909090909083,3,chronological,48,12,48,2.7928690910339355,3e4982a8b355,8468b414e125,within_subject,0.3.0.dev0,2026-09-10T20:18:11
Miller2019-motor_basic,jc,0,ShallowFBCSPNet s0,accuracy,0.5,3,chronological,48,12,48,2.7928690910339355,3e4982a8b355,8468b414e125,within_subject,0.3.0.dev0,2026-09-10T20:18:11
Miller2019-motor_basic,jc,0,ShallowFBCSPNet s0,balanced_accuracy,0.4571428571428572,3,chronological,48,12,48,2.7928690910339355,3e4982a8b355,8468b414e125,within_subject,0.3.0.dev0,2026-09-10T20:18:11
Miller2019-motor_basic,jc,0,ShallowFBCSPNet s0,kappa,-0.09090909090909083,4,chronological,48,12,48,2.8200440406799316,3e4982a8b355,8468b414e125,within_subject,0.3.0.dev0,2026-09-10T20:18:11
Miller2019-motor_basic,jc,0,ShallowFBCSPNet s0,accuracy,0.5,4,chronological,48,12,48,2.8200440406799316,3e4982a8b355,8468b414e125,within_subject,0.3.0.dev0,2026-09-10T20:18:11
Miller2019-motor_basic,jc,0,ShallowFBCSPNet s0,balanced_accuracy,0.4571428571428572,4,chronological,48,12,48,2.8200440406799316,3e4982a8b355,8468b414e125,within_subject,0.3.0.dev0,2026-09-10T20:18:11
Miller2019-motor_basic,jf,0,ShallowFBCSPNet s0,kappa,0.8571428571428572,0,stratified_fallback,52,14,39,2.5729939937591553,3e4982a8b355,8468b414e125,within_subject,0.3.0.dev0,2026-09-10T20:18:25
Miller2019-motor_basic,jf,0,ShallowFBCSPNet s0,accuracy,0.9285714285714286,0,stratified_fallback,52,14,39,2.5729939937591553,3e4982a8b355,8468b414e125,within_subject,0.3.0.dev0,2026-09-10T20:18:25
Miller2019-motor_basic,jf,0,ShallowFBCSPNet s0,balanced_accuracy,0.9375,0,stratified_fallback,52,14,39,2.5729939937591553,3e4982a8b355,8468b414e125,within_subject,0.3.0.dev0,2026-09-10T20:18:25
Miller2019-motor_basic,jf,0,ShallowFBCSPNet s0,kappa,1.0,1,stratified_fallback,53,13,39,2.4742958545684814,3e4982a8b355,8468b414e125,within_subject,0.3.0.dev0,2026-09-10T20:18:25
Miller2019-motor_basic,jf,0,ShallowFBCSPNet s0,accuracy,1.0,1,stratified_fallback,53,13,39,2.4742958545684814,3e4982a8b355,8468b414e125,within_subject,0.3.0.dev0,2026-09-10T20:18:25
Miller2019-motor_basic,jf,0,ShallowFBCSPNet s0,balanced_accuracy,1.0,1,stratified_fallback,53,13,39,2.4742958545684814,3e4982a8b355,8468b414e125,within_subject,0.3.0.dev0,2026-09-10T20:18:25
Miller2019-motor_basic,jf,0,ShallowFBCSPNet s0,kappa,1.0,2,stratified_fallback,53,13,39,2.4347448348999023,3e4982a8b355,8468b414e125,within_subject,0.3.0.dev0,2026-09-10T20:18:25
Miller2019-motor_basic,jf,0,ShallowFBCSPNet s0,accuracy,1.0,2,stratified_fallback,53,13,39,2.4347448348999023,3e4982a8b355,8468b414e125,within_subject,0.3.0.dev0,2026-09-10T20:18:25
Miller2019-motor_basic,jf,0,ShallowFBCSPNet s0,balanced_accuracy,1.0,2,stratified_fallback,53,13,39,2.4347448348999023,3e4982a8b355,8468b414e125,within_subject,0.3.0.dev0,2026-09-10T20:18:25
Miller2019-motor_basic,jf,0,ShallowFBCSPNet s0,kappa,1.0,3,stratified_fallback,53,13,39,2.419382095336914,3e4982a8b355,8468b414e125,within_subject,0.3.0.dev0,2026-09-10T20:18:25
Miller2019-motor_basic,jf,0,ShallowFBCSPNet s0,accuracy,1.0,3,stratified_fallback,53,13,39,2.419382095336914,3e4982a8b355,8468b414e125,within_subject,0.3.0.dev0,2026-09-10T20:18:25
Miller2019-motor_basic,jf,0,ShallowFBCSPNet s0,balanced_accuracy,1.0,3,stratified_fallback,53,13,39,2.419382095336914,3e4982a8b355,8468b414e125,within_subject,0.3.0.dev0,2026-09-10T20:18:25
Miller2019-motor_basic,jf,0,ShallowFBCSPNet s0,kappa,1.0,4,stratified_fallback,53,13,39,2.4422779083251953,3e4982a8b355,8468b414e125,within_subject,0.3.0.dev0,2026-09-10T20:18:25
Miller2019-motor_basic,jf,0,ShallowFBCSPNet s0,accuracy,1.0,4,stratified_fallback,53,13,39,2.4422779083251953,3e4982a8b355,8468b414e125,within_subject,0.3.0.dev0,2026-09-10T20:18:25
Miller2019-motor_basic,jf,0,ShallowFBCSPNet s0,balanced_accuracy,1.0,4,stratified_fallback,53,13,39,2.4422779083251953,3e4982a8b355,8468b414e125,within_subject,0.3.0.dev0,2026-09-10T20:18:25
Miller2019-motor_basic,jm,0,ShallowFBCSPNet s0,kappa,-0.15384615384615397,0,chronological,48,12,63,3.484513998031616,3e4982a8b355,8468b414e125,within_subject,0.3.0.dev0,2026-09-10T20:18:44
Miller2019-motor_basic,jm,0,ShallowFBCSPNet s0,accuracy,0.5833333333333334,0,chronological,48,12,63,3.484513998031616,3e4982a8b355,8468b414e125,within_subject,0.3.0.dev0,2026-09-10T20:18:44
Miller2019-motor_basic,jm,0,ShallowFBCSPNet s0,balanced_accuracy,0.4375,0,chronological,48,12,63,3.484513998031616,3e4982a8b355,8468b414e125,within_subject,0.3.0.dev0,2026-09-10T20:18:44
Miller2019-motor_basic,jm,0,ShallowFBCSPNet s0,kappa,0.2727272727272727,1,chronological,48,12,63,3.4869229793548584,3e4982a8b355,8468b414e125,within_subject,0.3.0.dev0,2026-09-10T20:18:44
Miller2019-motor_basic,jm,0,ShallowFBCSPNet s0,accuracy,0.6666666666666666,1,chronological,48,12,63,3.4869229793548584,3e4982a8b355,8468b414e125,within_subject,0.3.0.dev0,2026-09-10T20:18:44
Miller2019-motor_basic,jm,0,ShallowFBCSPNet s0,balanced_accuracy,0.6285714285714286,1,chronological,48,12,63,3.4869229793548584,3e4982a8b355,8468b414e125,within_subject,0.3.0.dev0,2026-09-10T20:18:44
Miller2019-motor_basic,jm,0,ShallowFBCSPNet s0,kappa,0.0,2,chronological,48,12,63,3.6101009845733643,3e4982a8b355,8468b414e125,within_subject,0.3.0.dev0,2026-09-10T20:18:44
Miller2019-motor_basic,jm,0,ShallowFBCSPNet s0,accuracy,0.3333333333333333,2,chronological,48,12,63,3.6101009845733643,3e4982a8b355,8468b414e125,within_subject,0.3.0.dev0,2026-09-10T20:18:44
Miller2019-motor_basic,jm,0,ShallowFBCSPNet s0,balanced_accuracy,0.5,2,chronological,48,12,63,3.6101009845733643,3e4982a8b355,8468b414e125,within_subject,0.3.0.dev0,2026-09-10T20:18:44
Miller2019-motor_basic,jm,0,ShallowFBCSPNet s0,kappa,0.5,3,chronological,48,12,63,3.5204858779907227,3e4982a8b355,8468b414e125,within_subject,0.3.0.dev0,2026-09-10T20:18:44
Miller2019-motor_basic,jm,0,ShallowFBCSPNet s0,accuracy,0.75,3,chronological,48,12,63,3.5204858779907227,3e4982a8b355,8468b414e125,within_subject,0.3.0.dev0,2026-09-10T20:18:44
Miller2019-motor_basic,jm,0,ShallowFBCSPNet s0,balanced_accuracy,0.7571428571428571,3,chronological,48,12,63,3.5204858779907227,3e4982a8b355,8468b414e125,within_subject,0.3.0.dev0,2026-09-10T20:18:44
Miller2019-motor_basic,jm,0,ShallowFBCSPNet s0,kappa,0.25,4,chronological,48,12,63,3.5683469772338867,3e4982a8b355,8468b414e125,within_subject,0.3.0.dev0,2026-09-10T20:18:44
Miller2019-motor_basic,jm,0,ShallowFBCSPNet s0,accuracy,0.6666666666666666,4,chronological,48,12,63,3.5683469772338867,3e4982a8b355,8468b414e125,within_subject,0.3.0.dev0,2026-09-10T20:18:44
Miller2019-motor_basic,jm,0,ShallowFBCSPNet s0,balanced_accuracy,0.625,4,chronological,48,12,63,3.5683469772338867,3e4982a8b355,8468b414e125,within_subject,0.3.0.dev0,2026-09-10T20:18:44
Miller2019-motor_basic,jp,0,ShallowFBCSPNet s0,kappa,0.0,0,chronological,31,7,58,0.028743743896484375,3e4982a8b355,8468b414e125,within_subject,0.3.0.dev0,2026-09-10T20:18:45
Miller2019-motor_basic,jp,0,ShallowFBCSPNet s0,accuracy,0.2857142857142857,0,chronological,31,7,58,0.028743743896484375,3e4982a8b355,8468b414e125,within_subject,0.3.0.dev0,2026-09-10T20:18:45
Miller2019-motor_basic,jp,0,ShallowFBCSPNet s0,balanced_accuracy,0.5,0,chronological,31,7,58,0.028743743896484375,3e4982a8b355,8468b414e125,within_subject,0.3.0.dev0,2026-09-10T20:18:45
Miller2019-motor_basic,jp,0,ShallowFBCSPNet s0,kappa,0.0,1,chronological,30,8,58,0.03169107437133789,3e4982a8b355,8468b414e125,within_subject,0.3.0.dev0,2026-09-10T20:18:45
Miller2019-motor_basic,jp,0,ShallowFBCSPNet s0,accuracy,0.5,1,chronological,30,8,58,0.03169107437133789,3e4982a8b355,8468b414e125,within_subject,0.3.0.dev0,2026-09-10T20:18:45
Miller2019-motor_basic,jp,0,ShallowFBCSPNet s0,balanced_accuracy,0.5,1,chronological,30,8,58,0.03169107437133789,3e4982a8b355,8468b414e125,within_subject,0.3.0.dev0,2026-09-10T20:18:45
Miller2019-motor_basic,jp,0,ShallowFBCSPNet s0,kappa,0.0,2,chronological,31,7,58,0.032447099685668945,3e4982a8b355,8468b414e125,within_subject,0.3.0.dev0,2026-09-10T20:18:45
Miller2019-motor_basic,jp,0,ShallowFBCSPNet s0,accuracy,0.7142857142857143,2,chronological,31,7,58,0.032447099685668945,3e4982a8b355,8468b414e125,within_subject,0.3.0.dev0,2026-09-10T20:18:45
Miller2019-motor_basic,jp,0,ShallowFBCSPNet s0,balanced_accuracy,0.5,2,chronological,31,7,58,0.032447099685668945,3e4982a8b355,8468b414e125,within_subject,0.3.0.dev0,2026-09-10T20:18:45
Miller2019-motor_basic,jp,0,ShallowFBCSPNet s0,kappa,0.0,3,chronological,30,8,58,0.028660297393798828,3e4982a8b355,8468b414e125,within_subject,0.3.0.dev0,2026-09-10T20:18:45
Miller2019-motor_basic,jp,0,ShallowFBCSPNet s0,accuracy,0.25,3,chronological,30,8,58,0.028660297393798828,3e4982a8b355,8468b414e125,within_subject,0.3.0.dev0,2026-09-10T20:18:45
Miller2019-motor_basic,jp,0,ShallowFBCSPNet s0,balanced_accuracy,0.5,3,chronological,30,8,58,0.028660297393798828,3e4982a8b355,8468b414e125,within_subject,0.3.0.dev0,2026-09-10T20:18:45
Miller2019-motor_basic,jp,0,ShallowFBCSPNet s0,kappa,0.0,4,chronological,30,8,58,0.03105306625366211,3e4982a8b355,8468b414e125,within_subject,0.3.0.dev0,2026-09-10T20:18:45
Miller2019-motor_basic,jp,0,ShallowFBCSPNet s0,accuracy,0.625,4,chronological,30,8,58,0.03105306625366211,3e4982a8b355,8468b414e125,within_subject,0.3.0.dev0,2026-09-10T20:18:45
Miller2019-motor_basic,jp,0,ShallowFBCSPNet s0,balanced_accuracy,0.5,4,chronological,30,8,58,0.03105306625366211,3e4982a8b355,8468b414e125,within_subject,0.3.0.dev0,2026-09-10T20:18:45
Miller2019-motor_basic,jt,0,ShallowFBCSPNet s0,kappa,-0.09090909090909083,0,chronological,48,12,62,3.526473045349121,3e4982a8b355,8468b414e125,within_subject,0.3.0.dev0,2026-09-10T20:19:04
Miller2019-motor_basic,jt,0,ShallowFBCSPNet s0,accuracy,0.3333333333333333,0,chronological,48,12,62,3.526473045349121,3e4982a8b355,8468b414e125,within_subject,0.3.0.dev0,2026-09-10T20:19:04
Miller2019-motor_basic,jt,0,ShallowFBCSPNet s0,balanced_accuracy,0.4375,0,chronological,48,12,62,3.526473045349121,3e4982a8b355,8468b414e125,within_subject,0.3.0.dev0,2026-09-10T20:19:04
Miller2019-motor_basic,jt,0,ShallowFBCSPNet s0,kappa,0.16666666666666663,1,chronological,48,12,62,3.5431110858917236,3e4982a8b355,8468b414e125,within_subject,0.3.0.dev0,2026-09-10T20:19:04
Miller2019-motor_basic,jt,0,ShallowFBCSPNet s0,accuracy,0.5833333333333334,1,chronological,48,12,62,3.5431110858917236,3e4982a8b355,8468b414e125,within_subject,0.3.0.dev0,2026-09-10T20:19:04
Miller2019-motor_basic,jt,0,ShallowFBCSPNet s0,balanced_accuracy,0.5857142857142856,1,chronological,48,12,62,3.5431110858917236,3e4982a8b355,8468b414e125,within_subject,0.3.0.dev0,2026-09-10T20:19:04
Miller2019-motor_basic,jt,0,ShallowFBCSPNet s0,kappa,0.3999999999999999,2,chronological,48,12,62,3.5346741676330566,3e4982a8b355,8468b414e125,within_subject,0.3.0.dev0,2026-09-10T20:19:04
Miller2019-motor_basic,jt,0,ShallowFBCSPNet s0,accuracy,0.6666666666666666,2,chronological,48,12,62,3.5346741676330566,3e4982a8b355,8468b414e125,within_subject,0.3.0.dev0,2026-09-10T20:19:04
Miller2019-motor_basic,jt,0,ShallowFBCSPNet s0,balanced_accuracy,0.75,2,chronological,48,12,62,3.5346741676330566,3e4982a8b355,8468b414e125,within_subject,0.3.0.dev0,2026-09-10T20:19:04
Miller2019-motor_basic,jt,0,ShallowFBCSPNet s0,kappa,0.33333333333333337,3,chronological,48,12,62,3.62862491607666,3e4982a8b355,8468b414e125,within_subject,0.3.0.dev0,2026-09-10T20:19:04
Miller2019-motor_basic,jt,0,ShallowFBCSPNet s0,accuracy,0.6666666666666666,3,chronological,48,12,62,3.62862491607666,3e4982a8b355,8468b414e125,within_subject,0.3.0.dev0,2026-09-10T20:19:04
Miller2019-motor_basic,jt,0,ShallowFBCSPNet s0,balanced_accuracy,0.6666666666666666,3,chronological,48,12,62,3.62862491607666,3e4982a8b355,8468b414e125,within_subject,0.3.0.dev0,2026-09-10T20:19:04
Miller2019-motor_basic,jt,0,ShallowFBCSPNet s0,kappa,0.3846153846153846,4,chronological,48,12,62,3.5015690326690674,3e4982a8b355,8468b414e125,within_subject,0.3.0.dev0,2026-09-10T20:19:04
Miller2019-motor_basic,jt,0,ShallowFBCSPNet s0,accuracy,0.6666666666666666,4,chronological,48,12,62,3.5015690326690674,3e4982a8b355,8468b414e125,within_subject,0.3.0.dev0,2026-09-10T20:19:04
Miller2019-motor_basic,jt,0,ShallowFBCSPNet s0,balanced_accuracy,0.7142857142857143,4,chronological,48,12,62,3.5015690326690674,3e4982a8b355,8468b414e125,within_subject,0.3.0.dev0,2026-09-10T20:19:04
Miller2019-motor_basic,rh,0,ShallowFBCSPNet s0,kappa,-0.10526315789473673,0,chronological,48,12,63,3.524648904800415,3e4982a8b355,8468b414e125,within_subject,0.3.0.dev0,2026-09-10T20:19:24
Miller2019-motor_basic,rh,0,ShallowFBCSPNet s0,accuracy,0.4166666666666667,0,chronological,48,12,63,3.524648904800415,3e4982a8b355,8468b414e125,within_subject,0.3.0.dev0,2026-09-10T20:19:24
Miller2019-motor_basic,rh,0,ShallowFBCSPNet s0,balanced_accuracy,0.4375,0,chronological,48,12,63,3.524648904800415,3e4982a8b355,8468b414e125,within_subject,0.3.0.dev0,2026-09-10T20:19:24
Miller2019-motor_basic,rh,0,ShallowFBCSPNet s0,kappa,-0.10526315789473673,1,chronological,48,12,63,3.508697032928467,3e4982a8b355,8468b414e125,within_subject,0.3.0.dev0,2026-09-10T20:19:24
Miller2019-motor_basic,rh,0,ShallowFBCSPNet s0,accuracy,0.4166666666666667,1,chronological,48,12,63,3.508697032928467,3e4982a8b355,8468b414e125,within_subject,0.3.0.dev0,2026-09-10T20:19:24
Miller2019-motor_basic,rh,0,ShallowFBCSPNet s0,balanced_accuracy,0.44285714285714284,1,chronological,48,12,63,3.508697032928467,3e4982a8b355,8468b414e125,within_subject,0.3.0.dev0,2026-09-10T20:19:24
Miller2019-motor_basic,rh,0,ShallowFBCSPNet s0,kappa,-0.06666666666666665,2,chronological,48,12,63,3.6653339862823486,3e4982a8b355,8468b414e125,within_subject,0.3.0.dev0,2026-09-10T20:19:24
Miller2019-motor_basic,rh,0,ShallowFBCSPNet s0,accuracy,0.3333333333333333,2,chronological,48,12,63,3.6653339862823486,3e4982a8b355,8468b414e125,within_subject,0.3.0.dev0,2026-09-10T20:19:24
Miller2019-motor_basic,rh,0,ShallowFBCSPNet s0,balanced_accuracy,0.4444444444444444,2,chronological,48,12,63,3.6653339862823486,3e4982a8b355,8468b414e125,within_subject,0.3.0.dev0,2026-09-10T20:19:24
Miller2019-motor_basic,rh,0,ShallowFBCSPNet s0,kappa,-0.10526315789473673,3,chronological,48,12,63,3.543437957763672,3e4982a8b355,8468b414e125,within_subject,0.3.0.dev0,2026-09-10T20:19:24
Miller2019-motor_basic,rh,0,ShallowFBCSPNet s0,accuracy,0.4166666666666667,3,chronological,48,12,63,3.543437957763672,3e4982a8b355,8468b414e125,within_subject,0.3.0.dev0,2026-09-10T20:19:24
Miller2019-motor_basic,rh,0,ShallowFBCSPNet s0,balanced_accuracy,0.4375,3,chronological,48,12,63,3.543437957763672,3e4982a8b355,8468b414e125,within_subject,0.3.0.dev0,2026-09-10T20:19:24
Miller2019-motor_basic,rh,0,ShallowFBCSPNet s0,kappa,0.33333333333333337,4,chronological,48,12,63,3.5233981609344482,3e4982a8b355,8468b414e125,within_subject,0.3.0.dev0,2026-09-10T20:19:24
Miller2019-motor_basic,rh,0,ShallowFBCSPNet s0,accuracy,0.6666666666666666,4,chronological,48,12,63,3.5233981609344482,3e4982a8b355,8468b414e125,within_subject,0.3.0.dev0,2026-09-10T20:19:24
Miller2019-motor_basic,rh,0,ShallowFBCSPNet s0,balanced_accuracy,0.6666666666666667,4,chronological,48,12,63,3.5233981609344482,3e4982a8b355,8468b414e125,within_subject,0.3.0.dev0,2026-09-10T20:19:24
Miller2019-motor_basic,rr,0,ShallowFBCSPNet s0,kappa,0.6666666666666667,0,chronological,48,12,49,3.0157368183135986,3e4982a8b355,8468b414e125,within_subject,0.3.0.dev0,2026-09-10T20:19:40
Miller2019-motor_basic,rr,0,ShallowFBCSPNet s0,accuracy,0.8333333333333334,0,chronological,48,12,49,3.0157368183135986,3e4982a8b355,8468b414e125,within_subject,0.3.0.dev0,2026-09-10T20:19:40
Miller2019-motor_basic,rr,0,ShallowFBCSPNet s0,balanced_accuracy,0.8333333333333333,0,chronological,48,12,49,3.0157368183135986,3e4982a8b355,8468b414e125,within_subject,0.3.0.dev0,2026-09-10T20:19:40
Miller2019-motor_basic,rr,0,ShallowFBCSPNet s0,kappa,0.5,1,chronological,48,12,49,3.0541248321533203,3e4982a8b355,8468b414e125,within_subject,0.3.0.dev0,2026-09-10T20:19:40
Miller2019-motor_basic,rr,0,ShallowFBCSPNet s0,accuracy,0.75,1,chronological,48,12,49,3.0541248321533203,3e4982a8b355,8468b414e125,within_subject,0.3.0.dev0,2026-09-10T20:19:40
Miller2019-motor_basic,rr,0,ShallowFBCSPNet s0,balanced_accuracy,0.75,1,chronological,48,12,49,3.0541248321533203,3e4982a8b355,8468b414e125,within_subject,0.3.0.dev0,2026-09-10T20:19:40
Miller2019-motor_basic,rr,0,ShallowFBCSPNet s0,kappa,0.8333333333333334,2,chronological,48,12,49,2.922247886657715,3e4982a8b355,8468b414e125,within_subject,0.3.0.dev0,2026-09-10T20:19:40
Miller2019-motor_basic,rr,0,ShallowFBCSPNet s0,accuracy,0.9166666666666666,2,chronological,48,12,49,2.922247886657715,3e4982a8b355,8468b414e125,within_subject,0.3.0.dev0,2026-09-10T20:19:40
Miller2019-motor_basic,rr,0,ShallowFBCSPNet s0,balanced_accuracy,0.9285714285714286,2,chronological,48,12,49,2.922247886657715,3e4982a8b355,8468b414e125,within_subject,0.3.0.dev0,2026-09-10T20:19:40
Miller2019-motor_basic,rr,0,ShallowFBCSPNet s0,kappa,1.0,3,chronological,48,12,49,2.9534342288970947,3e4982a8b355,8468b414e125,within_subject,0.3.0.dev0,2026-09-10T20:19:40
Miller2019-motor_basic,rr,0,ShallowFBCSPNet s0,accuracy,1.0,3,chronological,48,12,49,2.9534342288970947,3e4982a8b355,8468b414e125,within_subject,0.3.0.dev0,2026-09-10T20:19:40
Miller2019-motor_basic,rr,0,ShallowFBCSPNet s0,balanced_accuracy,1.0,3,chronological,48,12,49,2.9534342288970947,3e4982a8b355,8468b414e125,within_subject,0.3.0.dev0,2026-09-10T20:19:40
Miller2019-motor_basic,rr,0,ShallowFBCSPNet s0,kappa,0.8333333333333334,4,chronological,48,12,49,2.9018731117248535,3e4982a8b355,8468b414e125,within_subject,0.3.0.dev0,2026-09-10T20:19:40
Miller2019-motor_basic,rr,0,ShallowFBCSPNet s0,accuracy,0.9166666666666666,4,chronological,48,12,49,2.9018731117248535,3e4982a8b355,8468b414e125,within_subject,0.3.0.dev0,2026-09-10T20:19:40
Miller2019-motor_basic,rr,0,ShallowFBCSPNet s0,balanced_accuracy,0.9166666666666667,4,chronological,48,12,49,2.9018731117248535,3e4982a8b355,8468b414e125,within_subject,0.3.0.dev0,2026-09-10T20:19:40
Miller2019-motor_basic,ug,0,ShallowFBCSPNet s0,kappa,0.8860759493670887,0,chronological,72,18,25,3.5482659339904785,3e4982a8b355,8468b414e125,within_subject,0.3.0.dev0,2026-09-10T20:19:59
Miller2019-motor_basic,ug,0,ShallowFBCSPNet s0,accuracy,0.9444444444444444,0,chronological,72,18,25,3.5482659339904785,3e4982a8b355,8468b414e125,within_subject,0.3.0.dev0,2026-09-10T20:19:59
Miller2019-motor_basic,ug,0,ShallowFBCSPNet s0,balanced_accuracy,0.9375,0,chronological,72,18,25,3.5482659339904785,3e4982a8b355,8468b414e125,within_subject,0.3.0.dev0,2026-09-10T20:19:59
Miller2019-motor_basic,ug,0,ShallowFBCSPNet s0,kappa,1.0,1,chronological,72,18,25,3.4905197620391846,3e4982a8b355,8468b414e125,within_subject,0.3.0.dev0,2026-09-10T20:19:59
Miller2019-motor_basic,ug,0,ShallowFBCSPNet s0,accuracy,1.0,1,chronological,72,18,25,3.4905197620391846,3e4982a8b355,8468b414e125,within_subject,0.3.0.dev0,2026-09-10T20:19:59
Miller2019-motor_basic,ug,0,ShallowFBCSPNet s0,balanced_accuracy,1.0,1,chronological,72,18,25,3.4905197620391846,3e4982a8b355,8468b414e125,within_subject,0.3.0.dev0,2026-09-10T20:19:59
Miller2019-motor_basic,ug,0,ShallowFBCSPNet s0,kappa,1.0,2,chronological,72,18,25,3.4023690223693848,3e4982a8b355,8468b414e125,within_subject,0.3.0.dev0,2026-09-10T20:19:59
Miller2019-motor_basic,ug,0,ShallowFBCSPNet s0,accuracy,1.0,2,chronological,72,18,25,3.4023690223693848,3e4982a8b355,8468b414e125,within_subject,0.3.0.dev0,2026-09-10T20:19:59
Miller2019-motor_basic,ug,0,ShallowFBCSPNet s0,balanced_accuracy,1.0,2,chronological,72,18,25,3.4023690223693848,3e4982a8b355,8468b414e125,within_subject,0.3.0.dev0,2026-09-10T20:19:59
Miller2019-motor_basic,ug,0,ShallowFBCSPNet s0,kappa,0.7692307692307692,3,chronological,72,18,25,3.458379030227661,3e4982a8b355,8468b414e125,within_subject,0.3.0.dev0,2026-09-10T20:19:59
Miller2019-motor_basic,ug,0,ShallowFBCSPNet s0,accuracy,0.8888888888888888,3,chronological,72,18,25,3.458379030227661,3e4982a8b355,8468b414e125,within_subject,0.3.0.dev0,2026-09-10T20:19:59
Miller2019-motor_basic,ug,0,ShallowFBCSPNet s0,balanced_accuracy,0.9166666666666667,3,chronological,72,18,25,3.458379030227661,3e4982a8b355,8468b414e125,within_subject,0.3.0.dev0,2026-09-10T20:19:59
Miller2019-motor_basic,ug,0,ShallowFBCSPNet s0,kappa,1.0,4,chronological,72,18,25,3.5835630893707275,3e4982a8b355,8468b414e125,within_subject,0.3.0.dev0,2026-09-10T20:19:59
Miller2019-motor_basic,ug,0,ShallowFBCSPNet s0,accuracy,1.0,4,chronological,72,18,25,3.5835630893707275,3e4982a8b355,8468b414e125,within_subject,0.3.0.dev0,2026-09-10T20:19:59
Miller2019-motor_basic,ug,0,ShallowFBCSPNet s0,balanced_accuracy,1.0,4,chronological,72,18,25,3.5835630893707275,3e4982a8b355,8468b414e125,within_subject,0.3.0.dev0,2026-09-10T20:19:59
Miller2019-motor_basic,wc,0,ShallowFBCSPNet s0,kappa,0.625,0,chronological,48,12,64,3.691502094268799,3e4982a8b355,8468b414e125,within_subject,0.3.0.dev0,2026-09-10T20:20:19
Miller2019-motor_basic,wc,0,ShallowFBCSPNet s0,accuracy,0.8333333333333334,0,chronological,48,12,64,3.691502094268799,3e4982a8b355,8468b414e125,within_subject,0.3.0.dev0,2026-09-10T20:20:19
Miller2019-motor_basic,wc,0,ShallowFBCSPNet s0,balanced_accuracy,0.8125,0,chronological,48,12,64,3.691502094268799,3e4982a8b355,8468b414e125,within_subject,0.3.0.dev0,2026-09-10T20:20:19
Miller2019-motor_basic,wc,0,ShallowFBCSPNet s0,kappa,1.0,1,chronological,48,12,64,3.832144021987915,3e4982a8b355,8468b414e125,within_subject,0.3.0.dev0,2026-09-10T20:20:19
Miller2019-motor_basic,wc,0,ShallowFBCSPNet s0,accuracy,1.0,1,chronological,48,12,64,3.832144021987915,3e4982a8b355,8468b414e125,within_subject,0.3.0.dev0,2026-09-10T20:20:19
Miller2019-motor_basic,wc,0,ShallowFBCSPNet s0,balanced_accuracy,1.0,1,chronological,48,12,64,3.832144021987915,3e4982a8b355,8468b414e125,within_subject,0.3.0.dev0,2026-09-10T20:20:19
Miller2019-motor_basic,wc,0,ShallowFBCSPNet s0,kappa,0.2727272727272727,2,chronological,48,12,64,3.797342300415039,3e4982a8b355,8468b414e125,within_subject,0.3.0.dev0,2026-09-10T20:20:19
Miller2019-motor_basic,wc,0,ShallowFBCSPNet s0,accuracy,0.6666666666666666,2,chronological,48,12,64,3.797342300415039,3e4982a8b355,8468b414e125,within_subject,0.3.0.dev0,2026-09-10T20:20:19
Miller2019-motor_basic,wc,0,ShallowFBCSPNet s0,balanced_accuracy,0.6285714285714286,2,chronological,48,12,64,3.797342300415039,3e4982a8b355,8468b414e125,within_subject,0.3.0.dev0,2026-09-10T20:20:19
Miller2019-motor_basic,wc,0,ShallowFBCSPNet s0,kappa,0.8,3,chronological,48,12,64,3.65736985206604,3e4982a8b355,8468b414e125,within_subject,0.3.0.dev0,2026-09-10T20:20:19
Miller2019-motor_basic,wc,0,ShallowFBCSPNet s0,accuracy,0.9166666666666666,3,chronological,48,12,64,3.65736985206604,3e4982a8b355,8468b414e125,within_subject,0.3.0.dev0,2026-09-10T20:20:19
Miller2019-motor_basic,wc,0,ShallowFBCSPNet s0,balanced_accuracy,0.875,3,chronological,48,12,64,3.65736985206604,3e4982a8b355,8468b414e125,within_subject,0.3.0.dev0,2026-09-10T20:20:19
Miller2019-motor_basic,wc,0,ShallowFBCSPNet s0,kappa,0.4375000000000001,4,chronological,48,12,64,3.60996413230896,3e4982a8b355,8468b414e125,within_subject,0.3.0.dev0,2026-09-10T20:20:19
Miller2019-motor_basic,wc,0,ShallowFBCSPNet s0,accuracy,0.75,4,chronological,48,12,64,3.60996413230896,3e4982a8b355,8468b414e125,within_subject,0.3.0.dev0,2026-09-10T20:20:19
Miller2019-motor_basic,wc,0,ShallowFBCSPNet s0,balanced_accuracy,0.7,4,chronological,48,12,64,3.60996413230896,3e4982a8b355,8468b414e125,within_subject,0.3.0.dev0,2026-09-10T20:20:19
Miller2019-motor_basic,zt,0,ShallowFBCSPNet s0,kappa,0.3513513513513513,0,chronological,48,12,48,3.060697078704834,3e4982a8b355,8468b414e125,within_subject,0.3.0.dev0,2026-09-10T20:20:38
Miller2019-motor_basic,zt,0,ShallowFBCSPNet s0,accuracy,0.6666666666666666,0,chronological,48,12,48,3.060697078704834,3e4982a8b355,8468b414e125,within_subject,0.3.0.dev0,2026-09-10T20:20:38
Miller2019-motor_basic,zt,0,ShallowFBCSPNet s0,balanced_accuracy,0.6857142857142857,0,chronological,48,12,48,3.060697078704834,3e4982a8b355,8468b414e125,within_subject,0.3.0.dev0,2026-09-10T20:20:38
Miller2019-motor_basic,zt,0,ShallowFBCSPNet s0,kappa,0.6666666666666667,1,chronological,48,12,48,3.1248090267181396,3e4982a8b355,8468b414e125,within_subject,0.3.0.dev0,2026-09-10T20:20:38
Miller2019-motor_basic,zt,0,ShallowFBCSPNet s0,accuracy,0.8333333333333334,1,chronological,48,12,48,3.1248090267181396,3e4982a8b355,8468b414e125,within_subject,0.3.0.dev0,2026-09-10T20:20:38
Miller2019-motor_basic,zt,0,ShallowFBCSPNet s0,balanced_accuracy,0.8333333333333333,1,chronological,48,12,48,3.1248090267181396,3e4982a8b355,8468b414e125,within_subject,0.3.0.dev0,2026-09-10T20:20:38
Miller2019-motor_basic,zt,0,ShallowFBCSPNet s0,kappa,0.11111111111111116,2,chronological,48,12,48,3.4668610095977783,3e4982a8b355,8468b414e125,within_subject,0.3.0.dev0,2026-09-10T20:20:38
Miller2019-motor_basic,zt,0,ShallowFBCSPNet s0,accuracy,0.6666666666666666,2,chronological,48,12,48,3.4668610095977783,3e4982a8b355,8468b414e125,within_subject,0.3.0.dev0,2026-09-10T20:20:38
Miller2019-motor_basic,zt,0,ShallowFBCSPNet s0,balanced_accuracy,0.5555555555555556,2,chronological,48,12,48,3.4668610095977783,3e4982a8b355,8468b414e125,within_subject,0.3.0.dev0,2026-09-10T20:20:38
Miller2019-motor_basic,zt,0,ShallowFBCSPNet s0,kappa,0.33333333333333337,3,chronological,48,12,48,3.401587963104248,3e4982a8b355,8468b414e125,within_subject,0.3.0.dev0,2026-09-10T20:20:38
Miller2019-motor_basic,zt,0,ShallowFBCSPNet s0,accuracy,0.6666666666666666,3,chronological,48,12,48,3.401587963104248,3e4982a8b355,8468b414e125,within_subject,0.3.0.dev0,2026-09-10T20:20:38
Miller2019-motor_basic,zt,0,ShallowFBCSPNet s0,balanced_accuracy,0.6875,3,chronological,48,12,48,3.401587963104248,3e4982a8b355,8468b414e125,within_subject,0.3.0.dev0,2026-09-10T20:20:38
Miller2019-motor_basic,zt,0,ShallowFBCSPNet s0,kappa,0.5,4,chronological,48,12,48,3.4735300540924072,3e4982a8b355,8468b414e125,within_subject,0.3.0.dev0,2026-09-10T20:20:38
Miller2019-motor_basic,zt,0,ShallowFBCSPNet s0,accuracy,0.75,4,chronological,48,12,48,3.4735300540924072,3e4982a8b355,8468b414e125,within_subject,0.3.0.dev0,2026-09-10T20:20:38
Miller2019-motor_basic,zt,0,ShallowFBCSPNet s0,balanced_accuracy,0.75,4,chronological,48,12,48,3.4735300540924072,3e4982a8b355,8468b414e125,within_subject,0.3.0.dev0,2026-09-10T20:20:38
