dataset,subject,session,pipeline,metric,score,fold,fold_policy,n_train,n_test,n_channels,time,pipeline_digest,paradigm_digest,evaluation,moecog_version,computed_at
Miller2019-faces_basic,aa,faceshouses,HighGamma + LDA,kappa,0.19999999999999996,0,chronological,240,60,46,0.16482877731323242,f0ad027786a9,dfb96670a964,within_subject,0.3.0.dev0,2026-09-10T20:13:25
Miller2019-faces_basic,aa,faceshouses,HighGamma + LDA,accuracy,0.6,0,chronological,240,60,46,0.16482877731323242,f0ad027786a9,dfb96670a964,within_subject,0.3.0.dev0,2026-09-10T20:13:25
Miller2019-faces_basic,aa,faceshouses,HighGamma + LDA,balanced_accuracy,0.6000000000000001,0,chronological,240,60,46,0.16482877731323242,f0ad027786a9,dfb96670a964,within_subject,0.3.0.dev0,2026-09-10T20:13:25
Miller2019-faces_basic,aa,faceshouses,LogBandPower + LDA,kappa,0.23333333333333328,0,chronological,240,60,46,0.08665299415588379,ad4c2abc31c8,dfb96670a964,within_subject,0.3.0.dev0,2026-09-10T20:13:25
Miller2019-faces_basic,aa,faceshouses,LogBandPower + LDA,accuracy,0.6166666666666667,0,chronological,240,60,46,0.08665299415588379,ad4c2abc31c8,dfb96670a964,within_subject,0.3.0.dev0,2026-09-10T20:13:25
Miller2019-faces_basic,aa,faceshouses,LogBandPower + LDA,balanced_accuracy,0.6166666666666667,0,chronological,240,60,46,0.08665299415588379,ad4c2abc31c8,dfb96670a964,within_subject,0.3.0.dev0,2026-09-10T20:13:25
Miller2019-faces_basic,aa,faceshouses,LogBandPower + LogReg,kappa,0.30000000000000004,0,chronological,240,60,46,0.08856606483459473,688f919f3ab0,dfb96670a964,within_subject,0.3.0.dev0,2026-09-10T20:13:25
Miller2019-faces_basic,aa,faceshouses,LogBandPower + LogReg,accuracy,0.65,0,chronological,240,60,46,0.08856606483459473,688f919f3ab0,dfb96670a964,within_subject,0.3.0.dev0,2026-09-10T20:13:25
Miller2019-faces_basic,aa,faceshouses,LogBandPower + LogReg,balanced_accuracy,0.6499999999999999,0,chronological,240,60,46,0.08856606483459473,688f919f3ab0,dfb96670a964,within_subject,0.3.0.dev0,2026-09-10T20:13:25
Miller2019-faces_basic,aa,faceshouses,Riemann TS + LogReg,kappa,0.3666666666666667,0,chronological,240,60,46,1.1224236488342285,b4736e60e22e,dfb96670a964,within_subject,0.3.0.dev0,2026-09-10T20:13:25
Miller2019-faces_basic,aa,faceshouses,Riemann TS + LogReg,accuracy,0.6833333333333333,0,chronological,240,60,46,1.1224236488342285,b4736e60e22e,dfb96670a964,within_subject,0.3.0.dev0,2026-09-10T20:13:25
Miller2019-faces_basic,aa,faceshouses,Riemann TS + LogReg,balanced_accuracy,0.6833333333333333,0,chronological,240,60,46,1.1224236488342285,b4736e60e22e,dfb96670a964,within_subject,0.3.0.dev0,2026-09-10T20:13:25
Miller2019-faces_basic,aa,faceshouses,HighGamma + LDA,kappa,0.09999999999999998,1,chronological,240,60,46,0.08063006401062012,f0ad027786a9,dfb96670a964,within_subject,0.3.0.dev0,2026-09-10T20:13:25
Miller2019-faces_basic,aa,faceshouses,HighGamma + LDA,accuracy,0.55,1,chronological,240,60,46,0.08063006401062012,f0ad027786a9,dfb96670a964,within_subject,0.3.0.dev0,2026-09-10T20:13:25
Miller2019-faces_basic,aa,faceshouses,HighGamma + LDA,balanced_accuracy,0.55,1,chronological,240,60,46,0.08063006401062012,f0ad027786a9,dfb96670a964,within_subject,0.3.0.dev0,2026-09-10T20:13:25
Miller2019-faces_basic,aa,faceshouses,LogBandPower + LDA,kappa,0.3666666666666667,1,chronological,240,60,46,0.08411979675292969,ad4c2abc31c8,dfb96670a964,within_subject,0.3.0.dev0,2026-09-10T20:13:25
Miller2019-faces_basic,aa,faceshouses,LogBandPower + LDA,accuracy,0.6833333333333333,1,chronological,240,60,46,0.08411979675292969,ad4c2abc31c8,dfb96670a964,within_subject,0.3.0.dev0,2026-09-10T20:13:25
Miller2019-faces_basic,aa,faceshouses,LogBandPower + LDA,balanced_accuracy,0.6833333333333333,1,chronological,240,60,46,0.08411979675292969,ad4c2abc31c8,dfb96670a964,within_subject,0.3.0.dev0,2026-09-10T20:13:25
Miller2019-faces_basic,aa,faceshouses,LogBandPower + LogReg,kappa,0.33333333333333337,1,chronological,240,60,46,0.0848090648651123,688f919f3ab0,dfb96670a964,within_subject,0.3.0.dev0,2026-09-10T20:13:25
Miller2019-faces_basic,aa,faceshouses,LogBandPower + LogReg,accuracy,0.6666666666666666,1,chronological,240,60,46,0.0848090648651123,688f919f3ab0,dfb96670a964,within_subject,0.3.0.dev0,2026-09-10T20:13:25
Miller2019-faces_basic,aa,faceshouses,LogBandPower + LogReg,balanced_accuracy,0.6666666666666666,1,chronological,240,60,46,0.0848090648651123,688f919f3ab0,dfb96670a964,within_subject,0.3.0.dev0,2026-09-10T20:13:25
Miller2019-faces_basic,aa,faceshouses,Riemann TS + LogReg,kappa,0.6,1,chronological,240,60,46,1.118382215499878,b4736e60e22e,dfb96670a964,within_subject,0.3.0.dev0,2026-09-10T20:13:25
Miller2019-faces_basic,aa,faceshouses,Riemann TS + LogReg,accuracy,0.8,1,chronological,240,60,46,1.118382215499878,b4736e60e22e,dfb96670a964,within_subject,0.3.0.dev0,2026-09-10T20:13:25
Miller2019-faces_basic,aa,faceshouses,Riemann TS + LogReg,balanced_accuracy,0.8,1,chronological,240,60,46,1.118382215499878,b4736e60e22e,dfb96670a964,within_subject,0.3.0.dev0,2026-09-10T20:13:25
Miller2019-faces_basic,aa,faceshouses,HighGamma + LDA,kappa,0.02684563758389269,2,chronological,240,60,46,0.07950520515441895,f0ad027786a9,dfb96670a964,within_subject,0.3.0.dev0,2026-09-10T20:13:25
Miller2019-faces_basic,aa,faceshouses,HighGamma + LDA,accuracy,0.5166666666666667,2,chronological,240,60,46,0.07950520515441895,f0ad027786a9,dfb96670a964,within_subject,0.3.0.dev0,2026-09-10T20:13:25
Miller2019-faces_basic,aa,faceshouses,HighGamma + LDA,balanced_accuracy,0.5133928571428572,2,chronological,240,60,46,0.07950520515441895,f0ad027786a9,dfb96670a964,within_subject,0.3.0.dev0,2026-09-10T20:13:25
Miller2019-faces_basic,aa,faceshouses,LogBandPower + LDA,kappa,0.2350332594235034,2,chronological,240,60,46,0.08469295501708984,ad4c2abc31c8,dfb96670a964,within_subject,0.3.0.dev0,2026-09-10T20:13:25
Miller2019-faces_basic,aa,faceshouses,LogBandPower + LDA,accuracy,0.6166666666666667,2,chronological,240,60,46,0.08469295501708984,ad4c2abc31c8,dfb96670a964,within_subject,0.3.0.dev0,2026-09-10T20:13:25
Miller2019-faces_basic,aa,faceshouses,LogBandPower + LDA,balanced_accuracy,0.6183035714285714,2,chronological,240,60,46,0.08469295501708984,ad4c2abc31c8,dfb96670a964,within_subject,0.3.0.dev0,2026-09-10T20:13:25
Miller2019-faces_basic,aa,faceshouses,LogBandPower + LogReg,kappa,0.07488986784140961,2,chronological,240,60,46,0.08266592025756836,688f919f3ab0,dfb96670a964,within_subject,0.3.0.dev0,2026-09-10T20:13:25
Miller2019-faces_basic,aa,faceshouses,LogBandPower + LogReg,accuracy,0.5333333333333333,2,chronological,240,60,46,0.08266592025756836,688f919f3ab0,dfb96670a964,within_subject,0.3.0.dev0,2026-09-10T20:13:25
Miller2019-faces_basic,aa,faceshouses,LogBandPower + LogReg,balanced_accuracy,0.5379464285714286,2,chronological,240,60,46,0.08266592025756836,688f919f3ab0,dfb96670a964,within_subject,0.3.0.dev0,2026-09-10T20:13:25
Miller2019-faces_basic,aa,faceshouses,Riemann TS + LogReg,kappa,0.43207126948775054,2,chronological,240,60,46,1.1187787055969238,b4736e60e22e,dfb96670a964,within_subject,0.3.0.dev0,2026-09-10T20:13:25
Miller2019-faces_basic,aa,faceshouses,Riemann TS + LogReg,accuracy,0.7166666666666667,2,chronological,240,60,46,1.1187787055969238,b4736e60e22e,dfb96670a964,within_subject,0.3.0.dev0,2026-09-10T20:13:25
Miller2019-faces_basic,aa,faceshouses,Riemann TS + LogReg,balanced_accuracy,0.7165178571428572,2,chronological,240,60,46,1.1187787055969238,b4736e60e22e,dfb96670a964,within_subject,0.3.0.dev0,2026-09-10T20:13:25
Miller2019-faces_basic,aa,faceshouses,HighGamma + LDA,kappa,0.10138248847926257,3,chronological,240,60,46,0.08000898361206055,f0ad027786a9,dfb96670a964,within_subject,0.3.0.dev0,2026-09-10T20:13:25
Miller2019-faces_basic,aa,faceshouses,HighGamma + LDA,accuracy,0.5666666666666667,3,chronological,240,60,46,0.08000898361206055,f0ad027786a9,dfb96670a964,within_subject,0.3.0.dev0,2026-09-10T20:13:25
Miller2019-faces_basic,aa,faceshouses,HighGamma + LDA,balanced_accuracy,0.5497737556561086,3,chronological,240,60,46,0.08000898361206055,f0ad027786a9,dfb96670a964,within_subject,0.3.0.dev0,2026-09-10T20:13:25
Miller2019-faces_basic,aa,faceshouses,LogBandPower + LDA,kappa,0.3212669683257918,3,chronological,240,60,46,0.08650588989257812,ad4c2abc31c8,dfb96670a964,within_subject,0.3.0.dev0,2026-09-10T20:13:25
Miller2019-faces_basic,aa,faceshouses,LogBandPower + LDA,accuracy,0.6666666666666666,3,chronological,240,60,46,0.08650588989257812,ad4c2abc31c8,dfb96670a964,within_subject,0.3.0.dev0,2026-09-10T20:13:25
Miller2019-faces_basic,aa,faceshouses,LogBandPower + LDA,balanced_accuracy,0.660633484162896,3,chronological,240,60,46,0.08650588989257812,ad4c2abc31c8,dfb96670a964,within_subject,0.3.0.dev0,2026-09-10T20:13:25
Miller2019-faces_basic,aa,faceshouses,LogBandPower + LogReg,kappa,0.4470046082949308,3,chronological,240,60,46,0.08307099342346191,688f919f3ab0,dfb96670a964,within_subject,0.3.0.dev0,2026-09-10T20:13:25
Miller2019-faces_basic,aa,faceshouses,LogBandPower + LogReg,accuracy,0.7333333333333333,3,chronological,240,60,46,0.08307099342346191,688f919f3ab0,dfb96670a964,within_subject,0.3.0.dev0,2026-09-10T20:13:25
Miller2019-faces_basic,aa,faceshouses,LogBandPower + LogReg,balanced_accuracy,0.7194570135746606,3,chronological,240,60,46,0.08307099342346191,688f919f3ab0,dfb96670a964,within_subject,0.3.0.dev0,2026-09-10T20:13:25
Miller2019-faces_basic,aa,faceshouses,Riemann TS + LogReg,kappa,0.37788018433179715,3,chronological,240,60,46,1.0604071617126465,b4736e60e22e,dfb96670a964,within_subject,0.3.0.dev0,2026-09-10T20:13:25
Miller2019-faces_basic,aa,faceshouses,Riemann TS + LogReg,accuracy,0.7,3,chronological,240,60,46,1.0604071617126465,b4736e60e22e,dfb96670a964,within_subject,0.3.0.dev0,2026-09-10T20:13:25
Miller2019-faces_basic,aa,faceshouses,Riemann TS + LogReg,balanced_accuracy,0.6855203619909502,3,chronological,240,60,46,1.0604071617126465,b4736e60e22e,dfb96670a964,within_subject,0.3.0.dev0,2026-09-10T20:13:25
Miller2019-faces_basic,aa,faceshouses,HighGamma + LDA,kappa,-0.004319654427645814,4,chronological,240,60,46,0.08024883270263672,f0ad027786a9,dfb96670a964,within_subject,0.3.0.dev0,2026-09-10T20:13:25
Miller2019-faces_basic,aa,faceshouses,HighGamma + LDA,accuracy,0.48333333333333334,4,chronological,240,60,46,0.08024883270263672,f0ad027786a9,dfb96670a964,within_subject,0.3.0.dev0,2026-09-10T20:13:25
Miller2019-faces_basic,aa,faceshouses,HighGamma + LDA,balanced_accuracy,0.49776785714285715,4,chronological,240,60,46,0.08024883270263672,f0ad027786a9,dfb96670a964,within_subject,0.3.0.dev0,2026-09-10T20:13:25
Miller2019-faces_basic,aa,faceshouses,LogBandPower + LDA,kappa,0.28260869565217384,4,chronological,240,60,46,0.08408308029174805,ad4c2abc31c8,dfb96670a964,within_subject,0.3.0.dev0,2026-09-10T20:13:25
Miller2019-faces_basic,aa,faceshouses,LogBandPower + LDA,accuracy,0.6333333333333333,4,chronological,240,60,46,0.08408308029174805,ad4c2abc31c8,dfb96670a964,within_subject,0.3.0.dev0,2026-09-10T20:13:25
Miller2019-faces_basic,aa,faceshouses,LogBandPower + LDA,balanced_accuracy,0.6450892857142857,4,chronological,240,60,46,0.08408308029174805,ad4c2abc31c8,dfb96670a964,within_subject,0.3.0.dev0,2026-09-10T20:13:25
Miller2019-faces_basic,aa,faceshouses,LogBandPower + LogReg,kappa,0.11764705882352944,4,chronological,240,60,46,0.08090496063232422,688f919f3ab0,dfb96670a964,within_subject,0.3.0.dev0,2026-09-10T20:13:25
Miller2019-faces_basic,aa,faceshouses,LogBandPower + LogReg,accuracy,0.55,4,chronological,240,60,46,0.08090496063232422,688f919f3ab0,dfb96670a964,within_subject,0.3.0.dev0,2026-09-10T20:13:25
Miller2019-faces_basic,aa,faceshouses,LogBandPower + LogReg,balanced_accuracy,0.5602678571428572,4,chronological,240,60,46,0.08090496063232422,688f919f3ab0,dfb96670a964,within_subject,0.3.0.dev0,2026-09-10T20:13:25
Miller2019-faces_basic,aa,faceshouses,Riemann TS + LogReg,kappa,0.3790849673202614,4,chronological,240,60,46,0.9912161827087402,b4736e60e22e,dfb96670a964,within_subject,0.3.0.dev0,2026-09-10T20:13:25
Miller2019-faces_basic,aa,faceshouses,Riemann TS + LogReg,accuracy,0.6833333333333333,4,chronological,240,60,46,0.9912161827087402,b4736e60e22e,dfb96670a964,within_subject,0.3.0.dev0,2026-09-10T20:13:25
Miller2019-faces_basic,aa,faceshouses,Riemann TS + LogReg,balanced_accuracy,0.6941964285714286,4,chronological,240,60,46,0.9912161827087402,b4736e60e22e,dfb96670a964,within_subject,0.3.0.dev0,2026-09-10T20:13:25
Miller2019-faces_basic,ap,faceshouses,HighGamma + LDA,kappa,0.6,0,chronological,240,60,41,0.06996607780456543,f0ad027786a9,dfb96670a964,within_subject,0.3.0.dev0,2026-09-10T20:13:30
Miller2019-faces_basic,ap,faceshouses,HighGamma + LDA,accuracy,0.8,0,chronological,240,60,41,0.06996607780456543,f0ad027786a9,dfb96670a964,within_subject,0.3.0.dev0,2026-09-10T20:13:30
Miller2019-faces_basic,ap,faceshouses,HighGamma + LDA,balanced_accuracy,0.8,0,chronological,240,60,41,0.06996607780456543,f0ad027786a9,dfb96670a964,within_subject,0.3.0.dev0,2026-09-10T20:13:30
Miller2019-faces_basic,ap,faceshouses,LogBandPower + LDA,kappa,0.5,0,chronological,240,60,41,0.07564592361450195,ad4c2abc31c8,dfb96670a964,within_subject,0.3.0.dev0,2026-09-10T20:13:30
Miller2019-faces_basic,ap,faceshouses,LogBandPower + LDA,accuracy,0.75,0,chronological,240,60,41,0.07564592361450195,ad4c2abc31c8,dfb96670a964,within_subject,0.3.0.dev0,2026-09-10T20:13:30
Miller2019-faces_basic,ap,faceshouses,LogBandPower + LDA,balanced_accuracy,0.75,0,chronological,240,60,41,0.07564592361450195,ad4c2abc31c8,dfb96670a964,within_subject,0.3.0.dev0,2026-09-10T20:13:30
Miller2019-faces_basic,ap,faceshouses,LogBandPower + LogReg,kappa,0.5,0,chronological,240,60,41,0.07217812538146973,688f919f3ab0,dfb96670a964,within_subject,0.3.0.dev0,2026-09-10T20:13:30
Miller2019-faces_basic,ap,faceshouses,LogBandPower + LogReg,accuracy,0.75,0,chronological,240,60,41,0.07217812538146973,688f919f3ab0,dfb96670a964,within_subject,0.3.0.dev0,2026-09-10T20:13:30
Miller2019-faces_basic,ap,faceshouses,LogBandPower + LogReg,balanced_accuracy,0.75,0,chronological,240,60,41,0.07217812538146973,688f919f3ab0,dfb96670a964,within_subject,0.3.0.dev0,2026-09-10T20:13:30
Miller2019-faces_basic,ap,faceshouses,Riemann TS + LogReg,kappa,0.09999999999999998,0,chronological,240,60,41,0.8011760711669922,b4736e60e22e,dfb96670a964,within_subject,0.3.0.dev0,2026-09-10T20:13:30
Miller2019-faces_basic,ap,faceshouses,Riemann TS + LogReg,accuracy,0.55,0,chronological,240,60,41,0.8011760711669922,b4736e60e22e,dfb96670a964,within_subject,0.3.0.dev0,2026-09-10T20:13:30
Miller2019-faces_basic,ap,faceshouses,Riemann TS + LogReg,balanced_accuracy,0.55,0,chronological,240,60,41,0.8011760711669922,b4736e60e22e,dfb96670a964,within_subject,0.3.0.dev0,2026-09-10T20:13:30
Miller2019-faces_basic,ap,faceshouses,HighGamma + LDA,kappa,0.4,1,chronological,240,60,41,0.07011890411376953,f0ad027786a9,dfb96670a964,within_subject,0.3.0.dev0,2026-09-10T20:13:30
Miller2019-faces_basic,ap,faceshouses,HighGamma + LDA,accuracy,0.7,1,chronological,240,60,41,0.07011890411376953,f0ad027786a9,dfb96670a964,within_subject,0.3.0.dev0,2026-09-10T20:13:30
Miller2019-faces_basic,ap,faceshouses,HighGamma + LDA,balanced_accuracy,0.7,1,chronological,240,60,41,0.07011890411376953,f0ad027786a9,dfb96670a964,within_subject,0.3.0.dev0,2026-09-10T20:13:30
Miller2019-faces_basic,ap,faceshouses,LogBandPower + LDA,kappa,0.5,1,chronological,240,60,41,0.07561492919921875,ad4c2abc31c8,dfb96670a964,within_subject,0.3.0.dev0,2026-09-10T20:13:30
Miller2019-faces_basic,ap,faceshouses,LogBandPower + LDA,accuracy,0.75,1,chronological,240,60,41,0.07561492919921875,ad4c2abc31c8,dfb96670a964,within_subject,0.3.0.dev0,2026-09-10T20:13:30
Miller2019-faces_basic,ap,faceshouses,LogBandPower + LDA,balanced_accuracy,0.75,1,chronological,240,60,41,0.07561492919921875,ad4c2abc31c8,dfb96670a964,within_subject,0.3.0.dev0,2026-09-10T20:13:30
Miller2019-faces_basic,ap,faceshouses,LogBandPower + LogReg,kappa,0.6,1,chronological,240,60,41,0.0735619068145752,688f919f3ab0,dfb96670a964,within_subject,0.3.0.dev0,2026-09-10T20:13:30
Miller2019-faces_basic,ap,faceshouses,LogBandPower + LogReg,accuracy,0.8,1,chronological,240,60,41,0.0735619068145752,688f919f3ab0,dfb96670a964,within_subject,0.3.0.dev0,2026-09-10T20:13:30
Miller2019-faces_basic,ap,faceshouses,LogBandPower + LogReg,balanced_accuracy,0.8,1,chronological,240,60,41,0.0735619068145752,688f919f3ab0,dfb96670a964,within_subject,0.3.0.dev0,2026-09-10T20:13:30
Miller2019-faces_basic,ap,faceshouses,Riemann TS + LogReg,kappa,0.30000000000000004,1,chronological,240,60,41,0.813068151473999,b4736e60e22e,dfb96670a964,within_subject,0.3.0.dev0,2026-09-10T20:13:30
Miller2019-faces_basic,ap,faceshouses,Riemann TS + LogReg,accuracy,0.65,1,chronological,240,60,41,0.813068151473999,b4736e60e22e,dfb96670a964,within_subject,0.3.0.dev0,2026-09-10T20:13:30
Miller2019-faces_basic,ap,faceshouses,Riemann TS + LogReg,balanced_accuracy,0.6499999999999999,1,chronological,240,60,41,0.813068151473999,b4736e60e22e,dfb96670a964,within_subject,0.3.0.dev0,2026-09-10T20:13:30
Miller2019-faces_basic,ap,faceshouses,HighGamma + LDA,kappa,0.3537414965986394,2,chronological,240,60,41,0.06884503364562988,f0ad027786a9,dfb96670a964,within_subject,0.3.0.dev0,2026-09-10T20:13:30
Miller2019-faces_basic,ap,faceshouses,HighGamma + LDA,accuracy,0.6833333333333333,2,chronological,240,60,41,0.06884503364562988,f0ad027786a9,dfb96670a964,within_subject,0.3.0.dev0,2026-09-10T20:13:30
Miller2019-faces_basic,ap,faceshouses,HighGamma + LDA,balanced_accuracy,0.6741071428571428,2,chronological,240,60,41,0.06884503364562988,f0ad027786a9,dfb96670a964,within_subject,0.3.0.dev0,2026-09-10T20:13:30
Miller2019-faces_basic,ap,faceshouses,LogBandPower + LDA,kappa,0.3303571428571429,2,chronological,240,60,41,0.07425618171691895,ad4c2abc31c8,dfb96670a964,within_subject,0.3.0.dev0,2026-09-10T20:13:30
Miller2019-faces_basic,ap,faceshouses,LogBandPower + LDA,accuracy,0.6666666666666666,2,chronological,240,60,41,0.07425618171691895,ad4c2abc31c8,dfb96670a964,within_subject,0.3.0.dev0,2026-09-10T20:13:30
Miller2019-faces_basic,ap,faceshouses,LogBandPower + LDA,balanced_accuracy,0.6651785714285714,2,chronological,240,60,41,0.07425618171691895,ad4c2abc31c8,dfb96670a964,within_subject,0.3.0.dev0,2026-09-10T20:13:30
Miller2019-faces_basic,ap,faceshouses,LogBandPower + LogReg,kappa,0.3046357615894041,2,chronological,240,60,41,0.07187199592590332,688f919f3ab0,dfb96670a964,within_subject,0.3.0.dev0,2026-09-10T20:13:30
Miller2019-faces_basic,ap,faceshouses,LogBandPower + LogReg,accuracy,0.65,2,chronological,240,60,41,0.07187199592590332,688f919f3ab0,dfb96670a964,within_subject,0.3.0.dev0,2026-09-10T20:13:30
Miller2019-faces_basic,ap,faceshouses,LogBandPower + LogReg,balanced_accuracy,0.6540178571428572,2,chronological,240,60,41,0.07187199592590332,688f919f3ab0,dfb96670a964,within_subject,0.3.0.dev0,2026-09-10T20:13:30
Miller2019-faces_basic,ap,faceshouses,Riemann TS + LogReg,kappa,0.06666666666666665,2,chronological,240,60,41,0.8173990249633789,b4736e60e22e,dfb96670a964,within_subject,0.3.0.dev0,2026-09-10T20:13:30
Miller2019-faces_basic,ap,faceshouses,Riemann TS + LogReg,accuracy,0.5333333333333333,2,chronological,240,60,41,0.8173990249633789,b4736e60e22e,dfb96670a964,within_subject,0.3.0.dev0,2026-09-10T20:13:30
Miller2019-faces_basic,ap,faceshouses,Riemann TS + LogReg,balanced_accuracy,0.5334821428571428,2,chronological,240,60,41,0.8173990249633789,b4736e60e22e,dfb96670a964,within_subject,0.3.0.dev0,2026-09-10T20:13:30
Miller2019-faces_basic,ap,faceshouses,HighGamma + LDA,kappa,0.6666666666666667,3,chronological,240,60,41,0.07068014144897461,f0ad027786a9,dfb96670a964,within_subject,0.3.0.dev0,2026-09-10T20:13:30
Miller2019-faces_basic,ap,faceshouses,HighGamma + LDA,accuracy,0.8333333333333334,3,chronological,240,60,41,0.07068014144897461,f0ad027786a9,dfb96670a964,within_subject,0.3.0.dev0,2026-09-10T20:13:30
Miller2019-faces_basic,ap,faceshouses,HighGamma + LDA,balanced_accuracy,0.839366515837104,3,chronological,240,60,41,0.07068014144897461,f0ad027786a9,dfb96670a964,within_subject,0.3.0.dev0,2026-09-10T20:13:30
Miller2019-faces_basic,ap,faceshouses,LogBandPower + LDA,kappa,0.4713656387665198,3,chronological,240,60,41,0.07477092742919922,ad4c2abc31c8,dfb96670a964,within_subject,0.3.0.dev0,2026-09-10T20:13:30
Miller2019-faces_basic,ap,faceshouses,LogBandPower + LDA,accuracy,0.7333333333333333,3,chronological,240,60,41,0.07477092742919922,ad4c2abc31c8,dfb96670a964,within_subject,0.3.0.dev0,2026-09-10T20:13:30
Miller2019-faces_basic,ap,faceshouses,LogBandPower + LDA,balanced_accuracy,0.7420814479638009,3,chronological,240,60,41,0.07477092742919922,ad4c2abc31c8,dfb96670a964,within_subject,0.3.0.dev0,2026-09-10T20:13:30
Miller2019-faces_basic,ap,faceshouses,LogBandPower + LogReg,kappa,0.5248868778280542,3,chronological,240,60,41,0.07354998588562012,688f919f3ab0,dfb96670a964,within_subject,0.3.0.dev0,2026-09-10T20:13:30
Miller2019-faces_basic,ap,faceshouses,LogBandPower + LogReg,accuracy,0.7666666666666667,3,chronological,240,60,41,0.07354998588562012,688f919f3ab0,dfb96670a964,within_subject,0.3.0.dev0,2026-09-10T20:13:30
Miller2019-faces_basic,ap,faceshouses,LogBandPower + LogReg,balanced_accuracy,0.7624434389140271,3,chronological,240,60,41,0.07354998588562012,688f919f3ab0,dfb96670a964,within_subject,0.3.0.dev0,2026-09-10T20:13:30
Miller2019-faces_basic,ap,faceshouses,Riemann TS + LogReg,kappa,0.27312775330396477,3,chronological,240,60,41,0.8156018257141113,b4736e60e22e,dfb96670a964,within_subject,0.3.0.dev0,2026-09-10T20:13:30
Miller2019-faces_basic,ap,faceshouses,Riemann TS + LogReg,accuracy,0.6333333333333333,3,chronological,240,60,41,0.8156018257141113,b4736e60e22e,dfb96670a964,within_subject,0.3.0.dev0,2026-09-10T20:13:30
Miller2019-faces_basic,ap,faceshouses,Riemann TS + LogReg,balanced_accuracy,0.6402714932126696,3,chronological,240,60,41,0.8156018257141113,b4736e60e22e,dfb96670a964,within_subject,0.3.0.dev0,2026-09-10T20:13:30
Miller2019-faces_basic,ap,faceshouses,HighGamma + LDA,kappa,0.4943820224719101,4,chronological,240,60,41,0.07439470291137695,f0ad027786a9,dfb96670a964,within_subject,0.3.0.dev0,2026-09-10T20:13:30
Miller2019-faces_basic,ap,faceshouses,HighGamma + LDA,accuracy,0.75,4,chronological,240,60,41,0.07439470291137695,f0ad027786a9,dfb96670a964,within_subject,0.3.0.dev0,2026-09-10T20:13:30
Miller2019-faces_basic,ap,faceshouses,HighGamma + LDA,balanced_accuracy,0.7455357142857143,4,chronological,240,60,41,0.07439470291137695,f0ad027786a9,dfb96670a964,within_subject,0.3.0.dev0,2026-09-10T20:13:30
Miller2019-faces_basic,ap,faceshouses,LogBandPower + LDA,kappa,0.4666666666666667,4,chronological,240,60,41,0.0761880874633789,ad4c2abc31c8,dfb96670a964,within_subject,0.3.0.dev0,2026-09-10T20:13:30
Miller2019-faces_basic,ap,faceshouses,LogBandPower + LDA,accuracy,0.7333333333333333,4,chronological,240,60,41,0.0761880874633789,ad4c2abc31c8,dfb96670a964,within_subject,0.3.0.dev0,2026-09-10T20:13:30
Miller2019-faces_basic,ap,faceshouses,LogBandPower + LDA,balanced_accuracy,0.734375,4,chronological,240,60,41,0.0761880874633789,ad4c2abc31c8,dfb96670a964,within_subject,0.3.0.dev0,2026-09-10T20:13:30
Miller2019-faces_basic,ap,faceshouses,LogBandPower + LogReg,kappa,0.53125,4,chronological,240,60,41,0.07369494438171387,688f919f3ab0,dfb96670a964,within_subject,0.3.0.dev0,2026-09-10T20:13:30
Miller2019-faces_basic,ap,faceshouses,LogBandPower + LogReg,accuracy,0.7666666666666667,4,chronological,240,60,41,0.07369494438171387,688f919f3ab0,dfb96670a964,within_subject,0.3.0.dev0,2026-09-10T20:13:30
Miller2019-faces_basic,ap,faceshouses,LogBandPower + LogReg,balanced_accuracy,0.765625,4,chronological,240,60,41,0.07369494438171387,688f919f3ab0,dfb96670a964,within_subject,0.3.0.dev0,2026-09-10T20:13:30
Miller2019-faces_basic,ap,faceshouses,Riemann TS + LogReg,kappa,0.09395973154362414,4,chronological,240,60,41,0.7994198799133301,b4736e60e22e,dfb96670a964,within_subject,0.3.0.dev0,2026-09-10T20:13:30
Miller2019-faces_basic,ap,faceshouses,Riemann TS + LogReg,accuracy,0.55,4,chronological,240,60,41,0.7994198799133301,b4736e60e22e,dfb96670a964,within_subject,0.3.0.dev0,2026-09-10T20:13:30
Miller2019-faces_basic,ap,faceshouses,Riemann TS + LogReg,balanced_accuracy,0.546875,4,chronological,240,60,41,0.7994198799133301,b4736e60e22e,dfb96670a964,within_subject,0.3.0.dev0,2026-09-10T20:13:30
Miller2019-faces_basic,ca,faceshouses,HighGamma + LDA,kappa,0.6333333333333333,0,chronological,240,60,50,0.11240816116333008,f0ad027786a9,dfb96670a964,within_subject,0.3.0.dev0,2026-09-10T20:13:38
Miller2019-faces_basic,ca,faceshouses,HighGamma + LDA,accuracy,0.8166666666666667,0,chronological,240,60,50,0.11240816116333008,f0ad027786a9,dfb96670a964,within_subject,0.3.0.dev0,2026-09-10T20:13:38
Miller2019-faces_basic,ca,faceshouses,HighGamma + LDA,balanced_accuracy,0.8166666666666667,0,chronological,240,60,50,0.11240816116333008,f0ad027786a9,dfb96670a964,within_subject,0.3.0.dev0,2026-09-10T20:13:38
Miller2019-faces_basic,ca,faceshouses,LogBandPower + LDA,kappa,0.6333333333333333,0,chronological,240,60,50,0.09729290008544922,ad4c2abc31c8,dfb96670a964,within_subject,0.3.0.dev0,2026-09-10T20:13:38
Miller2019-faces_basic,ca,faceshouses,LogBandPower + LDA,accuracy,0.8166666666666667,0,chronological,240,60,50,0.09729290008544922,ad4c2abc31c8,dfb96670a964,within_subject,0.3.0.dev0,2026-09-10T20:13:38
Miller2019-faces_basic,ca,faceshouses,LogBandPower + LDA,balanced_accuracy,0.8166666666666667,0,chronological,240,60,50,0.09729290008544922,ad4c2abc31c8,dfb96670a964,within_subject,0.3.0.dev0,2026-09-10T20:13:38
Miller2019-faces_basic,ca,faceshouses,LogBandPower + LogReg,kappa,0.6666666666666667,0,chronological,240,60,50,0.08861207962036133,688f919f3ab0,dfb96670a964,within_subject,0.3.0.dev0,2026-09-10T20:13:38
Miller2019-faces_basic,ca,faceshouses,LogBandPower + LogReg,accuracy,0.8333333333333334,0,chronological,240,60,50,0.08861207962036133,688f919f3ab0,dfb96670a964,within_subject,0.3.0.dev0,2026-09-10T20:13:38
Miller2019-faces_basic,ca,faceshouses,LogBandPower + LogReg,balanced_accuracy,0.8333333333333334,0,chronological,240,60,50,0.08861207962036133,688f919f3ab0,dfb96670a964,within_subject,0.3.0.dev0,2026-09-10T20:13:38
Miller2019-faces_basic,ca,faceshouses,Riemann TS + LogReg,kappa,0.4666666666666667,0,chronological,240,60,50,1.263145923614502,b4736e60e22e,dfb96670a964,within_subject,0.3.0.dev0,2026-09-10T20:13:38
Miller2019-faces_basic,ca,faceshouses,Riemann TS + LogReg,accuracy,0.7333333333333333,0,chronological,240,60,50,1.263145923614502,b4736e60e22e,dfb96670a964,within_subject,0.3.0.dev0,2026-09-10T20:13:38
Miller2019-faces_basic,ca,faceshouses,Riemann TS + LogReg,balanced_accuracy,0.7333333333333334,0,chronological,240,60,50,1.263145923614502,b4736e60e22e,dfb96670a964,within_subject,0.3.0.dev0,2026-09-10T20:13:38
Miller2019-faces_basic,ca,faceshouses,HighGamma + LDA,kappa,0.7333333333333334,1,chronological,240,60,50,0.08724379539489746,f0ad027786a9,dfb96670a964,within_subject,0.3.0.dev0,2026-09-10T20:13:38
Miller2019-faces_basic,ca,faceshouses,HighGamma + LDA,accuracy,0.8666666666666667,1,chronological,240,60,50,0.08724379539489746,f0ad027786a9,dfb96670a964,within_subject,0.3.0.dev0,2026-09-10T20:13:38
Miller2019-faces_basic,ca,faceshouses,HighGamma + LDA,balanced_accuracy,0.8666666666666667,1,chronological,240,60,50,0.08724379539489746,f0ad027786a9,dfb96670a964,within_subject,0.3.0.dev0,2026-09-10T20:13:38
Miller2019-faces_basic,ca,faceshouses,LogBandPower + LDA,kappa,0.8666666666666667,1,chronological,240,60,50,0.09347009658813477,ad4c2abc31c8,dfb96670a964,within_subject,0.3.0.dev0,2026-09-10T20:13:38
Miller2019-faces_basic,ca,faceshouses,LogBandPower + LDA,accuracy,0.9333333333333333,1,chronological,240,60,50,0.09347009658813477,ad4c2abc31c8,dfb96670a964,within_subject,0.3.0.dev0,2026-09-10T20:13:38
Miller2019-faces_basic,ca,faceshouses,LogBandPower + LDA,balanced_accuracy,0.9333333333333333,1,chronological,240,60,50,0.09347009658813477,ad4c2abc31c8,dfb96670a964,within_subject,0.3.0.dev0,2026-09-10T20:13:38
Miller2019-faces_basic,ca,faceshouses,LogBandPower + LogReg,kappa,0.8666666666666667,1,chronological,240,60,50,0.0872809886932373,688f919f3ab0,dfb96670a964,within_subject,0.3.0.dev0,2026-09-10T20:13:38
Miller2019-faces_basic,ca,faceshouses,LogBandPower + LogReg,accuracy,0.9333333333333333,1,chronological,240,60,50,0.0872809886932373,688f919f3ab0,dfb96670a964,within_subject,0.3.0.dev0,2026-09-10T20:13:38
Miller2019-faces_basic,ca,faceshouses,LogBandPower + LogReg,balanced_accuracy,0.9333333333333333,1,chronological,240,60,50,0.0872809886932373,688f919f3ab0,dfb96670a964,within_subject,0.3.0.dev0,2026-09-10T20:13:38
Miller2019-faces_basic,ca,faceshouses,Riemann TS + LogReg,kappa,0.8333333333333334,1,chronological,240,60,50,1.1709370613098145,b4736e60e22e,dfb96670a964,within_subject,0.3.0.dev0,2026-09-10T20:13:38
Miller2019-faces_basic,ca,faceshouses,Riemann TS + LogReg,accuracy,0.9166666666666666,1,chronological,240,60,50,1.1709370613098145,b4736e60e22e,dfb96670a964,within_subject,0.3.0.dev0,2026-09-10T20:13:38
Miller2019-faces_basic,ca,faceshouses,Riemann TS + LogReg,balanced_accuracy,0.9166666666666667,1,chronological,240,60,50,1.1709370613098145,b4736e60e22e,dfb96670a964,within_subject,0.3.0.dev0,2026-09-10T20:13:38
Miller2019-faces_basic,ca,faceshouses,HighGamma + LDA,kappa,0.7006651884700665,2,chronological,240,60,50,0.08596611022949219,f0ad027786a9,dfb96670a964,within_subject,0.3.0.dev0,2026-09-10T20:13:38
Miller2019-faces_basic,ca,faceshouses,HighGamma + LDA,accuracy,0.85,2,chronological,240,60,50,0.08596611022949219,f0ad027786a9,dfb96670a964,within_subject,0.3.0.dev0,2026-09-10T20:13:38
Miller2019-faces_basic,ca,faceshouses,HighGamma + LDA,balanced_accuracy,0.8526785714285714,2,chronological,240,60,50,0.08596611022949219,f0ad027786a9,dfb96670a964,within_subject,0.3.0.dev0,2026-09-10T20:13:38
Miller2019-faces_basic,ca,faceshouses,LogBandPower + LDA,kappa,0.8008849557522124,2,chronological,240,60,50,0.09312295913696289,ad4c2abc31c8,dfb96670a964,within_subject,0.3.0.dev0,2026-09-10T20:13:38
Miller2019-faces_basic,ca,faceshouses,LogBandPower + LDA,accuracy,0.9,2,chronological,240,60,50,0.09312295913696289,ad4c2abc31c8,dfb96670a964,within_subject,0.3.0.dev0,2026-09-10T20:13:38
Miller2019-faces_basic,ca,faceshouses,LogBandPower + LDA,balanced_accuracy,0.9040178571428572,2,chronological,240,60,50,0.09312295913696289,ad4c2abc31c8,dfb96670a964,within_subject,0.3.0.dev0,2026-09-10T20:13:38
Miller2019-faces_basic,ca,faceshouses,LogBandPower + LogReg,kappa,0.7333333333333334,2,chronological,240,60,50,0.08450698852539062,688f919f3ab0,dfb96670a964,within_subject,0.3.0.dev0,2026-09-10T20:13:38
Miller2019-faces_basic,ca,faceshouses,LogBandPower + LogReg,accuracy,0.8666666666666667,2,chronological,240,60,50,0.08450698852539062,688f919f3ab0,dfb96670a964,within_subject,0.3.0.dev0,2026-09-10T20:13:38
Miller2019-faces_basic,ca,faceshouses,LogBandPower + LogReg,balanced_accuracy,0.8683035714285714,2,chronological,240,60,50,0.08450698852539062,688f919f3ab0,dfb96670a964,within_subject,0.3.0.dev0,2026-09-10T20:13:38
Miller2019-faces_basic,ca,faceshouses,Riemann TS + LogReg,kappa,0.6666666666666667,2,chronological,240,60,50,1.1544599533081055,b4736e60e22e,dfb96670a964,within_subject,0.3.0.dev0,2026-09-10T20:13:38
Miller2019-faces_basic,ca,faceshouses,Riemann TS + LogReg,accuracy,0.8333333333333334,2,chronological,240,60,50,1.1544599533081055,b4736e60e22e,dfb96670a964,within_subject,0.3.0.dev0,2026-09-10T20:13:38
Miller2019-faces_basic,ca,faceshouses,Riemann TS + LogReg,balanced_accuracy,0.8348214285714286,2,chronological,240,60,50,1.1544599533081055,b4736e60e22e,dfb96670a964,within_subject,0.3.0.dev0,2026-09-10T20:13:38
Miller2019-faces_basic,ca,faceshouses,HighGamma + LDA,kappa,0.8666666666666667,3,chronological,240,60,50,0.08324813842773438,f0ad027786a9,dfb96670a964,within_subject,0.3.0.dev0,2026-09-10T20:13:38
Miller2019-faces_basic,ca,faceshouses,HighGamma + LDA,accuracy,0.9333333333333333,3,chronological,240,60,50,0.08324813842773438,f0ad027786a9,dfb96670a964,within_subject,0.3.0.dev0,2026-09-10T20:13:38
Miller2019-faces_basic,ca,faceshouses,HighGamma + LDA,balanced_accuracy,0.9411764705882353,3,chronological,240,60,50,0.08324813842773438,f0ad027786a9,dfb96670a964,within_subject,0.3.0.dev0,2026-09-10T20:13:38
Miller2019-faces_basic,ca,faceshouses,LogBandPower + LDA,kappa,0.8654708520179373,3,chronological,240,60,50,0.09034395217895508,ad4c2abc31c8,dfb96670a964,within_subject,0.3.0.dev0,2026-09-10T20:13:38
Miller2019-faces_basic,ca,faceshouses,LogBandPower + LDA,accuracy,0.9333333333333333,3,chronological,240,60,50,0.09034395217895508,ad4c2abc31c8,dfb96670a964,within_subject,0.3.0.dev0,2026-09-10T20:13:38
Miller2019-faces_basic,ca,faceshouses,LogBandPower + LDA,balanced_accuracy,0.9366515837104072,3,chronological,240,60,50,0.09034395217895508,ad4c2abc31c8,dfb96670a964,within_subject,0.3.0.dev0,2026-09-10T20:13:38
Miller2019-faces_basic,ca,faceshouses,LogBandPower + LogReg,kappa,0.8325892857142857,3,chronological,240,60,50,0.08596205711364746,688f919f3ab0,dfb96670a964,within_subject,0.3.0.dev0,2026-09-10T20:13:38
Miller2019-faces_basic,ca,faceshouses,LogBandPower + LogReg,accuracy,0.9166666666666666,3,chronological,240,60,50,0.08596205711364746,688f919f3ab0,dfb96670a964,within_subject,0.3.0.dev0,2026-09-10T20:13:38
Miller2019-faces_basic,ca,faceshouses,LogBandPower + LogReg,balanced_accuracy,0.9219457013574661,3,chronological,240,60,50,0.08596205711364746,688f919f3ab0,dfb96670a964,within_subject,0.3.0.dev0,2026-09-10T20:13:38
Miller2019-faces_basic,ca,faceshouses,Riemann TS + LogReg,kappa,0.506578947368421,3,chronological,240,60,50,1.2299590110778809,b4736e60e22e,dfb96670a964,within_subject,0.3.0.dev0,2026-09-10T20:13:38
Miller2019-faces_basic,ca,faceshouses,Riemann TS + LogReg,accuracy,0.75,3,chronological,240,60,50,1.2299590110778809,b4736e60e22e,dfb96670a964,within_subject,0.3.0.dev0,2026-09-10T20:13:38
Miller2019-faces_basic,ca,faceshouses,Riemann TS + LogReg,balanced_accuracy,0.7613122171945701,3,chronological,240,60,50,1.2299590110778809,b4736e60e22e,dfb96670a964,within_subject,0.3.0.dev0,2026-09-10T20:13:38
Miller2019-faces_basic,ca,faceshouses,HighGamma + LDA,kappa,0.5353982300884956,4,chronological,240,60,50,0.08354997634887695,f0ad027786a9,dfb96670a964,within_subject,0.3.0.dev0,2026-09-10T20:13:38
Miller2019-faces_basic,ca,faceshouses,HighGamma + LDA,accuracy,0.7666666666666667,4,chronological,240,60,50,0.08354997634887695,f0ad027786a9,dfb96670a964,within_subject,0.3.0.dev0,2026-09-10T20:13:38
Miller2019-faces_basic,ca,faceshouses,HighGamma + LDA,balanced_accuracy,0.7700892857142857,4,chronological,240,60,50,0.08354997634887695,f0ad027786a9,dfb96670a964,within_subject,0.3.0.dev0,2026-09-10T20:13:38
Miller2019-faces_basic,ca,faceshouses,LogBandPower + LDA,kappa,0.7006651884700665,4,chronological,240,60,50,0.09027314186096191,ad4c2abc31c8,dfb96670a964,within_subject,0.3.0.dev0,2026-09-10T20:13:38
Miller2019-faces_basic,ca,faceshouses,LogBandPower + LDA,accuracy,0.85,4,chronological,240,60,50,0.09027314186096191,ad4c2abc31c8,dfb96670a964,within_subject,0.3.0.dev0,2026-09-10T20:13:38
Miller2019-faces_basic,ca,faceshouses,LogBandPower + LDA,balanced_accuracy,0.8526785714285714,4,chronological,240,60,50,0.09027314186096191,ad4c2abc31c8,dfb96670a964,within_subject,0.3.0.dev0,2026-09-10T20:13:38
Miller2019-faces_basic,ca,faceshouses,LogBandPower + LogReg,kappa,0.7333333333333334,4,chronological,240,60,50,0.08779501914978027,688f919f3ab0,dfb96670a964,within_subject,0.3.0.dev0,2026-09-10T20:13:38
Miller2019-faces_basic,ca,faceshouses,LogBandPower + LogReg,accuracy,0.8666666666666667,4,chronological,240,60,50,0.08779501914978027,688f919f3ab0,dfb96670a964,within_subject,0.3.0.dev0,2026-09-10T20:13:38
Miller2019-faces_basic,ca,faceshouses,LogBandPower + LogReg,balanced_accuracy,0.8683035714285714,4,chronological,240,60,50,0.08779501914978027,688f919f3ab0,dfb96670a964,within_subject,0.3.0.dev0,2026-09-10T20:13:38
Miller2019-faces_basic,ca,faceshouses,Riemann TS + LogReg,kappa,0.4420131291028446,4,chronological,240,60,50,1.1696498394012451,b4736e60e22e,dfb96670a964,within_subject,0.3.0.dev0,2026-09-10T20:13:38
Miller2019-faces_basic,ca,faceshouses,Riemann TS + LogReg,accuracy,0.7166666666666667,4,chronological,240,60,50,1.1696498394012451,b4736e60e22e,dfb96670a964,within_subject,0.3.0.dev0,2026-09-10T20:13:38
Miller2019-faces_basic,ca,faceshouses,Riemann TS + LogReg,balanced_accuracy,0.7254464285714286,4,chronological,240,60,50,1.1696498394012451,b4736e60e22e,dfb96670a964,within_subject,0.3.0.dev0,2026-09-10T20:13:38
Miller2019-faces_basic,de,faceshouses,HighGamma + LDA,kappa,0.7,0,chronological,240,60,31,0.05566692352294922,f0ad027786a9,dfb96670a964,within_subject,0.3.0.dev0,2026-09-10T20:13:42
Miller2019-faces_basic,de,faceshouses,HighGamma + LDA,accuracy,0.85,0,chronological,240,60,31,0.05566692352294922,f0ad027786a9,dfb96670a964,within_subject,0.3.0.dev0,2026-09-10T20:13:42
Miller2019-faces_basic,de,faceshouses,HighGamma + LDA,balanced_accuracy,0.8500000000000001,0,chronological,240,60,31,0.05566692352294922,f0ad027786a9,dfb96670a964,within_subject,0.3.0.dev0,2026-09-10T20:13:42
Miller2019-faces_basic,de,faceshouses,LogBandPower + LDA,kappa,0.7,0,chronological,240,60,31,0.05534791946411133,ad4c2abc31c8,dfb96670a964,within_subject,0.3.0.dev0,2026-09-10T20:13:42
Miller2019-faces_basic,de,faceshouses,LogBandPower + LDA,accuracy,0.85,0,chronological,240,60,31,0.05534791946411133,ad4c2abc31c8,dfb96670a964,within_subject,0.3.0.dev0,2026-09-10T20:13:42
Miller2019-faces_basic,de,faceshouses,LogBandPower + LDA,balanced_accuracy,0.8500000000000001,0,chronological,240,60,31,0.05534791946411133,ad4c2abc31c8,dfb96670a964,within_subject,0.3.0.dev0,2026-09-10T20:13:42
Miller2019-faces_basic,de,faceshouses,LogBandPower + LogReg,kappa,0.7333333333333334,0,chronological,240,60,31,0.05414986610412598,688f919f3ab0,dfb96670a964,within_subject,0.3.0.dev0,2026-09-10T20:13:42
Miller2019-faces_basic,de,faceshouses,LogBandPower + LogReg,accuracy,0.8666666666666667,0,chronological,240,60,31,0.05414986610412598,688f919f3ab0,dfb96670a964,within_subject,0.3.0.dev0,2026-09-10T20:13:42
Miller2019-faces_basic,de,faceshouses,LogBandPower + LogReg,balanced_accuracy,0.8666666666666667,0,chronological,240,60,31,0.05414986610412598,688f919f3ab0,dfb96670a964,within_subject,0.3.0.dev0,2026-09-10T20:13:42
Miller2019-faces_basic,de,faceshouses,Riemann TS + LogReg,kappa,0.6,0,chronological,240,60,31,0.45382094383239746,b4736e60e22e,dfb96670a964,within_subject,0.3.0.dev0,2026-09-10T20:13:42
Miller2019-faces_basic,de,faceshouses,Riemann TS + LogReg,accuracy,0.8,0,chronological,240,60,31,0.45382094383239746,b4736e60e22e,dfb96670a964,within_subject,0.3.0.dev0,2026-09-10T20:13:42
Miller2019-faces_basic,de,faceshouses,Riemann TS + LogReg,balanced_accuracy,0.8,0,chronological,240,60,31,0.45382094383239746,b4736e60e22e,dfb96670a964,within_subject,0.3.0.dev0,2026-09-10T20:13:42
Miller2019-faces_basic,de,faceshouses,HighGamma + LDA,kappa,0.9333333333333333,1,chronological,240,60,31,0.0540769100189209,f0ad027786a9,dfb96670a964,within_subject,0.3.0.dev0,2026-09-10T20:13:42
Miller2019-faces_basic,de,faceshouses,HighGamma + LDA,accuracy,0.9666666666666667,1,chronological,240,60,31,0.0540769100189209,f0ad027786a9,dfb96670a964,within_subject,0.3.0.dev0,2026-09-10T20:13:42
Miller2019-faces_basic,de,faceshouses,HighGamma + LDA,balanced_accuracy,0.9666666666666667,1,chronological,240,60,31,0.0540769100189209,f0ad027786a9,dfb96670a964,within_subject,0.3.0.dev0,2026-09-10T20:13:42
Miller2019-faces_basic,de,faceshouses,LogBandPower + LDA,kappa,0.8333333333333334,1,chronological,240,60,31,0.056030988693237305,ad4c2abc31c8,dfb96670a964,within_subject,0.3.0.dev0,2026-09-10T20:13:42
Miller2019-faces_basic,de,faceshouses,LogBandPower + LDA,accuracy,0.9166666666666666,1,chronological,240,60,31,0.056030988693237305,ad4c2abc31c8,dfb96670a964,within_subject,0.3.0.dev0,2026-09-10T20:13:42
Miller2019-faces_basic,de,faceshouses,LogBandPower + LDA,balanced_accuracy,0.9166666666666667,1,chronological,240,60,31,0.056030988693237305,ad4c2abc31c8,dfb96670a964,within_subject,0.3.0.dev0,2026-09-10T20:13:42
Miller2019-faces_basic,de,faceshouses,LogBandPower + LogReg,kappa,0.7333333333333334,1,chronological,240,60,31,0.05384182929992676,688f919f3ab0,dfb96670a964,within_subject,0.3.0.dev0,2026-09-10T20:13:42
Miller2019-faces_basic,de,faceshouses,LogBandPower + LogReg,accuracy,0.8666666666666667,1,chronological,240,60,31,0.05384182929992676,688f919f3ab0,dfb96670a964,within_subject,0.3.0.dev0,2026-09-10T20:13:42
Miller2019-faces_basic,de,faceshouses,LogBandPower + LogReg,balanced_accuracy,0.8666666666666667,1,chronological,240,60,31,0.05384182929992676,688f919f3ab0,dfb96670a964,within_subject,0.3.0.dev0,2026-09-10T20:13:42
Miller2019-faces_basic,de,faceshouses,Riemann TS + LogReg,kappa,0.6333333333333333,1,chronological,240,60,31,0.4514048099517822,b4736e60e22e,dfb96670a964,within_subject,0.3.0.dev0,2026-09-10T20:13:42
Miller2019-faces_basic,de,faceshouses,Riemann TS + LogReg,accuracy,0.8166666666666667,1,chronological,240,60,31,0.4514048099517822,b4736e60e22e,dfb96670a964,within_subject,0.3.0.dev0,2026-09-10T20:13:42
Miller2019-faces_basic,de,faceshouses,Riemann TS + LogReg,balanced_accuracy,0.8166666666666667,1,chronological,240,60,31,0.4514048099517822,b4736e60e22e,dfb96670a964,within_subject,0.3.0.dev0,2026-09-10T20:13:42
Miller2019-faces_basic,de,faceshouses,HighGamma + LDA,kappa,0.9330357142857143,2,chronological,240,60,31,0.05420684814453125,f0ad027786a9,dfb96670a964,within_subject,0.3.0.dev0,2026-09-10T20:13:42
Miller2019-faces_basic,de,faceshouses,HighGamma + LDA,accuracy,0.9666666666666667,2,chronological,240,60,31,0.05420684814453125,f0ad027786a9,dfb96670a964,within_subject,0.3.0.dev0,2026-09-10T20:13:42
Miller2019-faces_basic,de,faceshouses,HighGamma + LDA,balanced_accuracy,0.9665178571428572,2,chronological,240,60,31,0.05420684814453125,f0ad027786a9,dfb96670a964,within_subject,0.3.0.dev0,2026-09-10T20:13:42
Miller2019-faces_basic,de,faceshouses,LogBandPower + LDA,kappa,0.9665924276169265,2,chronological,240,60,31,0.05741000175476074,ad4c2abc31c8,dfb96670a964,within_subject,0.3.0.dev0,2026-09-10T20:13:42
Miller2019-faces_basic,de,faceshouses,LogBandPower + LDA,accuracy,0.9833333333333333,2,chronological,240,60,31,0.05741000175476074,ad4c2abc31c8,dfb96670a964,within_subject,0.3.0.dev0,2026-09-10T20:13:42
Miller2019-faces_basic,de,faceshouses,LogBandPower + LDA,balanced_accuracy,0.984375,2,chronological,240,60,31,0.05741000175476074,ad4c2abc31c8,dfb96670a964,within_subject,0.3.0.dev0,2026-09-10T20:13:42
Miller2019-faces_basic,de,faceshouses,LogBandPower + LogReg,kappa,0.8672566371681416,2,chronological,240,60,31,0.059886932373046875,688f919f3ab0,dfb96670a964,within_subject,0.3.0.dev0,2026-09-10T20:13:42
Miller2019-faces_basic,de,faceshouses,LogBandPower + LogReg,accuracy,0.9333333333333333,2,chronological,240,60,31,0.059886932373046875,688f919f3ab0,dfb96670a964,within_subject,0.3.0.dev0,2026-09-10T20:13:42
Miller2019-faces_basic,de,faceshouses,LogBandPower + LogReg,balanced_accuracy,0.9375,2,chronological,240,60,31,0.059886932373046875,688f919f3ab0,dfb96670a964,within_subject,0.3.0.dev0,2026-09-10T20:13:42
Miller2019-faces_basic,de,faceshouses,Riemann TS + LogReg,kappa,0.5617977528089888,2,chronological,240,60,31,0.44869089126586914,b4736e60e22e,dfb96670a964,within_subject,0.3.0.dev0,2026-09-10T20:13:42
Miller2019-faces_basic,de,faceshouses,Riemann TS + LogReg,accuracy,0.7833333333333333,2,chronological,240,60,31,0.44869089126586914,b4736e60e22e,dfb96670a964,within_subject,0.3.0.dev0,2026-09-10T20:13:42
Miller2019-faces_basic,de,faceshouses,Riemann TS + LogReg,balanced_accuracy,0.7790178571428572,2,chronological,240,60,31,0.44869089126586914,b4736e60e22e,dfb96670a964,within_subject,0.3.0.dev0,2026-09-10T20:13:42
Miller2019-faces_basic,de,faceshouses,HighGamma + LDA,kappa,0.9321266968325792,3,chronological,240,60,31,0.05369400978088379,f0ad027786a9,dfb96670a964,within_subject,0.3.0.dev0,2026-09-10T20:13:42
Miller2019-faces_basic,de,faceshouses,HighGamma + LDA,accuracy,0.9666666666666667,3,chronological,240,60,31,0.05369400978088379,f0ad027786a9,dfb96670a964,within_subject,0.3.0.dev0,2026-09-10T20:13:42
Miller2019-faces_basic,de,faceshouses,HighGamma + LDA,balanced_accuracy,0.9660633484162896,3,chronological,240,60,31,0.05369400978088379,f0ad027786a9,dfb96670a964,within_subject,0.3.0.dev0,2026-09-10T20:13:42
Miller2019-faces_basic,de,faceshouses,LogBandPower + LDA,kappa,0.8310810810810811,3,chronological,240,60,31,0.05710291862487793,ad4c2abc31c8,dfb96670a964,within_subject,0.3.0.dev0,2026-09-10T20:13:42
Miller2019-faces_basic,de,faceshouses,LogBandPower + LDA,accuracy,0.9166666666666666,3,chronological,240,60,31,0.05710291862487793,ad4c2abc31c8,dfb96670a964,within_subject,0.3.0.dev0,2026-09-10T20:13:42
Miller2019-faces_basic,de,faceshouses,LogBandPower + LDA,balanced_accuracy,0.9174208144796381,3,chronological,240,60,31,0.05710291862487793,ad4c2abc31c8,dfb96670a964,within_subject,0.3.0.dev0,2026-09-10T20:13:42
Miller2019-faces_basic,de,faceshouses,LogBandPower + LogReg,kappa,0.7635135135135135,3,chronological,240,60,31,0.05453372001647949,688f919f3ab0,dfb96670a964,within_subject,0.3.0.dev0,2026-09-10T20:13:42
Miller2019-faces_basic,de,faceshouses,LogBandPower + LogReg,accuracy,0.8833333333333333,3,chronological,240,60,31,0.05453372001647949,688f919f3ab0,dfb96670a964,within_subject,0.3.0.dev0,2026-09-10T20:13:42
Miller2019-faces_basic,de,faceshouses,LogBandPower + LogReg,balanced_accuracy,0.8834841628959276,3,chronological,240,60,31,0.05453372001647949,688f919f3ab0,dfb96670a964,within_subject,0.3.0.dev0,2026-09-10T20:13:42
Miller2019-faces_basic,de,faceshouses,Riemann TS + LogReg,kappa,0.5161290322580645,3,chronological,240,60,31,0.4491000175476074,b4736e60e22e,dfb96670a964,within_subject,0.3.0.dev0,2026-09-10T20:13:42
Miller2019-faces_basic,de,faceshouses,Riemann TS + LogReg,accuracy,0.7666666666666667,3,chronological,240,60,31,0.4491000175476074,b4736e60e22e,dfb96670a964,within_subject,0.3.0.dev0,2026-09-10T20:13:42
Miller2019-faces_basic,de,faceshouses,Riemann TS + LogReg,balanced_accuracy,0.753393665158371,3,chronological,240,60,31,0.4491000175476074,b4736e60e22e,dfb96670a964,within_subject,0.3.0.dev0,2026-09-10T20:13:42
Miller2019-faces_basic,de,faceshouses,HighGamma + LDA,kappa,0.8,4,chronological,240,60,31,0.052510976791381836,f0ad027786a9,dfb96670a964,within_subject,0.3.0.dev0,2026-09-10T20:13:42
Miller2019-faces_basic,de,faceshouses,HighGamma + LDA,accuracy,0.9,4,chronological,240,60,31,0.052510976791381836,f0ad027786a9,dfb96670a964,within_subject,0.3.0.dev0,2026-09-10T20:13:42
Miller2019-faces_basic,de,faceshouses,HighGamma + LDA,balanced_accuracy,0.9017857142857143,4,chronological,240,60,31,0.052510976791381836,f0ad027786a9,dfb96670a964,within_subject,0.3.0.dev0,2026-09-10T20:13:42
Miller2019-faces_basic,de,faceshouses,LogBandPower + LDA,kappa,0.7991071428571428,4,chronological,240,60,31,0.055265188217163086,ad4c2abc31c8,dfb96670a964,within_subject,0.3.0.dev0,2026-09-10T20:13:42
Miller2019-faces_basic,de,faceshouses,LogBandPower + LDA,accuracy,0.9,4,chronological,240,60,31,0.055265188217163086,ad4c2abc31c8,dfb96670a964,within_subject,0.3.0.dev0,2026-09-10T20:13:42
Miller2019-faces_basic,de,faceshouses,LogBandPower + LDA,balanced_accuracy,0.8995535714285714,4,chronological,240,60,31,0.055265188217163086,ad4c2abc31c8,dfb96670a964,within_subject,0.3.0.dev0,2026-09-10T20:13:42
Miller2019-faces_basic,de,faceshouses,LogBandPower + LogReg,kappa,0.8666666666666667,4,chronological,240,60,31,0.05541086196899414,688f919f3ab0,dfb96670a964,within_subject,0.3.0.dev0,2026-09-10T20:13:42
Miller2019-faces_basic,de,faceshouses,LogBandPower + LogReg,accuracy,0.9333333333333333,4,chronological,240,60,31,0.05541086196899414,688f919f3ab0,dfb96670a964,within_subject,0.3.0.dev0,2026-09-10T20:13:42
Miller2019-faces_basic,de,faceshouses,LogBandPower + LogReg,balanced_accuracy,0.9352678571428572,4,chronological,240,60,31,0.05541086196899414,688f919f3ab0,dfb96670a964,within_subject,0.3.0.dev0,2026-09-10T20:13:42
Miller2019-faces_basic,de,faceshouses,Riemann TS + LogReg,kappa,0.6952595936794582,4,chronological,240,60,31,0.442842960357666,b4736e60e22e,dfb96670a964,within_subject,0.3.0.dev0,2026-09-10T20:13:42
Miller2019-faces_basic,de,faceshouses,Riemann TS + LogReg,accuracy,0.85,4,chronological,240,60,31,0.442842960357666,b4736e60e22e,dfb96670a964,within_subject,0.3.0.dev0,2026-09-10T20:13:42
Miller2019-faces_basic,de,faceshouses,Riemann TS + LogReg,balanced_accuracy,0.84375,4,chronological,240,60,31,0.442842960357666,b4736e60e22e,dfb96670a964,within_subject,0.3.0.dev0,2026-09-10T20:13:42
Miller2019-faces_basic,fp,faceshouses,HighGamma + LDA,kappa,0.9,0,chronological,240,60,52,0.10986804962158203,f0ad027786a9,dfb96670a964,within_subject,0.3.0.dev0,2026-09-10T20:13:50
Miller2019-faces_basic,fp,faceshouses,HighGamma + LDA,accuracy,0.95,0,chronological,240,60,52,0.10986804962158203,f0ad027786a9,dfb96670a964,within_subject,0.3.0.dev0,2026-09-10T20:13:50
Miller2019-faces_basic,fp,faceshouses,HighGamma + LDA,balanced_accuracy,0.95,0,chronological,240,60,52,0.10986804962158203,f0ad027786a9,dfb96670a964,within_subject,0.3.0.dev0,2026-09-10T20:13:50
Miller2019-faces_basic,fp,faceshouses,LogBandPower + LDA,kappa,1.0,0,chronological,240,60,52,0.10118389129638672,ad4c2abc31c8,dfb96670a964,within_subject,0.3.0.dev0,2026-09-10T20:13:50
Miller2019-faces_basic,fp,faceshouses,LogBandPower + LDA,accuracy,1.0,0,chronological,240,60,52,0.10118389129638672,ad4c2abc31c8,dfb96670a964,within_subject,0.3.0.dev0,2026-09-10T20:13:50
Miller2019-faces_basic,fp,faceshouses,LogBandPower + LDA,balanced_accuracy,1.0,0,chronological,240,60,52,0.10118389129638672,ad4c2abc31c8,dfb96670a964,within_subject,0.3.0.dev0,2026-09-10T20:13:50
Miller2019-faces_basic,fp,faceshouses,LogBandPower + LogReg,kappa,0.9666666666666667,0,chronological,240,60,52,0.08702278137207031,688f919f3ab0,dfb96670a964,within_subject,0.3.0.dev0,2026-09-10T20:13:50
Miller2019-faces_basic,fp,faceshouses,LogBandPower + LogReg,accuracy,0.9833333333333333,0,chronological,240,60,52,0.08702278137207031,688f919f3ab0,dfb96670a964,within_subject,0.3.0.dev0,2026-09-10T20:13:50
Miller2019-faces_basic,fp,faceshouses,LogBandPower + LogReg,balanced_accuracy,0.9833333333333334,0,chronological,240,60,52,0.08702278137207031,688f919f3ab0,dfb96670a964,within_subject,0.3.0.dev0,2026-09-10T20:13:50
Miller2019-faces_basic,fp,faceshouses,Riemann TS + LogReg,kappa,1.0,0,chronological,240,60,52,1.0430238246917725,b4736e60e22e,dfb96670a964,within_subject,0.3.0.dev0,2026-09-10T20:13:50
Miller2019-faces_basic,fp,faceshouses,Riemann TS + LogReg,accuracy,1.0,0,chronological,240,60,52,1.0430238246917725,b4736e60e22e,dfb96670a964,within_subject,0.3.0.dev0,2026-09-10T20:13:50
Miller2019-faces_basic,fp,faceshouses,Riemann TS + LogReg,balanced_accuracy,1.0,0,chronological,240,60,52,1.0430238246917725,b4736e60e22e,dfb96670a964,within_subject,0.3.0.dev0,2026-09-10T20:13:50
Miller2019-faces_basic,fp,faceshouses,HighGamma + LDA,kappa,0.9666666666666667,1,chronological,240,60,52,0.0873110294342041,f0ad027786a9,dfb96670a964,within_subject,0.3.0.dev0,2026-09-10T20:13:50
Miller2019-faces_basic,fp,faceshouses,HighGamma + LDA,accuracy,0.9833333333333333,1,chronological,240,60,52,0.0873110294342041,f0ad027786a9,dfb96670a964,within_subject,0.3.0.dev0,2026-09-10T20:13:50
Miller2019-faces_basic,fp,faceshouses,HighGamma + LDA,balanced_accuracy,0.9833333333333334,1,chronological,240,60,52,0.0873110294342041,f0ad027786a9,dfb96670a964,within_subject,0.3.0.dev0,2026-09-10T20:13:50
Miller2019-faces_basic,fp,faceshouses,LogBandPower + LDA,kappa,0.9333333333333333,1,chronological,240,60,52,0.09506702423095703,ad4c2abc31c8,dfb96670a964,within_subject,0.3.0.dev0,2026-09-10T20:13:50
Miller2019-faces_basic,fp,faceshouses,LogBandPower + LDA,accuracy,0.9666666666666667,1,chronological,240,60,52,0.09506702423095703,ad4c2abc31c8,dfb96670a964,within_subject,0.3.0.dev0,2026-09-10T20:13:50
Miller2019-faces_basic,fp,faceshouses,LogBandPower + LDA,balanced_accuracy,0.9666666666666667,1,chronological,240,60,52,0.09506702423095703,ad4c2abc31c8,dfb96670a964,within_subject,0.3.0.dev0,2026-09-10T20:13:50
Miller2019-faces_basic,fp,faceshouses,LogBandPower + LogReg,kappa,0.9333333333333333,1,chronological,240,60,52,0.08771085739135742,688f919f3ab0,dfb96670a964,within_subject,0.3.0.dev0,2026-09-10T20:13:50
Miller2019-faces_basic,fp,faceshouses,LogBandPower + LogReg,accuracy,0.9666666666666667,1,chronological,240,60,52,0.08771085739135742,688f919f3ab0,dfb96670a964,within_subject,0.3.0.dev0,2026-09-10T20:13:50
Miller2019-faces_basic,fp,faceshouses,LogBandPower + LogReg,balanced_accuracy,0.9666666666666667,1,chronological,240,60,52,0.08771085739135742,688f919f3ab0,dfb96670a964,within_subject,0.3.0.dev0,2026-09-10T20:13:50
Miller2019-faces_basic,fp,faceshouses,Riemann TS + LogReg,kappa,0.7333333333333334,1,chronological,240,60,52,1.0431020259857178,b4736e60e22e,dfb96670a964,within_subject,0.3.0.dev0,2026-09-10T20:13:50
Miller2019-faces_basic,fp,faceshouses,Riemann TS + LogReg,accuracy,0.8666666666666667,1,chronological,240,60,52,1.0431020259857178,b4736e60e22e,dfb96670a964,within_subject,0.3.0.dev0,2026-09-10T20:13:50
Miller2019-faces_basic,fp,faceshouses,Riemann TS + LogReg,balanced_accuracy,0.8666666666666667,1,chronological,240,60,52,1.0431020259857178,b4736e60e22e,dfb96670a964,within_subject,0.3.0.dev0,2026-09-10T20:13:50
Miller2019-faces_basic,fp,faceshouses,HighGamma + LDA,kappa,0.7640449438202247,2,chronological,240,60,52,0.08945918083190918,f0ad027786a9,dfb96670a964,within_subject,0.3.0.dev0,2026-09-10T20:13:50
Miller2019-faces_basic,fp,faceshouses,HighGamma + LDA,accuracy,0.8833333333333333,2,chronological,240,60,52,0.08945918083190918,f0ad027786a9,dfb96670a964,within_subject,0.3.0.dev0,2026-09-10T20:13:50
Miller2019-faces_basic,fp,faceshouses,HighGamma + LDA,balanced_accuracy,0.8794642857142857,2,chronological,240,60,52,0.08945918083190918,f0ad027786a9,dfb96670a964,within_subject,0.3.0.dev0,2026-09-10T20:13:50
Miller2019-faces_basic,fp,faceshouses,LogBandPower + LDA,kappa,1.0,2,chronological,240,60,52,0.09541082382202148,ad4c2abc31c8,dfb96670a964,within_subject,0.3.0.dev0,2026-09-10T20:13:50
Miller2019-faces_basic,fp,faceshouses,LogBandPower + LDA,accuracy,1.0,2,chronological,240,60,52,0.09541082382202148,ad4c2abc31c8,dfb96670a964,within_subject,0.3.0.dev0,2026-09-10T20:13:50
Miller2019-faces_basic,fp,faceshouses,LogBandPower + LDA,balanced_accuracy,1.0,2,chronological,240,60,52,0.09541082382202148,ad4c2abc31c8,dfb96670a964,within_subject,0.3.0.dev0,2026-09-10T20:13:50
Miller2019-faces_basic,fp,faceshouses,LogBandPower + LogReg,kappa,1.0,2,chronological,240,60,52,0.0879220962524414,688f919f3ab0,dfb96670a964,within_subject,0.3.0.dev0,2026-09-10T20:13:50
Miller2019-faces_basic,fp,faceshouses,LogBandPower + LogReg,accuracy,1.0,2,chronological,240,60,52,0.0879220962524414,688f919f3ab0,dfb96670a964,within_subject,0.3.0.dev0,2026-09-10T20:13:50
Miller2019-faces_basic,fp,faceshouses,LogBandPower + LogReg,balanced_accuracy,1.0,2,chronological,240,60,52,0.0879220962524414,688f919f3ab0,dfb96670a964,within_subject,0.3.0.dev0,2026-09-10T20:13:50
Miller2019-faces_basic,fp,faceshouses,Riemann TS + LogReg,kappa,0.8666666666666667,2,chronological,240,60,52,1.0965590476989746,b4736e60e22e,dfb96670a964,within_subject,0.3.0.dev0,2026-09-10T20:13:50
Miller2019-faces_basic,fp,faceshouses,Riemann TS + LogReg,accuracy,0.9333333333333333,2,chronological,240,60,52,1.0965590476989746,b4736e60e22e,dfb96670a964,within_subject,0.3.0.dev0,2026-09-10T20:13:50
Miller2019-faces_basic,fp,faceshouses,Riemann TS + LogReg,balanced_accuracy,0.9352678571428572,2,chronological,240,60,52,1.0965590476989746,b4736e60e22e,dfb96670a964,within_subject,0.3.0.dev0,2026-09-10T20:13:50
Miller2019-faces_basic,fp,faceshouses,HighGamma + LDA,kappa,0.9327354260089686,3,chronological,240,60,52,0.0856320858001709,f0ad027786a9,dfb96670a964,within_subject,0.3.0.dev0,2026-09-10T20:13:50
Miller2019-faces_basic,fp,faceshouses,HighGamma + LDA,accuracy,0.9666666666666667,3,chronological,240,60,52,0.0856320858001709,f0ad027786a9,dfb96670a964,within_subject,0.3.0.dev0,2026-09-10T20:13:50
Miller2019-faces_basic,fp,faceshouses,HighGamma + LDA,balanced_accuracy,0.9705882352941176,3,chronological,240,60,52,0.0856320858001709,f0ad027786a9,dfb96670a964,within_subject,0.3.0.dev0,2026-09-10T20:13:50
Miller2019-faces_basic,fp,faceshouses,LogBandPower + LDA,kappa,0.9662162162162162,3,chronological,240,60,52,0.09258008003234863,ad4c2abc31c8,dfb96670a964,within_subject,0.3.0.dev0,2026-09-10T20:13:50
Miller2019-faces_basic,fp,faceshouses,LogBandPower + LDA,accuracy,0.9833333333333333,3,chronological,240,60,52,0.09258008003234863,ad4c2abc31c8,dfb96670a964,within_subject,0.3.0.dev0,2026-09-10T20:13:50
Miller2019-faces_basic,fp,faceshouses,LogBandPower + LDA,balanced_accuracy,0.9852941176470589,3,chronological,240,60,52,0.09258008003234863,ad4c2abc31c8,dfb96670a964,within_subject,0.3.0.dev0,2026-09-10T20:13:50
Miller2019-faces_basic,fp,faceshouses,LogBandPower + LogReg,kappa,1.0,3,chronological,240,60,52,0.08723902702331543,688f919f3ab0,dfb96670a964,within_subject,0.3.0.dev0,2026-09-10T20:13:50
Miller2019-faces_basic,fp,faceshouses,LogBandPower + LogReg,accuracy,1.0,3,chronological,240,60,52,0.08723902702331543,688f919f3ab0,dfb96670a964,within_subject,0.3.0.dev0,2026-09-10T20:13:50
Miller2019-faces_basic,fp,faceshouses,LogBandPower + LogReg,balanced_accuracy,1.0,3,chronological,240,60,52,0.08723902702331543,688f919f3ab0,dfb96670a964,within_subject,0.3.0.dev0,2026-09-10T20:13:50
Miller2019-faces_basic,fp,faceshouses,Riemann TS + LogReg,kappa,0.8654708520179373,3,chronological,240,60,52,1.096930742263794,b4736e60e22e,dfb96670a964,within_subject,0.3.0.dev0,2026-09-10T20:13:50
Miller2019-faces_basic,fp,faceshouses,Riemann TS + LogReg,accuracy,0.9333333333333333,3,chronological,240,60,52,1.096930742263794,b4736e60e22e,dfb96670a964,within_subject,0.3.0.dev0,2026-09-10T20:13:50
Miller2019-faces_basic,fp,faceshouses,Riemann TS + LogReg,balanced_accuracy,0.9366515837104072,3,chronological,240,60,52,1.096930742263794,b4736e60e22e,dfb96670a964,within_subject,0.3.0.dev0,2026-09-10T20:13:50
Miller2019-faces_basic,fp,faceshouses,HighGamma + LDA,kappa,0.7982062780269058,4,chronological,240,60,52,0.08696770668029785,f0ad027786a9,dfb96670a964,within_subject,0.3.0.dev0,2026-09-10T20:13:50
Miller2019-faces_basic,fp,faceshouses,HighGamma + LDA,accuracy,0.9,4,chronological,240,60,52,0.08696770668029785,f0ad027786a9,dfb96670a964,within_subject,0.3.0.dev0,2026-09-10T20:13:50
Miller2019-faces_basic,fp,faceshouses,HighGamma + LDA,balanced_accuracy,0.8973214285714286,4,chronological,240,60,52,0.08696770668029785,f0ad027786a9,dfb96670a964,within_subject,0.3.0.dev0,2026-09-10T20:13:50
Miller2019-faces_basic,fp,faceshouses,LogBandPower + LDA,kappa,1.0,4,chronological,240,60,52,0.09271502494812012,ad4c2abc31c8,dfb96670a964,within_subject,0.3.0.dev0,2026-09-10T20:13:50
Miller2019-faces_basic,fp,faceshouses,LogBandPower + LDA,accuracy,1.0,4,chronological,240,60,52,0.09271502494812012,ad4c2abc31c8,dfb96670a964,within_subject,0.3.0.dev0,2026-09-10T20:13:50
Miller2019-faces_basic,fp,faceshouses,LogBandPower + LDA,balanced_accuracy,1.0,4,chronological,240,60,52,0.09271502494812012,ad4c2abc31c8,dfb96670a964,within_subject,0.3.0.dev0,2026-09-10T20:13:50
Miller2019-faces_basic,fp,faceshouses,LogBandPower + LogReg,kappa,1.0,4,chronological,240,60,52,0.08747291564941406,688f919f3ab0,dfb96670a964,within_subject,0.3.0.dev0,2026-09-10T20:13:50
Miller2019-faces_basic,fp,faceshouses,LogBandPower + LogReg,accuracy,1.0,4,chronological,240,60,52,0.08747291564941406,688f919f3ab0,dfb96670a964,within_subject,0.3.0.dev0,2026-09-10T20:13:50
Miller2019-faces_basic,fp,faceshouses,LogBandPower + LogReg,balanced_accuracy,1.0,4,chronological,240,60,52,0.08747291564941406,688f919f3ab0,dfb96670a964,within_subject,0.3.0.dev0,2026-09-10T20:13:50
Miller2019-faces_basic,fp,faceshouses,Riemann TS + LogReg,kappa,0.8322147651006712,4,chronological,240,60,52,1.033268928527832,b4736e60e22e,dfb96670a964,within_subject,0.3.0.dev0,2026-09-10T20:13:50
Miller2019-faces_basic,fp,faceshouses,Riemann TS + LogReg,accuracy,0.9166666666666666,4,chronological,240,60,52,1.033268928527832,b4736e60e22e,dfb96670a964,within_subject,0.3.0.dev0,2026-09-10T20:13:50
Miller2019-faces_basic,fp,faceshouses,Riemann TS + LogReg,balanced_accuracy,0.9151785714285714,4,chronological,240,60,52,1.033268928527832,b4736e60e22e,dfb96670a964,within_subject,0.3.0.dev0,2026-09-10T20:13:50
Miller2019-faces_basic,ha,faceshouses,HighGamma + LDA,kappa,0.7666666666666666,0,chronological,240,60,39,0.07172822952270508,f0ad027786a9,dfb96670a964,within_subject,0.3.0.dev0,2026-09-10T20:13:55
Miller2019-faces_basic,ha,faceshouses,HighGamma + LDA,accuracy,0.8833333333333333,0,chronological,240,60,39,0.07172822952270508,f0ad027786a9,dfb96670a964,within_subject,0.3.0.dev0,2026-09-10T20:13:55
Miller2019-faces_basic,ha,faceshouses,HighGamma + LDA,balanced_accuracy,0.8833333333333333,0,chronological,240,60,39,0.07172822952270508,f0ad027786a9,dfb96670a964,within_subject,0.3.0.dev0,2026-09-10T20:13:55
Miller2019-faces_basic,ha,faceshouses,LogBandPower + LDA,kappa,0.8333333333333334,0,chronological,240,60,39,0.06990694999694824,ad4c2abc31c8,dfb96670a964,within_subject,0.3.0.dev0,2026-09-10T20:13:55
Miller2019-faces_basic,ha,faceshouses,LogBandPower + LDA,accuracy,0.9166666666666666,0,chronological,240,60,39,0.06990694999694824,ad4c2abc31c8,dfb96670a964,within_subject,0.3.0.dev0,2026-09-10T20:13:55
Miller2019-faces_basic,ha,faceshouses,LogBandPower + LDA,balanced_accuracy,0.9166666666666667,0,chronological,240,60,39,0.06990694999694824,ad4c2abc31c8,dfb96670a964,within_subject,0.3.0.dev0,2026-09-10T20:13:55
Miller2019-faces_basic,ha,faceshouses,LogBandPower + LogReg,kappa,0.8333333333333334,0,chronological,240,60,39,0.06654214859008789,688f919f3ab0,dfb96670a964,within_subject,0.3.0.dev0,2026-09-10T20:13:55
Miller2019-faces_basic,ha,faceshouses,LogBandPower + LogReg,accuracy,0.9166666666666666,0,chronological,240,60,39,0.06654214859008789,688f919f3ab0,dfb96670a964,within_subject,0.3.0.dev0,2026-09-10T20:13:55
Miller2019-faces_basic,ha,faceshouses,LogBandPower + LogReg,balanced_accuracy,0.9166666666666667,0,chronological,240,60,39,0.06654214859008789,688f919f3ab0,dfb96670a964,within_subject,0.3.0.dev0,2026-09-10T20:13:55
Miller2019-faces_basic,ha,faceshouses,Riemann TS + LogReg,kappa,0.9,0,chronological,240,60,39,0.732506275177002,b4736e60e22e,dfb96670a964,within_subject,0.3.0.dev0,2026-09-10T20:13:55
Miller2019-faces_basic,ha,faceshouses,Riemann TS + LogReg,accuracy,0.95,0,chronological,240,60,39,0.732506275177002,b4736e60e22e,dfb96670a964,within_subject,0.3.0.dev0,2026-09-10T20:13:55
Miller2019-faces_basic,ha,faceshouses,Riemann TS + LogReg,balanced_accuracy,0.95,0,chronological,240,60,39,0.732506275177002,b4736e60e22e,dfb96670a964,within_subject,0.3.0.dev0,2026-09-10T20:13:55
Miller2019-faces_basic,ha,faceshouses,HighGamma + LDA,kappa,0.8333333333333334,1,chronological,240,60,39,0.06587076187133789,f0ad027786a9,dfb96670a964,within_subject,0.3.0.dev0,2026-09-10T20:13:55
Miller2019-faces_basic,ha,faceshouses,HighGamma + LDA,accuracy,0.9166666666666666,1,chronological,240,60,39,0.06587076187133789,f0ad027786a9,dfb96670a964,within_subject,0.3.0.dev0,2026-09-10T20:13:55
Miller2019-faces_basic,ha,faceshouses,HighGamma + LDA,balanced_accuracy,0.9166666666666667,1,chronological,240,60,39,0.06587076187133789,f0ad027786a9,dfb96670a964,within_subject,0.3.0.dev0,2026-09-10T20:13:55
Miller2019-faces_basic,ha,faceshouses,LogBandPower + LDA,kappa,0.8666666666666667,1,chronological,240,60,39,0.06919407844543457,ad4c2abc31c8,dfb96670a964,within_subject,0.3.0.dev0,2026-09-10T20:13:55
Miller2019-faces_basic,ha,faceshouses,LogBandPower + LDA,accuracy,0.9333333333333333,1,chronological,240,60,39,0.06919407844543457,ad4c2abc31c8,dfb96670a964,within_subject,0.3.0.dev0,2026-09-10T20:13:55
Miller2019-faces_basic,ha,faceshouses,LogBandPower + LDA,balanced_accuracy,0.9333333333333333,1,chronological,240,60,39,0.06919407844543457,ad4c2abc31c8,dfb96670a964,within_subject,0.3.0.dev0,2026-09-10T20:13:55
Miller2019-faces_basic,ha,faceshouses,LogBandPower + LogReg,kappa,0.7666666666666666,1,chronological,240,60,39,0.06601476669311523,688f919f3ab0,dfb96670a964,within_subject,0.3.0.dev0,2026-09-10T20:13:55
Miller2019-faces_basic,ha,faceshouses,LogBandPower + LogReg,accuracy,0.8833333333333333,1,chronological,240,60,39,0.06601476669311523,688f919f3ab0,dfb96670a964,within_subject,0.3.0.dev0,2026-09-10T20:13:55
Miller2019-faces_basic,ha,faceshouses,LogBandPower + LogReg,balanced_accuracy,0.8833333333333333,1,chronological,240,60,39,0.06601476669311523,688f919f3ab0,dfb96670a964,within_subject,0.3.0.dev0,2026-09-10T20:13:55
Miller2019-faces_basic,ha,faceshouses,Riemann TS + LogReg,kappa,0.8333333333333334,1,chronological,240,60,39,0.7394008636474609,b4736e60e22e,dfb96670a964,within_subject,0.3.0.dev0,2026-09-10T20:13:55
Miller2019-faces_basic,ha,faceshouses,Riemann TS + LogReg,accuracy,0.9166666666666666,1,chronological,240,60,39,0.7394008636474609,b4736e60e22e,dfb96670a964,within_subject,0.3.0.dev0,2026-09-10T20:13:55
Miller2019-faces_basic,ha,faceshouses,Riemann TS + LogReg,balanced_accuracy,0.9166666666666667,1,chronological,240,60,39,0.7394008636474609,b4736e60e22e,dfb96670a964,within_subject,0.3.0.dev0,2026-09-10T20:13:55
Miller2019-faces_basic,ha,faceshouses,HighGamma + LDA,kappa,0.7661469933184855,2,chronological,240,60,39,0.06600499153137207,f0ad027786a9,dfb96670a964,within_subject,0.3.0.dev0,2026-09-10T20:13:55
Miller2019-faces_basic,ha,faceshouses,HighGamma + LDA,accuracy,0.8833333333333333,2,chronological,240,60,39,0.06600499153137207,f0ad027786a9,dfb96670a964,within_subject,0.3.0.dev0,2026-09-10T20:13:55
Miller2019-faces_basic,ha,faceshouses,HighGamma + LDA,balanced_accuracy,0.8839285714285714,2,chronological,240,60,39,0.06600499153137207,f0ad027786a9,dfb96670a964,within_subject,0.3.0.dev0,2026-09-10T20:13:55
Miller2019-faces_basic,ha,faceshouses,LogBandPower + LDA,kappa,0.8997772828507795,2,chronological,240,60,39,0.06903386116027832,ad4c2abc31c8,dfb96670a964,within_subject,0.3.0.dev0,2026-09-10T20:13:55
Miller2019-faces_basic,ha,faceshouses,LogBandPower + LDA,accuracy,0.95,2,chronological,240,60,39,0.06903386116027832,ad4c2abc31c8,dfb96670a964,within_subject,0.3.0.dev0,2026-09-10T20:13:55
Miller2019-faces_basic,ha,faceshouses,LogBandPower + LDA,balanced_accuracy,0.9508928571428572,2,chronological,240,60,39,0.06903386116027832,ad4c2abc31c8,dfb96670a964,within_subject,0.3.0.dev0,2026-09-10T20:13:55
Miller2019-faces_basic,ha,faceshouses,LogBandPower + LogReg,kappa,0.7333333333333334,2,chronological,240,60,39,0.06648921966552734,688f919f3ab0,dfb96670a964,within_subject,0.3.0.dev0,2026-09-10T20:13:55
Miller2019-faces_basic,ha,faceshouses,LogBandPower + LogReg,accuracy,0.8666666666666667,2,chronological,240,60,39,0.06648921966552734,688f919f3ab0,dfb96670a964,within_subject,0.3.0.dev0,2026-09-10T20:13:55
Miller2019-faces_basic,ha,faceshouses,LogBandPower + LogReg,balanced_accuracy,0.8683035714285714,2,chronological,240,60,39,0.06648921966552734,688f919f3ab0,dfb96670a964,within_subject,0.3.0.dev0,2026-09-10T20:13:55
Miller2019-faces_basic,ha,faceshouses,Riemann TS + LogReg,kappa,0.6069868995633187,2,chronological,240,60,39,0.7335400581359863,b4736e60e22e,dfb96670a964,within_subject,0.3.0.dev0,2026-09-10T20:13:55
Miller2019-faces_basic,ha,faceshouses,Riemann TS + LogReg,accuracy,0.8,2,chronological,240,60,39,0.7335400581359863,b4736e60e22e,dfb96670a964,within_subject,0.3.0.dev0,2026-09-10T20:13:55
Miller2019-faces_basic,ha,faceshouses,Riemann TS + LogReg,balanced_accuracy,0.8102678571428572,2,chronological,240,60,39,0.7335400581359863,b4736e60e22e,dfb96670a964,within_subject,0.3.0.dev0,2026-09-10T20:13:55
Miller2019-faces_basic,ha,faceshouses,HighGamma + LDA,kappa,0.9662162162162162,3,chronological,240,60,39,0.0654299259185791,f0ad027786a9,dfb96670a964,within_subject,0.3.0.dev0,2026-09-10T20:13:55
Miller2019-faces_basic,ha,faceshouses,HighGamma + LDA,accuracy,0.9833333333333333,3,chronological,240,60,39,0.0654299259185791,f0ad027786a9,dfb96670a964,within_subject,0.3.0.dev0,2026-09-10T20:13:55
Miller2019-faces_basic,ha,faceshouses,HighGamma + LDA,balanced_accuracy,0.9852941176470589,3,chronological,240,60,39,0.0654299259185791,f0ad027786a9,dfb96670a964,within_subject,0.3.0.dev0,2026-09-10T20:13:55
Miller2019-faces_basic,ha,faceshouses,LogBandPower + LDA,kappa,0.8642533936651584,3,chronological,240,60,39,0.07026195526123047,ad4c2abc31c8,dfb96670a964,within_subject,0.3.0.dev0,2026-09-10T20:13:55
Miller2019-faces_basic,ha,faceshouses,LogBandPower + LDA,accuracy,0.9333333333333333,3,chronological,240,60,39,0.07026195526123047,ad4c2abc31c8,dfb96670a964,within_subject,0.3.0.dev0,2026-09-10T20:13:55
Miller2019-faces_basic,ha,faceshouses,LogBandPower + LDA,balanced_accuracy,0.9321266968325792,3,chronological,240,60,39,0.07026195526123047,ad4c2abc31c8,dfb96670a964,within_subject,0.3.0.dev0,2026-09-10T20:13:55
Miller2019-faces_basic,ha,faceshouses,LogBandPower + LogReg,kappa,0.8642533936651584,3,chronological,240,60,39,0.06644701957702637,688f919f3ab0,dfb96670a964,within_subject,0.3.0.dev0,2026-09-10T20:13:55
Miller2019-faces_basic,ha,faceshouses,LogBandPower + LogReg,accuracy,0.9333333333333333,3,chronological,240,60,39,0.06644701957702637,688f919f3ab0,dfb96670a964,within_subject,0.3.0.dev0,2026-09-10T20:13:55
Miller2019-faces_basic,ha,faceshouses,LogBandPower + LogReg,balanced_accuracy,0.9321266968325792,3,chronological,240,60,39,0.06644701957702637,688f919f3ab0,dfb96670a964,within_subject,0.3.0.dev0,2026-09-10T20:13:55
Miller2019-faces_basic,ha,faceshouses,Riemann TS + LogReg,kappa,0.6666666666666667,3,chronological,240,60,39,0.7406620979309082,b4736e60e22e,dfb96670a964,within_subject,0.3.0.dev0,2026-09-10T20:13:55
Miller2019-faces_basic,ha,faceshouses,Riemann TS + LogReg,accuracy,0.8333333333333334,3,chronological,240,60,39,0.7406620979309082,b4736e60e22e,dfb96670a964,within_subject,0.3.0.dev0,2026-09-10T20:13:55
Miller2019-faces_basic,ha,faceshouses,Riemann TS + LogReg,balanced_accuracy,0.839366515837104,3,chronological,240,60,39,0.7406620979309082,b4736e60e22e,dfb96670a964,within_subject,0.3.0.dev0,2026-09-10T20:13:55
Miller2019-faces_basic,ha,faceshouses,HighGamma + LDA,kappa,0.8666666666666667,4,chronological,240,60,39,0.06944108009338379,f0ad027786a9,dfb96670a964,within_subject,0.3.0.dev0,2026-09-10T20:13:55
Miller2019-faces_basic,ha,faceshouses,HighGamma + LDA,accuracy,0.9333333333333333,4,chronological,240,60,39,0.06944108009338379,f0ad027786a9,dfb96670a964,within_subject,0.3.0.dev0,2026-09-10T20:13:55
Miller2019-faces_basic,ha,faceshouses,HighGamma + LDA,balanced_accuracy,0.9352678571428572,4,chronological,240,60,39,0.06944108009338379,f0ad027786a9,dfb96670a964,within_subject,0.3.0.dev0,2026-09-10T20:13:55
Miller2019-faces_basic,ha,faceshouses,LogBandPower + LDA,kappa,0.9333333333333333,4,chronological,240,60,39,0.07283806800842285,ad4c2abc31c8,dfb96670a964,within_subject,0.3.0.dev0,2026-09-10T20:13:55
Miller2019-faces_basic,ha,faceshouses,LogBandPower + LDA,accuracy,0.9666666666666667,4,chronological,240,60,39,0.07283806800842285,ad4c2abc31c8,dfb96670a964,within_subject,0.3.0.dev0,2026-09-10T20:13:55
Miller2019-faces_basic,ha,faceshouses,LogBandPower + LDA,balanced_accuracy,0.96875,4,chronological,240,60,39,0.07283806800842285,ad4c2abc31c8,dfb96670a964,within_subject,0.3.0.dev0,2026-09-10T20:13:55
Miller2019-faces_basic,ha,faceshouses,LogBandPower + LogReg,kappa,0.8672566371681416,4,chronological,240,60,39,0.06859612464904785,688f919f3ab0,dfb96670a964,within_subject,0.3.0.dev0,2026-09-10T20:13:55
Miller2019-faces_basic,ha,faceshouses,LogBandPower + LogReg,accuracy,0.9333333333333333,4,chronological,240,60,39,0.06859612464904785,688f919f3ab0,dfb96670a964,within_subject,0.3.0.dev0,2026-09-10T20:13:55
Miller2019-faces_basic,ha,faceshouses,LogBandPower + LogReg,balanced_accuracy,0.9375,4,chronological,240,60,39,0.06859612464904785,688f919f3ab0,dfb96670a964,within_subject,0.3.0.dev0,2026-09-10T20:13:55
Miller2019-faces_basic,ha,faceshouses,Riemann TS + LogReg,kappa,0.8993288590604027,4,chronological,240,60,39,0.7101190090179443,b4736e60e22e,dfb96670a964,within_subject,0.3.0.dev0,2026-09-10T20:13:55
Miller2019-faces_basic,ha,faceshouses,Riemann TS + LogReg,accuracy,0.95,4,chronological,240,60,39,0.7101190090179443,b4736e60e22e,dfb96670a964,within_subject,0.3.0.dev0,2026-09-10T20:13:55
Miller2019-faces_basic,ha,faceshouses,Riemann TS + LogReg,balanced_accuracy,0.9486607142857143,4,chronological,240,60,39,0.7101190090179443,b4736e60e22e,dfb96670a964,within_subject,0.3.0.dev0,2026-09-10T20:13:55
Miller2019-faces_basic,ja,faceshouses,HighGamma + LDA,kappa,0.9,0,chronological,240,60,60,0.11607098579406738,f0ad027786a9,dfb96670a964,within_subject,0.3.0.dev0,2026-09-10T20:14:05
Miller2019-faces_basic,ja,faceshouses,HighGamma + LDA,accuracy,0.95,0,chronological,240,60,60,0.11607098579406738,f0ad027786a9,dfb96670a964,within_subject,0.3.0.dev0,2026-09-10T20:14:05
Miller2019-faces_basic,ja,faceshouses,HighGamma + LDA,balanced_accuracy,0.95,0,chronological,240,60,60,0.11607098579406738,f0ad027786a9,dfb96670a964,within_subject,0.3.0.dev0,2026-09-10T20:14:05
Miller2019-faces_basic,ja,faceshouses,LogBandPower + LDA,kappa,0.7333333333333334,0,chronological,240,60,60,0.10726809501647949,ad4c2abc31c8,dfb96670a964,within_subject,0.3.0.dev0,2026-09-10T20:14:05
Miller2019-faces_basic,ja,faceshouses,LogBandPower + LDA,accuracy,0.8666666666666667,0,chronological,240,60,60,0.10726809501647949,ad4c2abc31c8,dfb96670a964,within_subject,0.3.0.dev0,2026-09-10T20:14:05
Miller2019-faces_basic,ja,faceshouses,LogBandPower + LDA,balanced_accuracy,0.8666666666666667,0,chronological,240,60,60,0.10726809501647949,ad4c2abc31c8,dfb96670a964,within_subject,0.3.0.dev0,2026-09-10T20:14:05
Miller2019-faces_basic,ja,faceshouses,LogBandPower + LogReg,kappa,0.7666666666666666,0,chronological,240,60,60,0.1018991470336914,688f919f3ab0,dfb96670a964,within_subject,0.3.0.dev0,2026-09-10T20:14:05
Miller2019-faces_basic,ja,faceshouses,LogBandPower + LogReg,accuracy,0.8833333333333333,0,chronological,240,60,60,0.1018991470336914,688f919f3ab0,dfb96670a964,within_subject,0.3.0.dev0,2026-09-10T20:14:05
Miller2019-faces_basic,ja,faceshouses,LogBandPower + LogReg,balanced_accuracy,0.8833333333333333,0,chronological,240,60,60,0.1018991470336914,688f919f3ab0,dfb96670a964,within_subject,0.3.0.dev0,2026-09-10T20:14:05
Miller2019-faces_basic,ja,faceshouses,Riemann TS + LogReg,kappa,0.8333333333333334,0,chronological,240,60,60,1.6539897918701172,b4736e60e22e,dfb96670a964,within_subject,0.3.0.dev0,2026-09-10T20:14:05
Miller2019-faces_basic,ja,faceshouses,Riemann TS + LogReg,accuracy,0.9166666666666666,0,chronological,240,60,60,1.6539897918701172,b4736e60e22e,dfb96670a964,within_subject,0.3.0.dev0,2026-09-10T20:14:05
Miller2019-faces_basic,ja,faceshouses,Riemann TS + LogReg,balanced_accuracy,0.9166666666666667,0,chronological,240,60,60,1.6539897918701172,b4736e60e22e,dfb96670a964,within_subject,0.3.0.dev0,2026-09-10T20:14:05
Miller2019-faces_basic,ja,faceshouses,HighGamma + LDA,kappa,0.9333333333333333,1,chronological,240,60,60,0.09828519821166992,f0ad027786a9,dfb96670a964,within_subject,0.3.0.dev0,2026-09-10T20:14:05
Miller2019-faces_basic,ja,faceshouses,HighGamma + LDA,accuracy,0.9666666666666667,1,chronological,240,60,60,0.09828519821166992,f0ad027786a9,dfb96670a964,within_subject,0.3.0.dev0,2026-09-10T20:14:05
Miller2019-faces_basic,ja,faceshouses,HighGamma + LDA,balanced_accuracy,0.9666666666666667,1,chronological,240,60,60,0.09828519821166992,f0ad027786a9,dfb96670a964,within_subject,0.3.0.dev0,2026-09-10T20:14:05
Miller2019-faces_basic,ja,faceshouses,LogBandPower + LDA,kappa,0.8333333333333334,1,chronological,240,60,60,0.10907816886901855,ad4c2abc31c8,dfb96670a964,within_subject,0.3.0.dev0,2026-09-10T20:14:05
Miller2019-faces_basic,ja,faceshouses,LogBandPower + LDA,accuracy,0.9166666666666666,1,chronological,240,60,60,0.10907816886901855,ad4c2abc31c8,dfb96670a964,within_subject,0.3.0.dev0,2026-09-10T20:14:05
Miller2019-faces_basic,ja,faceshouses,LogBandPower + LDA,balanced_accuracy,0.9166666666666667,1,chronological,240,60,60,0.10907816886901855,ad4c2abc31c8,dfb96670a964,within_subject,0.3.0.dev0,2026-09-10T20:14:05
Miller2019-faces_basic,ja,faceshouses,LogBandPower + LogReg,kappa,0.9,1,chronological,240,60,60,0.1040799617767334,688f919f3ab0,dfb96670a964,within_subject,0.3.0.dev0,2026-09-10T20:14:05
Miller2019-faces_basic,ja,faceshouses,LogBandPower + LogReg,accuracy,0.95,1,chronological,240,60,60,0.1040799617767334,688f919f3ab0,dfb96670a964,within_subject,0.3.0.dev0,2026-09-10T20:14:05
Miller2019-faces_basic,ja,faceshouses,LogBandPower + LogReg,balanced_accuracy,0.95,1,chronological,240,60,60,0.1040799617767334,688f919f3ab0,dfb96670a964,within_subject,0.3.0.dev0,2026-09-10T20:14:05
Miller2019-faces_basic,ja,faceshouses,Riemann TS + LogReg,kappa,0.7,1,chronological,240,60,60,1.5716369152069092,b4736e60e22e,dfb96670a964,within_subject,0.3.0.dev0,2026-09-10T20:14:05
Miller2019-faces_basic,ja,faceshouses,Riemann TS + LogReg,accuracy,0.85,1,chronological,240,60,60,1.5716369152069092,b4736e60e22e,dfb96670a964,within_subject,0.3.0.dev0,2026-09-10T20:14:05
Miller2019-faces_basic,ja,faceshouses,Riemann TS + LogReg,balanced_accuracy,0.85,1,chronological,240,60,60,1.5716369152069092,b4736e60e22e,dfb96670a964,within_subject,0.3.0.dev0,2026-09-10T20:14:05
Miller2019-faces_basic,ja,faceshouses,HighGamma + LDA,kappa,0.9327354260089686,2,chronological,240,60,60,0.09765100479125977,f0ad027786a9,dfb96670a964,within_subject,0.3.0.dev0,2026-09-10T20:14:05
Miller2019-faces_basic,ja,faceshouses,HighGamma + LDA,accuracy,0.9666666666666667,2,chronological,240,60,60,0.09765100479125977,f0ad027786a9,dfb96670a964,within_subject,0.3.0.dev0,2026-09-10T20:14:05
Miller2019-faces_basic,ja,faceshouses,HighGamma + LDA,balanced_accuracy,0.9642857142857143,2,chronological,240,60,60,0.09765100479125977,f0ad027786a9,dfb96670a964,within_subject,0.3.0.dev0,2026-09-10T20:14:05
Miller2019-faces_basic,ja,faceshouses,LogBandPower + LDA,kappa,0.8329621380846325,2,chronological,240,60,60,0.10720396041870117,ad4c2abc31c8,dfb96670a964,within_subject,0.3.0.dev0,2026-09-10T20:14:05
Miller2019-faces_basic,ja,faceshouses,LogBandPower + LDA,accuracy,0.9166666666666666,2,chronological,240,60,60,0.10720396041870117,ad4c2abc31c8,dfb96670a964,within_subject,0.3.0.dev0,2026-09-10T20:14:05
Miller2019-faces_basic,ja,faceshouses,LogBandPower + LDA,balanced_accuracy,0.9174107142857143,2,chronological,240,60,60,0.10720396041870117,ad4c2abc31c8,dfb96670a964,within_subject,0.3.0.dev0,2026-09-10T20:14:05
Miller2019-faces_basic,ja,faceshouses,LogBandPower + LogReg,kappa,0.8997772828507795,2,chronological,240,60,60,0.1043698787689209,688f919f3ab0,dfb96670a964,within_subject,0.3.0.dev0,2026-09-10T20:14:05
Miller2019-faces_basic,ja,faceshouses,LogBandPower + LogReg,accuracy,0.95,2,chronological,240,60,60,0.1043698787689209,688f919f3ab0,dfb96670a964,within_subject,0.3.0.dev0,2026-09-10T20:14:05
Miller2019-faces_basic,ja,faceshouses,LogBandPower + LogReg,balanced_accuracy,0.9508928571428572,2,chronological,240,60,60,0.1043698787689209,688f919f3ab0,dfb96670a964,within_subject,0.3.0.dev0,2026-09-10T20:14:05
Miller2019-faces_basic,ja,faceshouses,Riemann TS + LogReg,kappa,0.7321428571428572,2,chronological,240,60,60,1.6779890060424805,b4736e60e22e,dfb96670a964,within_subject,0.3.0.dev0,2026-09-10T20:14:05
Miller2019-faces_basic,ja,faceshouses,Riemann TS + LogReg,accuracy,0.8666666666666667,2,chronological,240,60,60,1.6779890060424805,b4736e60e22e,dfb96670a964,within_subject,0.3.0.dev0,2026-09-10T20:14:05
Miller2019-faces_basic,ja,faceshouses,Riemann TS + LogReg,balanced_accuracy,0.8660714285714286,2,chronological,240,60,60,1.6779890060424805,b4736e60e22e,dfb96670a964,within_subject,0.3.0.dev0,2026-09-10T20:14:05
Miller2019-faces_basic,ja,faceshouses,HighGamma + LDA,kappa,0.9327354260089686,3,chronological,240,60,60,0.09975004196166992,f0ad027786a9,dfb96670a964,within_subject,0.3.0.dev0,2026-09-10T20:14:05
Miller2019-faces_basic,ja,faceshouses,HighGamma + LDA,accuracy,0.9666666666666667,3,chronological,240,60,60,0.09975004196166992,f0ad027786a9,dfb96670a964,within_subject,0.3.0.dev0,2026-09-10T20:14:05
Miller2019-faces_basic,ja,faceshouses,HighGamma + LDA,balanced_accuracy,0.9705882352941176,3,chronological,240,60,60,0.09975004196166992,f0ad027786a9,dfb96670a964,within_subject,0.3.0.dev0,2026-09-10T20:14:05
Miller2019-faces_basic,ja,faceshouses,LogBandPower + LDA,kappa,0.7982062780269058,3,chronological,240,60,60,0.11009383201599121,ad4c2abc31c8,dfb96670a964,within_subject,0.3.0.dev0,2026-09-10T20:14:05
Miller2019-faces_basic,ja,faceshouses,LogBandPower + LDA,accuracy,0.9,3,chronological,240,60,60,0.11009383201599121,ad4c2abc31c8,dfb96670a964,within_subject,0.3.0.dev0,2026-09-10T20:14:05
Miller2019-faces_basic,ja,faceshouses,LogBandPower + LDA,balanced_accuracy,0.9027149321266968,3,chronological,240,60,60,0.11009383201599121,ad4c2abc31c8,dfb96670a964,within_subject,0.3.0.dev0,2026-09-10T20:14:05
Miller2019-faces_basic,ja,faceshouses,LogBandPower + LogReg,kappa,0.7635135135135135,3,chronological,240,60,60,0.10225629806518555,688f919f3ab0,dfb96670a964,within_subject,0.3.0.dev0,2026-09-10T20:14:05
Miller2019-faces_basic,ja,faceshouses,LogBandPower + LogReg,accuracy,0.8833333333333333,3,chronological,240,60,60,0.10225629806518555,688f919f3ab0,dfb96670a964,within_subject,0.3.0.dev0,2026-09-10T20:14:05
Miller2019-faces_basic,ja,faceshouses,LogBandPower + LogReg,balanced_accuracy,0.8834841628959276,3,chronological,240,60,60,0.10225629806518555,688f919f3ab0,dfb96670a964,within_subject,0.3.0.dev0,2026-09-10T20:14:05
Miller2019-faces_basic,ja,faceshouses,Riemann TS + LogReg,kappa,0.6959459459459459,3,chronological,240,60,60,1.674259901046753,b4736e60e22e,dfb96670a964,within_subject,0.3.0.dev0,2026-09-10T20:14:05
Miller2019-faces_basic,ja,faceshouses,Riemann TS + LogReg,accuracy,0.85,3,chronological,240,60,60,1.674259901046753,b4736e60e22e,dfb96670a964,within_subject,0.3.0.dev0,2026-09-10T20:14:05
Miller2019-faces_basic,ja,faceshouses,Riemann TS + LogReg,balanced_accuracy,0.8495475113122172,3,chronological,240,60,60,1.674259901046753,b4736e60e22e,dfb96670a964,within_subject,0.3.0.dev0,2026-09-10T20:14:05
Miller2019-faces_basic,ja,faceshouses,HighGamma + LDA,kappa,0.9327354260089686,4,chronological,240,60,60,0.09871792793273926,f0ad027786a9,dfb96670a964,within_subject,0.3.0.dev0,2026-09-10T20:14:05
Miller2019-faces_basic,ja,faceshouses,HighGamma + LDA,accuracy,0.9666666666666667,4,chronological,240,60,60,0.09871792793273926,f0ad027786a9,dfb96670a964,within_subject,0.3.0.dev0,2026-09-10T20:14:05
Miller2019-faces_basic,ja,faceshouses,HighGamma + LDA,balanced_accuracy,0.9642857142857143,4,chronological,240,60,60,0.09871792793273926,f0ad027786a9,dfb96670a964,within_subject,0.3.0.dev0,2026-09-10T20:14:05
Miller2019-faces_basic,ja,faceshouses,LogBandPower + LDA,kappa,0.9330357142857143,4,chronological,240,60,60,0.1112661361694336,ad4c2abc31c8,dfb96670a964,within_subject,0.3.0.dev0,2026-09-10T20:14:05
Miller2019-faces_basic,ja,faceshouses,LogBandPower + LDA,accuracy,0.9666666666666667,4,chronological,240,60,60,0.1112661361694336,ad4c2abc31c8,dfb96670a964,within_subject,0.3.0.dev0,2026-09-10T20:14:05
Miller2019-faces_basic,ja,faceshouses,LogBandPower + LDA,balanced_accuracy,0.9665178571428572,4,chronological,240,60,60,0.1112661361694336,ad4c2abc31c8,dfb96670a964,within_subject,0.3.0.dev0,2026-09-10T20:14:05
Miller2019-faces_basic,ja,faceshouses,LogBandPower + LogReg,kappa,0.8666666666666667,4,chronological,240,60,60,0.10429501533508301,688f919f3ab0,dfb96670a964,within_subject,0.3.0.dev0,2026-09-10T20:14:05
Miller2019-faces_basic,ja,faceshouses,LogBandPower + LogReg,accuracy,0.9333333333333333,4,chronological,240,60,60,0.10429501533508301,688f919f3ab0,dfb96670a964,within_subject,0.3.0.dev0,2026-09-10T20:14:05
Miller2019-faces_basic,ja,faceshouses,LogBandPower + LogReg,balanced_accuracy,0.9352678571428572,4,chronological,240,60,60,0.10429501533508301,688f919f3ab0,dfb96670a964,within_subject,0.3.0.dev0,2026-09-10T20:14:05
Miller2019-faces_basic,ja,faceshouses,Riemann TS + LogReg,kappa,0.8337028824833703,4,chronological,240,60,60,1.5779588222503662,b4736e60e22e,dfb96670a964,within_subject,0.3.0.dev0,2026-09-10T20:14:05
Miller2019-faces_basic,ja,faceshouses,Riemann TS + LogReg,accuracy,0.9166666666666666,4,chronological,240,60,60,1.5779588222503662,b4736e60e22e,dfb96670a964,within_subject,0.3.0.dev0,2026-09-10T20:14:05
Miller2019-faces_basic,ja,faceshouses,Riemann TS + LogReg,balanced_accuracy,0.9196428571428572,4,chronological,240,60,60,1.5779588222503662,b4736e60e22e,dfb96670a964,within_subject,0.3.0.dev0,2026-09-10T20:14:05
Miller2019-faces_basic,jm,faceshouses,HighGamma + LDA,kappa,0.3666666666666667,0,chronological,240,60,56,0.13079619407653809,f0ad027786a9,dfb96670a964,within_subject,0.3.0.dev0,2026-09-10T20:14:15
Miller2019-faces_basic,jm,faceshouses,HighGamma + LDA,accuracy,0.6833333333333333,0,chronological,240,60,56,0.13079619407653809,f0ad027786a9,dfb96670a964,within_subject,0.3.0.dev0,2026-09-10T20:14:15
Miller2019-faces_basic,jm,faceshouses,HighGamma + LDA,balanced_accuracy,0.6833333333333333,0,chronological,240,60,56,0.13079619407653809,f0ad027786a9,dfb96670a964,within_subject,0.3.0.dev0,2026-09-10T20:14:15
Miller2019-faces_basic,jm,faceshouses,LogBandPower + LDA,kappa,0.43333333333333335,0,chronological,240,60,56,0.10221385955810547,ad4c2abc31c8,dfb96670a964,within_subject,0.3.0.dev0,2026-09-10T20:14:15
Miller2019-faces_basic,jm,faceshouses,LogBandPower + LDA,accuracy,0.7166666666666667,0,chronological,240,60,56,0.10221385955810547,ad4c2abc31c8,dfb96670a964,within_subject,0.3.0.dev0,2026-09-10T20:14:15
Miller2019-faces_basic,jm,faceshouses,LogBandPower + LDA,balanced_accuracy,0.7166666666666666,0,chronological,240,60,56,0.10221385955810547,ad4c2abc31c8,dfb96670a964,within_subject,0.3.0.dev0,2026-09-10T20:14:15
Miller2019-faces_basic,jm,faceshouses,LogBandPower + LogReg,kappa,0.30000000000000004,0,chronological,240,60,56,0.10279703140258789,688f919f3ab0,dfb96670a964,within_subject,0.3.0.dev0,2026-09-10T20:14:15
Miller2019-faces_basic,jm,faceshouses,LogBandPower + LogReg,accuracy,0.65,0,chronological,240,60,56,0.10279703140258789,688f919f3ab0,dfb96670a964,within_subject,0.3.0.dev0,2026-09-10T20:14:15
Miller2019-faces_basic,jm,faceshouses,LogBandPower + LogReg,balanced_accuracy,0.6499999999999999,0,chronological,240,60,56,0.10279703140258789,688f919f3ab0,dfb96670a964,within_subject,0.3.0.dev0,2026-09-10T20:14:15
Miller2019-faces_basic,jm,faceshouses,Riemann TS + LogReg,kappa,0.09999999999999998,0,chronological,240,60,56,1.4366021156311035,b4736e60e22e,dfb96670a964,within_subject,0.3.0.dev0,2026-09-10T20:14:15
Miller2019-faces_basic,jm,faceshouses,Riemann TS + LogReg,accuracy,0.55,0,chronological,240,60,56,1.4366021156311035,b4736e60e22e,dfb96670a964,within_subject,0.3.0.dev0,2026-09-10T20:14:15
Miller2019-faces_basic,jm,faceshouses,Riemann TS + LogReg,balanced_accuracy,0.55,0,chronological,240,60,56,1.4366021156311035,b4736e60e22e,dfb96670a964,within_subject,0.3.0.dev0,2026-09-10T20:14:15
Miller2019-faces_basic,jm,faceshouses,HighGamma + LDA,kappa,0.5,1,chronological,240,60,56,0.09428715705871582,f0ad027786a9,dfb96670a964,within_subject,0.3.0.dev0,2026-09-10T20:14:15
Miller2019-faces_basic,jm,faceshouses,HighGamma + LDA,accuracy,0.75,1,chronological,240,60,56,0.09428715705871582,f0ad027786a9,dfb96670a964,within_subject,0.3.0.dev0,2026-09-10T20:14:15
Miller2019-faces_basic,jm,faceshouses,HighGamma + LDA,balanced_accuracy,0.75,1,chronological,240,60,56,0.09428715705871582,f0ad027786a9,dfb96670a964,within_subject,0.3.0.dev0,2026-09-10T20:14:15
Miller2019-faces_basic,jm,faceshouses,LogBandPower + LDA,kappa,0.4,1,chronological,240,60,56,0.10068082809448242,ad4c2abc31c8,dfb96670a964,within_subject,0.3.0.dev0,2026-09-10T20:14:15
Miller2019-faces_basic,jm,faceshouses,LogBandPower + LDA,accuracy,0.7,1,chronological,240,60,56,0.10068082809448242,ad4c2abc31c8,dfb96670a964,within_subject,0.3.0.dev0,2026-09-10T20:14:15
Miller2019-faces_basic,jm,faceshouses,LogBandPower + LDA,balanced_accuracy,0.7,1,chronological,240,60,56,0.10068082809448242,ad4c2abc31c8,dfb96670a964,within_subject,0.3.0.dev0,2026-09-10T20:14:15
Miller2019-faces_basic,jm,faceshouses,LogBandPower + LogReg,kappa,0.3666666666666667,1,chronological,240,60,56,0.10277891159057617,688f919f3ab0,dfb96670a964,within_subject,0.3.0.dev0,2026-09-10T20:14:15
Miller2019-faces_basic,jm,faceshouses,LogBandPower + LogReg,accuracy,0.6833333333333333,1,chronological,240,60,56,0.10277891159057617,688f919f3ab0,dfb96670a964,within_subject,0.3.0.dev0,2026-09-10T20:14:15
Miller2019-faces_basic,jm,faceshouses,LogBandPower + LogReg,balanced_accuracy,0.6833333333333333,1,chronological,240,60,56,0.10277891159057617,688f919f3ab0,dfb96670a964,within_subject,0.3.0.dev0,2026-09-10T20:14:15
Miller2019-faces_basic,jm,faceshouses,Riemann TS + LogReg,kappa,0.1333333333333333,1,chronological,240,60,56,1.4575538635253906,b4736e60e22e,dfb96670a964,within_subject,0.3.0.dev0,2026-09-10T20:14:15
Miller2019-faces_basic,jm,faceshouses,Riemann TS + LogReg,accuracy,0.5666666666666667,1,chronological,240,60,56,1.4575538635253906,b4736e60e22e,dfb96670a964,within_subject,0.3.0.dev0,2026-09-10T20:14:15
Miller2019-faces_basic,jm,faceshouses,Riemann TS + LogReg,balanced_accuracy,0.5666666666666667,1,chronological,240,60,56,1.4575538635253906,b4736e60e22e,dfb96670a964,within_subject,0.3.0.dev0,2026-09-10T20:14:15
Miller2019-faces_basic,jm,faceshouses,HighGamma + LDA,kappa,0.5033112582781458,2,chronological,240,60,56,0.09881281852722168,f0ad027786a9,dfb96670a964,within_subject,0.3.0.dev0,2026-09-10T20:14:15
Miller2019-faces_basic,jm,faceshouses,HighGamma + LDA,accuracy,0.75,2,chronological,240,60,56,0.09881281852722168,f0ad027786a9,dfb96670a964,within_subject,0.3.0.dev0,2026-09-10T20:14:15
Miller2019-faces_basic,jm,faceshouses,HighGamma + LDA,balanced_accuracy,0.7544642857142857,2,chronological,240,60,56,0.09881281852722168,f0ad027786a9,dfb96670a964,within_subject,0.3.0.dev0,2026-09-10T20:14:15
Miller2019-faces_basic,jm,faceshouses,LogBandPower + LDA,kappa,0.33920704845814975,2,chronological,240,60,56,0.10817408561706543,ad4c2abc31c8,dfb96670a964,within_subject,0.3.0.dev0,2026-09-10T20:14:15
Miller2019-faces_basic,jm,faceshouses,LogBandPower + LDA,accuracy,0.6666666666666666,2,chronological,240,60,56,0.10817408561706543,ad4c2abc31c8,dfb96670a964,within_subject,0.3.0.dev0,2026-09-10T20:14:15
Miller2019-faces_basic,jm,faceshouses,LogBandPower + LDA,balanced_accuracy,0.671875,2,chronological,240,60,56,0.10817408561706543,ad4c2abc31c8,dfb96670a964,within_subject,0.3.0.dev0,2026-09-10T20:14:15
Miller2019-faces_basic,jm,faceshouses,LogBandPower + LogReg,kappa,0.3652561247216035,2,chronological,240,60,56,0.10729598999023438,688f919f3ab0,dfb96670a964,within_subject,0.3.0.dev0,2026-09-10T20:14:15
Miller2019-faces_basic,jm,faceshouses,LogBandPower + LogReg,accuracy,0.6833333333333333,2,chronological,240,60,56,0.10729598999023438,688f919f3ab0,dfb96670a964,within_subject,0.3.0.dev0,2026-09-10T20:14:15
Miller2019-faces_basic,jm,faceshouses,LogBandPower + LogReg,balanced_accuracy,0.6830357142857143,2,chronological,240,60,56,0.10729598999023438,688f919f3ab0,dfb96670a964,within_subject,0.3.0.dev0,2026-09-10T20:14:15
Miller2019-faces_basic,jm,faceshouses,Riemann TS + LogReg,kappa,0.24507658643326047,2,chronological,240,60,56,1.4326379299163818,b4736e60e22e,dfb96670a964,within_subject,0.3.0.dev0,2026-09-10T20:14:15
Miller2019-faces_basic,jm,faceshouses,Riemann TS + LogReg,accuracy,0.6166666666666667,2,chronological,240,60,56,1.4326379299163818,b4736e60e22e,dfb96670a964,within_subject,0.3.0.dev0,2026-09-10T20:14:15
Miller2019-faces_basic,jm,faceshouses,Riemann TS + LogReg,balanced_accuracy,0.625,2,chronological,240,60,56,1.4326379299163818,b4736e60e22e,dfb96670a964,within_subject,0.3.0.dev0,2026-09-10T20:14:15
Miller2019-faces_basic,jm,faceshouses,HighGamma + LDA,kappa,0.4104803493449781,3,chronological,240,60,56,0.09198689460754395,f0ad027786a9,dfb96670a964,within_subject,0.3.0.dev0,2026-09-10T20:14:15
Miller2019-faces_basic,jm,faceshouses,HighGamma + LDA,accuracy,0.7,3,chronological,240,60,56,0.09198689460754395,f0ad027786a9,dfb96670a964,within_subject,0.3.0.dev0,2026-09-10T20:14:15
Miller2019-faces_basic,jm,faceshouses,HighGamma + LDA,balanced_accuracy,0.7126696832579186,3,chronological,240,60,56,0.09198689460754395,f0ad027786a9,dfb96670a964,within_subject,0.3.0.dev0,2026-09-10T20:14:15
Miller2019-faces_basic,jm,faceshouses,LogBandPower + LDA,kappa,0.32735426008968616,3,chronological,240,60,56,0.10161590576171875,ad4c2abc31c8,dfb96670a964,within_subject,0.3.0.dev0,2026-09-10T20:14:15
Miller2019-faces_basic,jm,faceshouses,LogBandPower + LDA,accuracy,0.6666666666666666,3,chronological,240,60,56,0.10161590576171875,ad4c2abc31c8,dfb96670a964,within_subject,0.3.0.dev0,2026-09-10T20:14:15
Miller2019-faces_basic,jm,faceshouses,LogBandPower + LDA,balanced_accuracy,0.6651583710407241,3,chronological,240,60,56,0.10161590576171875,ad4c2abc31c8,dfb96670a964,within_subject,0.3.0.dev0,2026-09-10T20:14:15
Miller2019-faces_basic,jm,faceshouses,LogBandPower + LogReg,kappa,0.2666666666666667,3,chronological,240,60,56,0.10322284698486328,688f919f3ab0,dfb96670a964,within_subject,0.3.0.dev0,2026-09-10T20:14:15
Miller2019-faces_basic,jm,faceshouses,LogBandPower + LogReg,accuracy,0.6333333333333333,3,chronological,240,60,56,0.10322284698486328,688f919f3ab0,dfb96670a964,within_subject,0.3.0.dev0,2026-09-10T20:14:15
Miller2019-faces_basic,jm,faceshouses,LogBandPower + LogReg,balanced_accuracy,0.6357466063348416,3,chronological,240,60,56,0.10322284698486328,688f919f3ab0,dfb96670a964,within_subject,0.3.0.dev0,2026-09-10T20:14:15
Miller2019-faces_basic,jm,faceshouses,Riemann TS + LogReg,kappa,0.24342105263157887,3,chronological,240,60,56,1.4163761138916016,b4736e60e22e,dfb96670a964,within_subject,0.3.0.dev0,2026-09-10T20:14:15
Miller2019-faces_basic,jm,faceshouses,Riemann TS + LogReg,accuracy,0.6166666666666667,3,chronological,240,60,56,1.4163761138916016,b4736e60e22e,dfb96670a964,within_subject,0.3.0.dev0,2026-09-10T20:14:15
Miller2019-faces_basic,jm,faceshouses,Riemann TS + LogReg,balanced_accuracy,0.6255656108597285,3,chronological,240,60,56,1.4163761138916016,b4736e60e22e,dfb96670a964,within_subject,0.3.0.dev0,2026-09-10T20:14:15
Miller2019-faces_basic,jm,faceshouses,HighGamma + LDA,kappa,0.24507658643326047,4,chronological,240,60,56,0.09232687950134277,f0ad027786a9,dfb96670a964,within_subject,0.3.0.dev0,2026-09-10T20:14:15
Miller2019-faces_basic,jm,faceshouses,HighGamma + LDA,accuracy,0.6166666666666667,4,chronological,240,60,56,0.09232687950134277,f0ad027786a9,dfb96670a964,within_subject,0.3.0.dev0,2026-09-10T20:14:15
Miller2019-faces_basic,jm,faceshouses,HighGamma + LDA,balanced_accuracy,0.625,4,chronological,240,60,56,0.09232687950134277,f0ad027786a9,dfb96670a964,within_subject,0.3.0.dev0,2026-09-10T20:14:15
Miller2019-faces_basic,jm,faceshouses,LogBandPower + LDA,kappa,0.27312775330396477,4,chronological,240,60,56,0.10048389434814453,ad4c2abc31c8,dfb96670a964,within_subject,0.3.0.dev0,2026-09-10T20:14:15
Miller2019-faces_basic,jm,faceshouses,LogBandPower + LDA,accuracy,0.6333333333333333,4,chronological,240,60,56,0.10048389434814453,ad4c2abc31c8,dfb96670a964,within_subject,0.3.0.dev0,2026-09-10T20:14:15
Miller2019-faces_basic,jm,faceshouses,LogBandPower + LDA,balanced_accuracy,0.6383928571428572,4,chronological,240,60,56,0.10048389434814453,ad4c2abc31c8,dfb96670a964,within_subject,0.3.0.dev0,2026-09-10T20:14:15
Miller2019-faces_basic,jm,faceshouses,LogBandPower + LogReg,kappa,0.3046357615894041,4,chronological,240,60,56,0.09719014167785645,688f919f3ab0,dfb96670a964,within_subject,0.3.0.dev0,2026-09-10T20:14:15
Miller2019-faces_basic,jm,faceshouses,LogBandPower + LogReg,accuracy,0.65,4,chronological,240,60,56,0.09719014167785645,688f919f3ab0,dfb96670a964,within_subject,0.3.0.dev0,2026-09-10T20:14:15
Miller2019-faces_basic,jm,faceshouses,LogBandPower + LogReg,balanced_accuracy,0.6540178571428572,4,chronological,240,60,56,0.09719014167785645,688f919f3ab0,dfb96670a964,within_subject,0.3.0.dev0,2026-09-10T20:14:15
Miller2019-faces_basic,jm,faceshouses,Riemann TS + LogReg,kappa,0.2350332594235034,4,chronological,240,60,56,1.4113209247589111,b4736e60e22e,dfb96670a964,within_subject,0.3.0.dev0,2026-09-10T20:14:15
Miller2019-faces_basic,jm,faceshouses,Riemann TS + LogReg,accuracy,0.6166666666666667,4,chronological,240,60,56,1.4113209247589111,b4736e60e22e,dfb96670a964,within_subject,0.3.0.dev0,2026-09-10T20:14:15
Miller2019-faces_basic,jm,faceshouses,Riemann TS + LogReg,balanced_accuracy,0.6183035714285714,4,chronological,240,60,56,1.4113209247589111,b4736e60e22e,dfb96670a964,within_subject,0.3.0.dev0,2026-09-10T20:14:15
Miller2019-faces_basic,jt,faceshouses,HighGamma + LDA,kappa,0.6333333333333333,0,chronological,240,60,102,0.1668381690979004,f0ad027786a9,dfb96670a964,within_subject,0.3.0.dev0,2026-09-10T20:15:04
Miller2019-faces_basic,jt,faceshouses,HighGamma + LDA,accuracy,0.8166666666666667,0,chronological,240,60,102,0.1668381690979004,f0ad027786a9,dfb96670a964,within_subject,0.3.0.dev0,2026-09-10T20:15:04
Miller2019-faces_basic,jt,faceshouses,HighGamma + LDA,balanced_accuracy,0.8166666666666667,0,chronological,240,60,102,0.1668381690979004,f0ad027786a9,dfb96670a964,within_subject,0.3.0.dev0,2026-09-10T20:15:04
Miller2019-faces_basic,jt,faceshouses,LogBandPower + LDA,kappa,0.7,0,chronological,240,60,102,0.19263195991516113,ad4c2abc31c8,dfb96670a964,within_subject,0.3.0.dev0,2026-09-10T20:15:04
Miller2019-faces_basic,jt,faceshouses,LogBandPower + LDA,accuracy,0.85,0,chronological,240,60,102,0.19263195991516113,ad4c2abc31c8,dfb96670a964,within_subject,0.3.0.dev0,2026-09-10T20:15:04
Miller2019-faces_basic,jt,faceshouses,LogBandPower + LDA,balanced_accuracy,0.8500000000000001,0,chronological,240,60,102,0.19263195991516113,ad4c2abc31c8,dfb96670a964,within_subject,0.3.0.dev0,2026-09-10T20:15:04
Miller2019-faces_basic,jt,faceshouses,LogBandPower + LogReg,kappa,0.6666666666666667,0,chronological,240,60,102,0.16785001754760742,688f919f3ab0,dfb96670a964,within_subject,0.3.0.dev0,2026-09-10T20:15:04
Miller2019-faces_basic,jt,faceshouses,LogBandPower + LogReg,accuracy,0.8333333333333334,0,chronological,240,60,102,0.16785001754760742,688f919f3ab0,dfb96670a964,within_subject,0.3.0.dev0,2026-09-10T20:15:04
Miller2019-faces_basic,jt,faceshouses,LogBandPower + LogReg,balanced_accuracy,0.8333333333333334,0,chronological,240,60,102,0.16785001754760742,688f919f3ab0,dfb96670a964,within_subject,0.3.0.dev0,2026-09-10T20:15:04
Miller2019-faces_basic,jt,faceshouses,Riemann TS + LogReg,kappa,0.033333333333333326,0,chronological,240,60,102,10.369955062866211,b4736e60e22e,dfb96670a964,within_subject,0.3.0.dev0,2026-09-10T20:15:04
Miller2019-faces_basic,jt,faceshouses,Riemann TS + LogReg,accuracy,0.5166666666666667,0,chronological,240,60,102,10.369955062866211,b4736e60e22e,dfb96670a964,within_subject,0.3.0.dev0,2026-09-10T20:15:04
Miller2019-faces_basic,jt,faceshouses,Riemann TS + LogReg,balanced_accuracy,0.5166666666666666,0,chronological,240,60,102,10.369955062866211,b4736e60e22e,dfb96670a964,within_subject,0.3.0.dev0,2026-09-10T20:15:04
Miller2019-faces_basic,jt,faceshouses,HighGamma + LDA,kappa,0.6,1,chronological,240,60,102,0.17133688926696777,f0ad027786a9,dfb96670a964,within_subject,0.3.0.dev0,2026-09-10T20:15:04
Miller2019-faces_basic,jt,faceshouses,HighGamma + LDA,accuracy,0.8,1,chronological,240,60,102,0.17133688926696777,f0ad027786a9,dfb96670a964,within_subject,0.3.0.dev0,2026-09-10T20:15:04
Miller2019-faces_basic,jt,faceshouses,HighGamma + LDA,balanced_accuracy,0.8,1,chronological,240,60,102,0.17133688926696777,f0ad027786a9,dfb96670a964,within_subject,0.3.0.dev0,2026-09-10T20:15:04
Miller2019-faces_basic,jt,faceshouses,LogBandPower + LDA,kappa,0.6666666666666667,1,chronological,240,60,102,0.1929030418395996,ad4c2abc31c8,dfb96670a964,within_subject,0.3.0.dev0,2026-09-10T20:15:04
Miller2019-faces_basic,jt,faceshouses,LogBandPower + LDA,accuracy,0.8333333333333334,1,chronological,240,60,102,0.1929030418395996,ad4c2abc31c8,dfb96670a964,within_subject,0.3.0.dev0,2026-09-10T20:15:04
Miller2019-faces_basic,jt,faceshouses,LogBandPower + LDA,balanced_accuracy,0.8333333333333334,1,chronological,240,60,102,0.1929030418395996,ad4c2abc31c8,dfb96670a964,within_subject,0.3.0.dev0,2026-09-10T20:15:04
Miller2019-faces_basic,jt,faceshouses,LogBandPower + LogReg,kappa,0.7333333333333334,1,chronological,240,60,102,0.17096400260925293,688f919f3ab0,dfb96670a964,within_subject,0.3.0.dev0,2026-09-10T20:15:04
Miller2019-faces_basic,jt,faceshouses,LogBandPower + LogReg,accuracy,0.8666666666666667,1,chronological,240,60,102,0.17096400260925293,688f919f3ab0,dfb96670a964,within_subject,0.3.0.dev0,2026-09-10T20:15:04
Miller2019-faces_basic,jt,faceshouses,LogBandPower + LogReg,balanced_accuracy,0.8666666666666667,1,chronological,240,60,102,0.17096400260925293,688f919f3ab0,dfb96670a964,within_subject,0.3.0.dev0,2026-09-10T20:15:04
Miller2019-faces_basic,jt,faceshouses,Riemann TS + LogReg,kappa,0.5666666666666667,1,chronological,240,60,102,9.375922918319702,b4736e60e22e,dfb96670a964,within_subject,0.3.0.dev0,2026-09-10T20:15:04
Miller2019-faces_basic,jt,faceshouses,Riemann TS + LogReg,accuracy,0.7833333333333333,1,chronological,240,60,102,9.375922918319702,b4736e60e22e,dfb96670a964,within_subject,0.3.0.dev0,2026-09-10T20:15:04
Miller2019-faces_basic,jt,faceshouses,Riemann TS + LogReg,balanced_accuracy,0.7833333333333333,1,chronological,240,60,102,9.375922918319702,b4736e60e22e,dfb96670a964,within_subject,0.3.0.dev0,2026-09-10T20:15:04
Miller2019-faces_basic,jt,faceshouses,HighGamma + LDA,kappa,0.8,2,chronological,240,60,102,0.16593194007873535,f0ad027786a9,dfb96670a964,within_subject,0.3.0.dev0,2026-09-10T20:15:04
Miller2019-faces_basic,jt,faceshouses,HighGamma + LDA,accuracy,0.9,2,chronological,240,60,102,0.16593194007873535,f0ad027786a9,dfb96670a964,within_subject,0.3.0.dev0,2026-09-10T20:15:04
Miller2019-faces_basic,jt,faceshouses,HighGamma + LDA,balanced_accuracy,0.9017857142857143,2,chronological,240,60,102,0.16593194007873535,f0ad027786a9,dfb96670a964,within_subject,0.3.0.dev0,2026-09-10T20:15:04
Miller2019-faces_basic,jt,faceshouses,LogBandPower + LDA,kappa,0.6666666666666667,2,chronological,240,60,102,0.19286584854125977,ad4c2abc31c8,dfb96670a964,within_subject,0.3.0.dev0,2026-09-10T20:15:04
Miller2019-faces_basic,jt,faceshouses,LogBandPower + LDA,accuracy,0.8333333333333334,2,chronological,240,60,102,0.19286584854125977,ad4c2abc31c8,dfb96670a964,within_subject,0.3.0.dev0,2026-09-10T20:15:04
Miller2019-faces_basic,jt,faceshouses,LogBandPower + LDA,balanced_accuracy,0.8348214285714286,2,chronological,240,60,102,0.19286584854125977,ad4c2abc31c8,dfb96670a964,within_subject,0.3.0.dev0,2026-09-10T20:15:04
Miller2019-faces_basic,jt,faceshouses,LogBandPower + LogReg,kappa,0.7006651884700665,2,chronological,240,60,102,0.16997790336608887,688f919f3ab0,dfb96670a964,within_subject,0.3.0.dev0,2026-09-10T20:15:04
Miller2019-faces_basic,jt,faceshouses,LogBandPower + LogReg,accuracy,0.85,2,chronological,240,60,102,0.16997790336608887,688f919f3ab0,dfb96670a964,within_subject,0.3.0.dev0,2026-09-10T20:15:04
Miller2019-faces_basic,jt,faceshouses,LogBandPower + LogReg,balanced_accuracy,0.8526785714285714,2,chronological,240,60,102,0.16997790336608887,688f919f3ab0,dfb96670a964,within_subject,0.3.0.dev0,2026-09-10T20:15:04
Miller2019-faces_basic,jt,faceshouses,Riemann TS + LogReg,kappa,0.23841059602649017,2,chronological,240,60,102,8.29565978050232,b4736e60e22e,dfb96670a964,within_subject,0.3.0.dev0,2026-09-10T20:15:04
Miller2019-faces_basic,jt,faceshouses,Riemann TS + LogReg,accuracy,0.6166666666666667,2,chronological,240,60,102,8.29565978050232,b4736e60e22e,dfb96670a964,within_subject,0.3.0.dev0,2026-09-10T20:15:04
Miller2019-faces_basic,jt,faceshouses,Riemann TS + LogReg,balanced_accuracy,0.6205357142857143,2,chronological,240,60,102,8.29565978050232,b4736e60e22e,dfb96670a964,within_subject,0.3.0.dev0,2026-09-10T20:15:04
Miller2019-faces_basic,jt,faceshouses,HighGamma + LDA,kappa,0.7635135135135135,3,chronological,240,60,102,0.16384005546569824,f0ad027786a9,dfb96670a964,within_subject,0.3.0.dev0,2026-09-10T20:15:04
Miller2019-faces_basic,jt,faceshouses,HighGamma + LDA,accuracy,0.8833333333333333,3,chronological,240,60,102,0.16384005546569824,f0ad027786a9,dfb96670a964,within_subject,0.3.0.dev0,2026-09-10T20:15:04
Miller2019-faces_basic,jt,faceshouses,HighGamma + LDA,balanced_accuracy,0.8834841628959276,3,chronological,240,60,102,0.16384005546569824,f0ad027786a9,dfb96670a964,within_subject,0.3.0.dev0,2026-09-10T20:15:04
Miller2019-faces_basic,jt,faceshouses,LogBandPower + LDA,kappa,0.7926267281105991,3,chronological,240,60,102,0.19193029403686523,ad4c2abc31c8,dfb96670a964,within_subject,0.3.0.dev0,2026-09-10T20:15:04
Miller2019-faces_basic,jt,faceshouses,LogBandPower + LDA,accuracy,0.9,3,chronological,240,60,102,0.19193029403686523,ad4c2abc31c8,dfb96670a964,within_subject,0.3.0.dev0,2026-09-10T20:15:04
Miller2019-faces_basic,jt,faceshouses,LogBandPower + LDA,balanced_accuracy,0.8891402714932126,3,chronological,240,60,102,0.19193029403686523,ad4c2abc31c8,dfb96670a964,within_subject,0.3.0.dev0,2026-09-10T20:15:04
Miller2019-faces_basic,jt,faceshouses,LogBandPower + LogReg,kappa,0.8263888888888888,3,chronological,240,60,102,0.16973328590393066,688f919f3ab0,dfb96670a964,within_subject,0.3.0.dev0,2026-09-10T20:15:04
Miller2019-faces_basic,jt,faceshouses,LogBandPower + LogReg,accuracy,0.9166666666666666,3,chronological,240,60,102,0.16973328590393066,688f919f3ab0,dfb96670a964,within_subject,0.3.0.dev0,2026-09-10T20:15:04
Miller2019-faces_basic,jt,faceshouses,LogBandPower + LogReg,balanced_accuracy,0.9038461538461539,3,chronological,240,60,102,0.16973328590393066,688f919f3ab0,dfb96670a964,within_subject,0.3.0.dev0,2026-09-10T20:15:04
Miller2019-faces_basic,jt,faceshouses,Riemann TS + LogReg,kappa,0.1847826086956521,3,chronological,240,60,102,7.725273132324219,b4736e60e22e,dfb96670a964,within_subject,0.3.0.dev0,2026-09-10T20:15:04
Miller2019-faces_basic,jt,faceshouses,Riemann TS + LogReg,accuracy,0.5833333333333334,3,chronological,240,60,102,7.725273132324219,b4736e60e22e,dfb96670a964,within_subject,0.3.0.dev0,2026-09-10T20:15:04
Miller2019-faces_basic,jt,faceshouses,Riemann TS + LogReg,balanced_accuracy,0.5961538461538461,3,chronological,240,60,102,7.725273132324219,b4736e60e22e,dfb96670a964,within_subject,0.3.0.dev0,2026-09-10T20:15:04
Miller2019-faces_basic,jt,faceshouses,HighGamma + LDA,kappa,0.6017699115044248,4,chronological,240,60,102,0.16786623001098633,f0ad027786a9,dfb96670a964,within_subject,0.3.0.dev0,2026-09-10T20:15:04
Miller2019-faces_basic,jt,faceshouses,HighGamma + LDA,accuracy,0.8,4,chronological,240,60,102,0.16786623001098633,f0ad027786a9,dfb96670a964,within_subject,0.3.0.dev0,2026-09-10T20:15:04
Miller2019-faces_basic,jt,faceshouses,HighGamma + LDA,balanced_accuracy,0.8035714285714286,4,chronological,240,60,102,0.16786623001098633,f0ad027786a9,dfb96670a964,within_subject,0.3.0.dev0,2026-09-10T20:15:04
Miller2019-faces_basic,jt,faceshouses,LogBandPower + LDA,kappa,0.6292134831460674,4,chronological,240,60,102,0.19227385520935059,ad4c2abc31c8,dfb96670a964,within_subject,0.3.0.dev0,2026-09-10T20:15:04
Miller2019-faces_basic,jt,faceshouses,LogBandPower + LDA,accuracy,0.8166666666666667,4,chronological,240,60,102,0.19227385520935059,ad4c2abc31c8,dfb96670a964,within_subject,0.3.0.dev0,2026-09-10T20:15:04
Miller2019-faces_basic,jt,faceshouses,LogBandPower + LDA,balanced_accuracy,0.8125,4,chronological,240,60,102,0.19227385520935059,ad4c2abc31c8,dfb96670a964,within_subject,0.3.0.dev0,2026-09-10T20:15:04
Miller2019-faces_basic,jt,faceshouses,LogBandPower + LogReg,kappa,0.563758389261745,4,chronological,240,60,102,0.17018914222717285,688f919f3ab0,dfb96670a964,within_subject,0.3.0.dev0,2026-09-10T20:15:04
Miller2019-faces_basic,jt,faceshouses,LogBandPower + LogReg,accuracy,0.7833333333333333,4,chronological,240,60,102,0.17018914222717285,688f919f3ab0,dfb96670a964,within_subject,0.3.0.dev0,2026-09-10T20:15:04
Miller2019-faces_basic,jt,faceshouses,LogBandPower + LogReg,balanced_accuracy,0.78125,4,chronological,240,60,102,0.17018914222717285,688f919f3ab0,dfb96670a964,within_subject,0.3.0.dev0,2026-09-10T20:15:04
Miller2019-faces_basic,jt,faceshouses,Riemann TS + LogReg,kappa,0.12556053811659196,4,chronological,240,60,102,9.567503929138184,b4736e60e22e,dfb96670a964,within_subject,0.3.0.dev0,2026-09-10T20:15:04
Miller2019-faces_basic,jt,faceshouses,Riemann TS + LogReg,accuracy,0.5666666666666667,4,chronological,240,60,102,9.567503929138184,b4736e60e22e,dfb96670a964,within_subject,0.3.0.dev0,2026-09-10T20:15:04
Miller2019-faces_basic,jt,faceshouses,Riemann TS + LogReg,balanced_accuracy,0.5625,4,chronological,240,60,102,9.567503929138184,b4736e60e22e,dfb96670a964,within_subject,0.3.0.dev0,2026-09-10T20:15:04
Miller2019-faces_basic,mv,faceshouses,HighGamma + LDA,kappa,0.8333333333333334,0,chronological,240,60,58,0.10959482192993164,f0ad027786a9,dfb96670a964,within_subject,0.3.0.dev0,2026-09-10T20:15:14
Miller2019-faces_basic,mv,faceshouses,HighGamma + LDA,accuracy,0.9166666666666666,0,chronological,240,60,58,0.10959482192993164,f0ad027786a9,dfb96670a964,within_subject,0.3.0.dev0,2026-09-10T20:15:14
Miller2019-faces_basic,mv,faceshouses,HighGamma + LDA,balanced_accuracy,0.9166666666666667,0,chronological,240,60,58,0.10959482192993164,f0ad027786a9,dfb96670a964,within_subject,0.3.0.dev0,2026-09-10T20:15:14
Miller2019-faces_basic,mv,faceshouses,LogBandPower + LDA,kappa,0.9,0,chronological,240,60,58,0.10914206504821777,ad4c2abc31c8,dfb96670a964,within_subject,0.3.0.dev0,2026-09-10T20:15:14
Miller2019-faces_basic,mv,faceshouses,LogBandPower + LDA,accuracy,0.95,0,chronological,240,60,58,0.10914206504821777,ad4c2abc31c8,dfb96670a964,within_subject,0.3.0.dev0,2026-09-10T20:15:14
Miller2019-faces_basic,mv,faceshouses,LogBandPower + LDA,balanced_accuracy,0.95,0,chronological,240,60,58,0.10914206504821777,ad4c2abc31c8,dfb96670a964,within_subject,0.3.0.dev0,2026-09-10T20:15:14
Miller2019-faces_basic,mv,faceshouses,LogBandPower + LogReg,kappa,0.9,0,chronological,240,60,58,0.10372209548950195,688f919f3ab0,dfb96670a964,within_subject,0.3.0.dev0,2026-09-10T20:15:14
Miller2019-faces_basic,mv,faceshouses,LogBandPower + LogReg,accuracy,0.95,0,chronological,240,60,58,0.10372209548950195,688f919f3ab0,dfb96670a964,within_subject,0.3.0.dev0,2026-09-10T20:15:14
Miller2019-faces_basic,mv,faceshouses,LogBandPower + LogReg,balanced_accuracy,0.95,0,chronological,240,60,58,0.10372209548950195,688f919f3ab0,dfb96670a964,within_subject,0.3.0.dev0,2026-09-10T20:15:14
Miller2019-faces_basic,mv,faceshouses,Riemann TS + LogReg,kappa,0.9,0,chronological,240,60,58,1.4642219543457031,b4736e60e22e,dfb96670a964,within_subject,0.3.0.dev0,2026-09-10T20:15:14
Miller2019-faces_basic,mv,faceshouses,Riemann TS + LogReg,accuracy,0.95,0,chronological,240,60,58,1.4642219543457031,b4736e60e22e,dfb96670a964,within_subject,0.3.0.dev0,2026-09-10T20:15:14
Miller2019-faces_basic,mv,faceshouses,Riemann TS + LogReg,balanced_accuracy,0.95,0,chronological,240,60,58,1.4642219543457031,b4736e60e22e,dfb96670a964,within_subject,0.3.0.dev0,2026-09-10T20:15:14
Miller2019-faces_basic,mv,faceshouses,HighGamma + LDA,kappa,0.8666666666666667,1,chronological,240,60,58,0.09572291374206543,f0ad027786a9,dfb96670a964,within_subject,0.3.0.dev0,2026-09-10T20:15:14
Miller2019-faces_basic,mv,faceshouses,HighGamma + LDA,accuracy,0.9333333333333333,1,chronological,240,60,58,0.09572291374206543,f0ad027786a9,dfb96670a964,within_subject,0.3.0.dev0,2026-09-10T20:15:14
Miller2019-faces_basic,mv,faceshouses,HighGamma + LDA,balanced_accuracy,0.9333333333333333,1,chronological,240,60,58,0.09572291374206543,f0ad027786a9,dfb96670a964,within_subject,0.3.0.dev0,2026-09-10T20:15:14
Miller2019-faces_basic,mv,faceshouses,LogBandPower + LDA,kappa,0.9666666666666667,1,chronological,240,60,58,0.10401487350463867,ad4c2abc31c8,dfb96670a964,within_subject,0.3.0.dev0,2026-09-10T20:15:14
Miller2019-faces_basic,mv,faceshouses,LogBandPower + LDA,accuracy,0.9833333333333333,1,chronological,240,60,58,0.10401487350463867,ad4c2abc31c8,dfb96670a964,within_subject,0.3.0.dev0,2026-09-10T20:15:14
Miller2019-faces_basic,mv,faceshouses,LogBandPower + LDA,balanced_accuracy,0.9833333333333334,1,chronological,240,60,58,0.10401487350463867,ad4c2abc31c8,dfb96670a964,within_subject,0.3.0.dev0,2026-09-10T20:15:14
Miller2019-faces_basic,mv,faceshouses,LogBandPower + LogReg,kappa,1.0,1,chronological,240,60,58,0.09795403480529785,688f919f3ab0,dfb96670a964,within_subject,0.3.0.dev0,2026-09-10T20:15:14
Miller2019-faces_basic,mv,faceshouses,LogBandPower + LogReg,accuracy,1.0,1,chronological,240,60,58,0.09795403480529785,688f919f3ab0,dfb96670a964,within_subject,0.3.0.dev0,2026-09-10T20:15:14
Miller2019-faces_basic,mv,faceshouses,LogBandPower + LogReg,balanced_accuracy,1.0,1,chronological,240,60,58,0.09795403480529785,688f919f3ab0,dfb96670a964,within_subject,0.3.0.dev0,2026-09-10T20:15:14
Miller2019-faces_basic,mv,faceshouses,Riemann TS + LogReg,kappa,0.9,1,chronological,240,60,58,1.4741580486297607,b4736e60e22e,dfb96670a964,within_subject,0.3.0.dev0,2026-09-10T20:15:14
Miller2019-faces_basic,mv,faceshouses,Riemann TS + LogReg,accuracy,0.95,1,chronological,240,60,58,1.4741580486297607,b4736e60e22e,dfb96670a964,within_subject,0.3.0.dev0,2026-09-10T20:15:14
Miller2019-faces_basic,mv,faceshouses,Riemann TS + LogReg,balanced_accuracy,0.95,1,chronological,240,60,58,1.4741580486297607,b4736e60e22e,dfb96670a964,within_subject,0.3.0.dev0,2026-09-10T20:15:14
Miller2019-faces_basic,mv,faceshouses,HighGamma + LDA,kappa,0.6621621621621622,2,chronological,240,60,58,0.09758114814758301,f0ad027786a9,dfb96670a964,within_subject,0.3.0.dev0,2026-09-10T20:15:14
Miller2019-faces_basic,mv,faceshouses,HighGamma + LDA,accuracy,0.8333333333333334,2,chronological,240,60,58,0.09758114814758301,f0ad027786a9,dfb96670a964,within_subject,0.3.0.dev0,2026-09-10T20:15:14
Miller2019-faces_basic,mv,faceshouses,HighGamma + LDA,balanced_accuracy,0.828125,2,chronological,240,60,58,0.09758114814758301,f0ad027786a9,dfb96670a964,within_subject,0.3.0.dev0,2026-09-10T20:15:14
Miller2019-faces_basic,mv,faceshouses,LogBandPower + LDA,kappa,0.9665924276169265,2,chronological,240,60,58,0.10475873947143555,ad4c2abc31c8,dfb96670a964,within_subject,0.3.0.dev0,2026-09-10T20:15:14
Miller2019-faces_basic,mv,faceshouses,LogBandPower + LDA,accuracy,0.9833333333333333,2,chronological,240,60,58,0.10475873947143555,ad4c2abc31c8,dfb96670a964,within_subject,0.3.0.dev0,2026-09-10T20:15:14
Miller2019-faces_basic,mv,faceshouses,LogBandPower + LDA,balanced_accuracy,0.984375,2,chronological,240,60,58,0.10475873947143555,ad4c2abc31c8,dfb96670a964,within_subject,0.3.0.dev0,2026-09-10T20:15:14
Miller2019-faces_basic,mv,faceshouses,LogBandPower + LogReg,kappa,0.9333333333333333,2,chronological,240,60,58,0.09856915473937988,688f919f3ab0,dfb96670a964,within_subject,0.3.0.dev0,2026-09-10T20:15:14
Miller2019-faces_basic,mv,faceshouses,LogBandPower + LogReg,accuracy,0.9666666666666667,2,chronological,240,60,58,0.09856915473937988,688f919f3ab0,dfb96670a964,within_subject,0.3.0.dev0,2026-09-10T20:15:14
Miller2019-faces_basic,mv,faceshouses,LogBandPower + LogReg,balanced_accuracy,0.96875,2,chronological,240,60,58,0.09856915473937988,688f919f3ab0,dfb96670a964,within_subject,0.3.0.dev0,2026-09-10T20:15:14
Miller2019-faces_basic,mv,faceshouses,Riemann TS + LogReg,kappa,0.8666666666666667,2,chronological,240,60,58,1.4669840335845947,b4736e60e22e,dfb96670a964,within_subject,0.3.0.dev0,2026-09-10T20:15:14
Miller2019-faces_basic,mv,faceshouses,Riemann TS + LogReg,accuracy,0.9333333333333333,2,chronological,240,60,58,1.4669840335845947,b4736e60e22e,dfb96670a964,within_subject,0.3.0.dev0,2026-09-10T20:15:14
Miller2019-faces_basic,mv,faceshouses,Riemann TS + LogReg,balanced_accuracy,0.9352678571428572,2,chronological,240,60,58,1.4669840335845947,b4736e60e22e,dfb96670a964,within_subject,0.3.0.dev0,2026-09-10T20:15:14
Miller2019-faces_basic,mv,faceshouses,HighGamma + LDA,kappa,0.765625,3,chronological,240,60,58,0.09715890884399414,f0ad027786a9,dfb96670a964,within_subject,0.3.0.dev0,2026-09-10T20:15:14
Miller2019-faces_basic,mv,faceshouses,HighGamma + LDA,accuracy,0.8833333333333333,3,chronological,240,60,58,0.09715890884399414,f0ad027786a9,dfb96670a964,within_subject,0.3.0.dev0,2026-09-10T20:15:14
Miller2019-faces_basic,mv,faceshouses,HighGamma + LDA,balanced_accuracy,0.8880090497737556,3,chronological,240,60,58,0.09715890884399414,f0ad027786a9,dfb96670a964,within_subject,0.3.0.dev0,2026-09-10T20:15:14
Miller2019-faces_basic,mv,faceshouses,LogBandPower + LDA,kappa,0.9659090909090909,3,chronological,240,60,58,0.10573697090148926,ad4c2abc31c8,dfb96670a964,within_subject,0.3.0.dev0,2026-09-10T20:15:14
Miller2019-faces_basic,mv,faceshouses,LogBandPower + LDA,accuracy,0.9833333333333333,3,chronological,240,60,58,0.10573697090148926,ad4c2abc31c8,dfb96670a964,within_subject,0.3.0.dev0,2026-09-10T20:15:14
Miller2019-faces_basic,mv,faceshouses,LogBandPower + LDA,balanced_accuracy,0.9807692307692308,3,chronological,240,60,58,0.10573697090148926,ad4c2abc31c8,dfb96670a964,within_subject,0.3.0.dev0,2026-09-10T20:15:14
Miller2019-faces_basic,mv,faceshouses,LogBandPower + LogReg,kappa,0.9315068493150684,3,chronological,240,60,58,0.09945893287658691,688f919f3ab0,dfb96670a964,within_subject,0.3.0.dev0,2026-09-10T20:15:14
Miller2019-faces_basic,mv,faceshouses,LogBandPower + LogReg,accuracy,0.9666666666666667,3,chronological,240,60,58,0.09945893287658691,688f919f3ab0,dfb96670a964,within_subject,0.3.0.dev0,2026-09-10T20:15:14
Miller2019-faces_basic,mv,faceshouses,LogBandPower + LogReg,balanced_accuracy,0.9615384615384616,3,chronological,240,60,58,0.09945893287658691,688f919f3ab0,dfb96670a964,within_subject,0.3.0.dev0,2026-09-10T20:15:14
Miller2019-faces_basic,mv,faceshouses,Riemann TS + LogReg,kappa,0.9321266968325792,3,chronological,240,60,58,1.4722809791564941,b4736e60e22e,dfb96670a964,within_subject,0.3.0.dev0,2026-09-10T20:15:14
Miller2019-faces_basic,mv,faceshouses,Riemann TS + LogReg,accuracy,0.9666666666666667,3,chronological,240,60,58,1.4722809791564941,b4736e60e22e,dfb96670a964,within_subject,0.3.0.dev0,2026-09-10T20:15:14
Miller2019-faces_basic,mv,faceshouses,Riemann TS + LogReg,balanced_accuracy,0.9660633484162896,3,chronological,240,60,58,1.4722809791564941,b4736e60e22e,dfb96670a964,within_subject,0.3.0.dev0,2026-09-10T20:15:14
Miller2019-faces_basic,mv,faceshouses,HighGamma + LDA,kappa,0.7982062780269058,4,chronological,240,60,58,0.10192394256591797,f0ad027786a9,dfb96670a964,within_subject,0.3.0.dev0,2026-09-10T20:15:14
Miller2019-faces_basic,mv,faceshouses,HighGamma + LDA,accuracy,0.9,4,chronological,240,60,58,0.10192394256591797,f0ad027786a9,dfb96670a964,within_subject,0.3.0.dev0,2026-09-10T20:15:14
Miller2019-faces_basic,mv,faceshouses,HighGamma + LDA,balanced_accuracy,0.8973214285714286,4,chronological,240,60,58,0.10192394256591797,f0ad027786a9,dfb96670a964,within_subject,0.3.0.dev0,2026-09-10T20:15:14
Miller2019-faces_basic,mv,faceshouses,LogBandPower + LDA,kappa,0.7963800904977376,4,chronological,240,60,58,0.10942888259887695,ad4c2abc31c8,dfb96670a964,within_subject,0.3.0.dev0,2026-09-10T20:15:14
Miller2019-faces_basic,mv,faceshouses,LogBandPower + LDA,accuracy,0.9,4,chronological,240,60,58,0.10942888259887695,ad4c2abc31c8,dfb96670a964,within_subject,0.3.0.dev0,2026-09-10T20:15:14
Miller2019-faces_basic,mv,faceshouses,LogBandPower + LDA,balanced_accuracy,0.8928571428571428,4,chronological,240,60,58,0.10942888259887695,ad4c2abc31c8,dfb96670a964,within_subject,0.3.0.dev0,2026-09-10T20:15:14
Miller2019-faces_basic,mv,faceshouses,LogBandPower + LogReg,kappa,0.7272727272727273,4,chronological,240,60,58,0.11109209060668945,688f919f3ab0,dfb96670a964,within_subject,0.3.0.dev0,2026-09-10T20:15:14
Miller2019-faces_basic,mv,faceshouses,LogBandPower + LogReg,accuracy,0.8666666666666667,4,chronological,240,60,58,0.11109209060668945,688f919f3ab0,dfb96670a964,within_subject,0.3.0.dev0,2026-09-10T20:15:14
Miller2019-faces_basic,mv,faceshouses,LogBandPower + LogReg,balanced_accuracy,0.8571428571428572,4,chronological,240,60,58,0.11109209060668945,688f919f3ab0,dfb96670a964,within_subject,0.3.0.dev0,2026-09-10T20:15:14
Miller2019-faces_basic,mv,faceshouses,Riemann TS + LogReg,kappa,0.6952595936794582,4,chronological,240,60,58,1.600658893585205,b4736e60e22e,dfb96670a964,within_subject,0.3.0.dev0,2026-09-10T20:15:14
Miller2019-faces_basic,mv,faceshouses,Riemann TS + LogReg,accuracy,0.85,4,chronological,240,60,58,1.600658893585205,b4736e60e22e,dfb96670a964,within_subject,0.3.0.dev0,2026-09-10T20:15:14
Miller2019-faces_basic,mv,faceshouses,Riemann TS + LogReg,balanced_accuracy,0.84375,4,chronological,240,60,58,1.600658893585205,b4736e60e22e,dfb96670a964,within_subject,0.3.0.dev0,2026-09-10T20:15:14
Miller2019-faces_basic,rn,faceshouses,HighGamma + LDA,kappa,0.6,0,chronological,240,60,42,0.09006810188293457,f0ad027786a9,dfb96670a964,within_subject,0.3.0.dev0,2026-09-10T20:15:21
Miller2019-faces_basic,rn,faceshouses,HighGamma + LDA,accuracy,0.8,0,chronological,240,60,42,0.09006810188293457,f0ad027786a9,dfb96670a964,within_subject,0.3.0.dev0,2026-09-10T20:15:21
Miller2019-faces_basic,rn,faceshouses,HighGamma + LDA,balanced_accuracy,0.8,0,chronological,240,60,42,0.09006810188293457,f0ad027786a9,dfb96670a964,within_subject,0.3.0.dev0,2026-09-10T20:15:21
Miller2019-faces_basic,rn,faceshouses,LogBandPower + LDA,kappa,0.5333333333333333,0,chronological,240,60,42,0.09349989891052246,ad4c2abc31c8,dfb96670a964,within_subject,0.3.0.dev0,2026-09-10T20:15:21
Miller2019-faces_basic,rn,faceshouses,LogBandPower + LDA,accuracy,0.7666666666666667,0,chronological,240,60,42,0.09349989891052246,ad4c2abc31c8,dfb96670a964,within_subject,0.3.0.dev0,2026-09-10T20:15:21
Miller2019-faces_basic,rn,faceshouses,LogBandPower + LDA,balanced_accuracy,0.7666666666666666,0,chronological,240,60,42,0.09349989891052246,ad4c2abc31c8,dfb96670a964,within_subject,0.3.0.dev0,2026-09-10T20:15:21
Miller2019-faces_basic,rn,faceshouses,LogBandPower + LogReg,kappa,0.4,0,chronological,240,60,42,0.08171391487121582,688f919f3ab0,dfb96670a964,within_subject,0.3.0.dev0,2026-09-10T20:15:21
Miller2019-faces_basic,rn,faceshouses,LogBandPower + LogReg,accuracy,0.7,0,chronological,240,60,42,0.08171391487121582,688f919f3ab0,dfb96670a964,within_subject,0.3.0.dev0,2026-09-10T20:15:21
Miller2019-faces_basic,rn,faceshouses,LogBandPower + LogReg,balanced_accuracy,0.7,0,chronological,240,60,42,0.08171391487121582,688f919f3ab0,dfb96670a964,within_subject,0.3.0.dev0,2026-09-10T20:15:21
Miller2019-faces_basic,rn,faceshouses,Riemann TS + LogReg,kappa,0.6333333333333333,0,chronological,240,60,42,1.0266931056976318,b4736e60e22e,dfb96670a964,within_subject,0.3.0.dev0,2026-09-10T20:15:21
Miller2019-faces_basic,rn,faceshouses,Riemann TS + LogReg,accuracy,0.8166666666666667,0,chronological,240,60,42,1.0266931056976318,b4736e60e22e,dfb96670a964,within_subject,0.3.0.dev0,2026-09-10T20:15:21
Miller2019-faces_basic,rn,faceshouses,Riemann TS + LogReg,balanced_accuracy,0.8166666666666667,0,chronological,240,60,42,1.0266931056976318,b4736e60e22e,dfb96670a964,within_subject,0.3.0.dev0,2026-09-10T20:15:21
Miller2019-faces_basic,rn,faceshouses,HighGamma + LDA,kappa,0.4,1,chronological,240,60,42,0.09020614624023438,f0ad027786a9,dfb96670a964,within_subject,0.3.0.dev0,2026-09-10T20:15:21
Miller2019-faces_basic,rn,faceshouses,HighGamma + LDA,accuracy,0.7,1,chronological,240,60,42,0.09020614624023438,f0ad027786a9,dfb96670a964,within_subject,0.3.0.dev0,2026-09-10T20:15:21
Miller2019-faces_basic,rn,faceshouses,HighGamma + LDA,balanced_accuracy,0.7,1,chronological,240,60,42,0.09020614624023438,f0ad027786a9,dfb96670a964,within_subject,0.3.0.dev0,2026-09-10T20:15:21
Miller2019-faces_basic,rn,faceshouses,LogBandPower + LDA,kappa,0.5,1,chronological,240,60,42,0.09038496017456055,ad4c2abc31c8,dfb96670a964,within_subject,0.3.0.dev0,2026-09-10T20:15:21
Miller2019-faces_basic,rn,faceshouses,LogBandPower + LDA,accuracy,0.75,1,chronological,240,60,42,0.09038496017456055,ad4c2abc31c8,dfb96670a964,within_subject,0.3.0.dev0,2026-09-10T20:15:21
Miller2019-faces_basic,rn,faceshouses,LogBandPower + LDA,balanced_accuracy,0.75,1,chronological,240,60,42,0.09038496017456055,ad4c2abc31c8,dfb96670a964,within_subject,0.3.0.dev0,2026-09-10T20:15:21
Miller2019-faces_basic,rn,faceshouses,LogBandPower + LogReg,kappa,0.3666666666666667,1,chronological,240,60,42,0.08481907844543457,688f919f3ab0,dfb96670a964,within_subject,0.3.0.dev0,2026-09-10T20:15:21
Miller2019-faces_basic,rn,faceshouses,LogBandPower + LogReg,accuracy,0.6833333333333333,1,chronological,240,60,42,0.08481907844543457,688f919f3ab0,dfb96670a964,within_subject,0.3.0.dev0,2026-09-10T20:15:21
Miller2019-faces_basic,rn,faceshouses,LogBandPower + LogReg,balanced_accuracy,0.6833333333333333,1,chronological,240,60,42,0.08481907844543457,688f919f3ab0,dfb96670a964,within_subject,0.3.0.dev0,2026-09-10T20:15:21
Miller2019-faces_basic,rn,faceshouses,Riemann TS + LogReg,kappa,0.43333333333333335,1,chronological,240,60,42,0.941673994064331,b4736e60e22e,dfb96670a964,within_subject,0.3.0.dev0,2026-09-10T20:15:21
Miller2019-faces_basic,rn,faceshouses,Riemann TS + LogReg,accuracy,0.7166666666666667,1,chronological,240,60,42,0.941673994064331,b4736e60e22e,dfb96670a964,within_subject,0.3.0.dev0,2026-09-10T20:15:21
Miller2019-faces_basic,rn,faceshouses,Riemann TS + LogReg,balanced_accuracy,0.7166666666666667,1,chronological,240,60,42,0.941673994064331,b4736e60e22e,dfb96670a964,within_subject,0.3.0.dev0,2026-09-10T20:15:21
Miller2019-faces_basic,rn,faceshouses,HighGamma + LDA,kappa,0.7006651884700665,2,chronological,240,60,42,0.0825798511505127,f0ad027786a9,dfb96670a964,within_subject,0.3.0.dev0,2026-09-10T20:15:21
Miller2019-faces_basic,rn,faceshouses,HighGamma + LDA,accuracy,0.85,2,chronological,240,60,42,0.0825798511505127,f0ad027786a9,dfb96670a964,within_subject,0.3.0.dev0,2026-09-10T20:15:21
Miller2019-faces_basic,rn,faceshouses,HighGamma + LDA,balanced_accuracy,0.8526785714285714,2,chronological,240,60,42,0.0825798511505127,f0ad027786a9,dfb96670a964,within_subject,0.3.0.dev0,2026-09-10T20:15:21
Miller2019-faces_basic,rn,faceshouses,LogBandPower + LDA,kappa,0.7982062780269058,2,chronological,240,60,42,0.10085105895996094,ad4c2abc31c8,dfb96670a964,within_subject,0.3.0.dev0,2026-09-10T20:15:21
Miller2019-faces_basic,rn,faceshouses,LogBandPower + LDA,accuracy,0.9,2,chronological,240,60,42,0.10085105895996094,ad4c2abc31c8,dfb96670a964,within_subject,0.3.0.dev0,2026-09-10T20:15:21
Miller2019-faces_basic,rn,faceshouses,LogBandPower + LDA,balanced_accuracy,0.8973214285714286,2,chronological,240,60,42,0.10085105895996094,ad4c2abc31c8,dfb96670a964,within_subject,0.3.0.dev0,2026-09-10T20:15:21
Miller2019-faces_basic,rn,faceshouses,LogBandPower + LogReg,kappa,0.7991071428571428,2,chronological,240,60,42,0.08336400985717773,688f919f3ab0,dfb96670a964,within_subject,0.3.0.dev0,2026-09-10T20:15:21
Miller2019-faces_basic,rn,faceshouses,LogBandPower + LogReg,accuracy,0.9,2,chronological,240,60,42,0.08336400985717773,688f919f3ab0,dfb96670a964,within_subject,0.3.0.dev0,2026-09-10T20:15:21
Miller2019-faces_basic,rn,faceshouses,LogBandPower + LogReg,balanced_accuracy,0.8995535714285714,2,chronological,240,60,42,0.08336400985717773,688f919f3ab0,dfb96670a964,within_subject,0.3.0.dev0,2026-09-10T20:15:21
Miller2019-faces_basic,rn,faceshouses,Riemann TS + LogReg,kappa,0.8997772828507795,2,chronological,240,60,42,1.00095796585083,b4736e60e22e,dfb96670a964,within_subject,0.3.0.dev0,2026-09-10T20:15:21
Miller2019-faces_basic,rn,faceshouses,Riemann TS + LogReg,accuracy,0.95,2,chronological,240,60,42,1.00095796585083,b4736e60e22e,dfb96670a964,within_subject,0.3.0.dev0,2026-09-10T20:15:21
Miller2019-faces_basic,rn,faceshouses,Riemann TS + LogReg,balanced_accuracy,0.9508928571428572,2,chronological,240,60,42,1.00095796585083,b4736e60e22e,dfb96670a964,within_subject,0.3.0.dev0,2026-09-10T20:15:21
Miller2019-faces_basic,rn,faceshouses,HighGamma + LDA,kappa,0.4839449541284404,3,chronological,240,60,42,0.08395981788635254,f0ad027786a9,dfb96670a964,within_subject,0.3.0.dev0,2026-09-10T20:15:21
Miller2019-faces_basic,rn,faceshouses,HighGamma + LDA,accuracy,0.75,3,chronological,240,60,42,0.08395981788635254,f0ad027786a9,dfb96670a964,within_subject,0.3.0.dev0,2026-09-10T20:15:21
Miller2019-faces_basic,rn,faceshouses,HighGamma + LDA,balanced_accuracy,0.7386877828054299,3,chronological,240,60,42,0.08395981788635254,f0ad027786a9,dfb96670a964,within_subject,0.3.0.dev0,2026-09-10T20:15:21
Miller2019-faces_basic,rn,faceshouses,LogBandPower + LDA,kappa,0.4932432432432433,3,chronological,240,60,42,0.08706474304199219,ad4c2abc31c8,dfb96670a964,within_subject,0.3.0.dev0,2026-09-10T20:15:21
Miller2019-faces_basic,rn,faceshouses,LogBandPower + LDA,accuracy,0.75,3,chronological,240,60,42,0.08706474304199219,ad4c2abc31c8,dfb96670a964,within_subject,0.3.0.dev0,2026-09-10T20:15:21
Miller2019-faces_basic,rn,faceshouses,LogBandPower + LDA,balanced_accuracy,0.747737556561086,3,chronological,240,60,42,0.08706474304199219,ad4c2abc31c8,dfb96670a964,within_subject,0.3.0.dev0,2026-09-10T20:15:21
Miller2019-faces_basic,rn,faceshouses,LogBandPower + LogReg,kappa,0.4204545454545454,3,chronological,240,60,42,0.08698272705078125,688f919f3ab0,dfb96670a964,within_subject,0.3.0.dev0,2026-09-10T20:15:21
Miller2019-faces_basic,rn,faceshouses,LogBandPower + LogReg,accuracy,0.7166666666666667,3,chronological,240,60,42,0.08698272705078125,688f919f3ab0,dfb96670a964,within_subject,0.3.0.dev0,2026-09-10T20:15:21
Miller2019-faces_basic,rn,faceshouses,LogBandPower + LogReg,balanced_accuracy,0.7092760180995474,3,chronological,240,60,42,0.08698272705078125,688f919f3ab0,dfb96670a964,within_subject,0.3.0.dev0,2026-09-10T20:15:21
Miller2019-faces_basic,rn,faceshouses,Riemann TS + LogReg,kappa,0.5333333333333333,3,chronological,240,60,42,0.9680397510528564,b4736e60e22e,dfb96670a964,within_subject,0.3.0.dev0,2026-09-10T20:15:21
Miller2019-faces_basic,rn,faceshouses,Riemann TS + LogReg,accuracy,0.7666666666666667,3,chronological,240,60,42,0.9680397510528564,b4736e60e22e,dfb96670a964,within_subject,0.3.0.dev0,2026-09-10T20:15:21
Miller2019-faces_basic,rn,faceshouses,Riemann TS + LogReg,balanced_accuracy,0.7714932126696833,3,chronological,240,60,42,0.9680397510528564,b4736e60e22e,dfb96670a964,within_subject,0.3.0.dev0,2026-09-10T20:15:21
Miller2019-faces_basic,rn,faceshouses,HighGamma + LDA,kappa,0.4736842105263158,4,chronological,240,60,42,0.08175921440124512,f0ad027786a9,dfb96670a964,within_subject,0.3.0.dev0,2026-09-10T20:15:21
Miller2019-faces_basic,rn,faceshouses,HighGamma + LDA,accuracy,0.7333333333333333,4,chronological,240,60,42,0.08175921440124512,f0ad027786a9,dfb96670a964,within_subject,0.3.0.dev0,2026-09-10T20:15:21
Miller2019-faces_basic,rn,faceshouses,HighGamma + LDA,balanced_accuracy,0.7410714285714286,4,chronological,240,60,42,0.08175921440124512,f0ad027786a9,dfb96670a964,within_subject,0.3.0.dev0,2026-09-10T20:15:21
Miller2019-faces_basic,rn,faceshouses,LogBandPower + LDA,kappa,0.5964125560538116,4,chronological,240,60,42,0.0974569320678711,ad4c2abc31c8,dfb96670a964,within_subject,0.3.0.dev0,2026-09-10T20:15:21
Miller2019-faces_basic,rn,faceshouses,LogBandPower + LDA,accuracy,0.8,4,chronological,240,60,42,0.0974569320678711,ad4c2abc31c8,dfb96670a964,within_subject,0.3.0.dev0,2026-09-10T20:15:21
Miller2019-faces_basic,rn,faceshouses,LogBandPower + LDA,balanced_accuracy,0.796875,4,chronological,240,60,42,0.0974569320678711,ad4c2abc31c8,dfb96670a964,within_subject,0.3.0.dev0,2026-09-10T20:15:21
Miller2019-faces_basic,rn,faceshouses,LogBandPower + LogReg,kappa,0.527027027027027,4,chronological,240,60,42,0.08825802803039551,688f919f3ab0,dfb96670a964,within_subject,0.3.0.dev0,2026-09-10T20:15:21
Miller2019-faces_basic,rn,faceshouses,LogBandPower + LogReg,accuracy,0.7666666666666667,4,chronological,240,60,42,0.08825802803039551,688f919f3ab0,dfb96670a964,within_subject,0.3.0.dev0,2026-09-10T20:15:21
Miller2019-faces_basic,rn,faceshouses,LogBandPower + LogReg,balanced_accuracy,0.7611607142857143,4,chronological,240,60,42,0.08825802803039551,688f919f3ab0,dfb96670a964,within_subject,0.3.0.dev0,2026-09-10T20:15:21
Miller2019-faces_basic,rn,faceshouses,Riemann TS + LogReg,kappa,0.697986577181208,4,chronological,240,60,42,1.0146527290344238,b4736e60e22e,dfb96670a964,within_subject,0.3.0.dev0,2026-09-10T20:15:21
Miller2019-faces_basic,rn,faceshouses,Riemann TS + LogReg,accuracy,0.85,4,chronological,240,60,42,1.0146527290344238,b4736e60e22e,dfb96670a964,within_subject,0.3.0.dev0,2026-09-10T20:15:21
Miller2019-faces_basic,rn,faceshouses,Riemann TS + LogReg,balanced_accuracy,0.8482142857142857,4,chronological,240,60,42,1.0146527290344238,b4736e60e22e,dfb96670a964,within_subject,0.3.0.dev0,2026-09-10T20:15:21
Miller2019-faces_basic,rr,faceshouses,HighGamma + LDA,kappa,0.23809523809523814,0,chronological,160,40,40,0.04990220069885254,f0ad027786a9,dfb96670a964,within_subject,0.3.0.dev0,2026-09-10T20:15:26
Miller2019-faces_basic,rr,faceshouses,HighGamma + LDA,accuracy,0.6,0,chronological,160,40,40,0.04990220069885254,f0ad027786a9,dfb96670a964,within_subject,0.3.0.dev0,2026-09-10T20:15:26
Miller2019-faces_basic,rr,faceshouses,HighGamma + LDA,balanced_accuracy,0.6262626262626263,0,chronological,160,40,40,0.04990220069885254,f0ad027786a9,dfb96670a964,within_subject,0.3.0.dev0,2026-09-10T20:15:26
Miller2019-faces_basic,rr,faceshouses,LogBandPower + LDA,kappa,0.5566502463054188,0,chronological,160,40,40,0.05788397789001465,ad4c2abc31c8,dfb96670a964,within_subject,0.3.0.dev0,2026-09-10T20:15:26
Miller2019-faces_basic,rr,faceshouses,LogBandPower + LDA,accuracy,0.775,0,chronological,160,40,40,0.05788397789001465,ad4c2abc31c8,dfb96670a964,within_subject,0.3.0.dev0,2026-09-10T20:15:26
Miller2019-faces_basic,rr,faceshouses,LogBandPower + LDA,balanced_accuracy,0.7853535353535352,0,chronological,160,40,40,0.05788397789001465,ad4c2abc31c8,dfb96670a964,within_subject,0.3.0.dev0,2026-09-10T20:15:26
Miller2019-faces_basic,rr,faceshouses,LogBandPower + LogReg,kappa,0.5566502463054188,0,chronological,160,40,40,0.05811715126037598,688f919f3ab0,dfb96670a964,within_subject,0.3.0.dev0,2026-09-10T20:15:26
Miller2019-faces_basic,rr,faceshouses,LogBandPower + LogReg,accuracy,0.775,0,chronological,160,40,40,0.05811715126037598,688f919f3ab0,dfb96670a964,within_subject,0.3.0.dev0,2026-09-10T20:15:26
Miller2019-faces_basic,rr,faceshouses,LogBandPower + LogReg,balanced_accuracy,0.7853535353535352,0,chronological,160,40,40,0.05811715126037598,688f919f3ab0,dfb96670a964,within_subject,0.3.0.dev0,2026-09-10T20:15:26
Miller2019-faces_basic,rr,faceshouses,Riemann TS + LogReg,kappa,0.9,0,chronological,160,40,40,0.5838079452514648,b4736e60e22e,dfb96670a964,within_subject,0.3.0.dev0,2026-09-10T20:15:26
Miller2019-faces_basic,rr,faceshouses,Riemann TS + LogReg,accuracy,0.95,0,chronological,160,40,40,0.5838079452514648,b4736e60e22e,dfb96670a964,within_subject,0.3.0.dev0,2026-09-10T20:15:26
Miller2019-faces_basic,rr,faceshouses,Riemann TS + LogReg,balanced_accuracy,0.9545454545454546,0,chronological,160,40,40,0.5838079452514648,b4736e60e22e,dfb96670a964,within_subject,0.3.0.dev0,2026-09-10T20:15:26
Miller2019-faces_basic,rr,faceshouses,HighGamma + LDA,kappa,0.2990654205607476,1,chronological,160,40,40,0.05015397071838379,f0ad027786a9,dfb96670a964,within_subject,0.3.0.dev0,2026-09-10T20:15:26
Miller2019-faces_basic,rr,faceshouses,HighGamma + LDA,accuracy,0.625,1,chronological,160,40,40,0.05015397071838379,f0ad027786a9,dfb96670a964,within_subject,0.3.0.dev0,2026-09-10T20:15:26
Miller2019-faces_basic,rr,faceshouses,HighGamma + LDA,balanced_accuracy,0.6666666666666666,1,chronological,160,40,40,0.05015397071838379,f0ad027786a9,dfb96670a964,within_subject,0.3.0.dev0,2026-09-10T20:15:26
Miller2019-faces_basic,rr,faceshouses,LogBandPower + LDA,kappa,0.2857142857142857,1,chronological,160,40,40,0.058152198791503906,ad4c2abc31c8,dfb96670a964,within_subject,0.3.0.dev0,2026-09-10T20:15:26
Miller2019-faces_basic,rr,faceshouses,LogBandPower + LDA,accuracy,0.625,1,chronological,160,40,40,0.058152198791503906,ad4c2abc31c8,dfb96670a964,within_subject,0.3.0.dev0,2026-09-10T20:15:26
Miller2019-faces_basic,rr,faceshouses,LogBandPower + LDA,balanced_accuracy,0.65625,1,chronological,160,40,40,0.058152198791503906,ad4c2abc31c8,dfb96670a964,within_subject,0.3.0.dev0,2026-09-10T20:15:26
Miller2019-faces_basic,rr,faceshouses,LogBandPower + LogReg,kappa,0.3689320388349515,1,chronological,160,40,40,0.057936906814575195,688f919f3ab0,dfb96670a964,within_subject,0.3.0.dev0,2026-09-10T20:15:26
Miller2019-faces_basic,rr,faceshouses,LogBandPower + LogReg,accuracy,0.675,1,chronological,160,40,40,0.057936906814575195,688f919f3ab0,dfb96670a964,within_subject,0.3.0.dev0,2026-09-10T20:15:26
Miller2019-faces_basic,rr,faceshouses,LogBandPower + LogReg,balanced_accuracy,0.6979166666666667,1,chronological,160,40,40,0.057936906814575195,688f919f3ab0,dfb96670a964,within_subject,0.3.0.dev0,2026-09-10T20:15:26
Miller2019-faces_basic,rr,faceshouses,Riemann TS + LogReg,kappa,0.845360824742268,1,chronological,160,40,40,0.621347188949585,b4736e60e22e,dfb96670a964,within_subject,0.3.0.dev0,2026-09-10T20:15:26
Miller2019-faces_basic,rr,faceshouses,Riemann TS + LogReg,accuracy,0.925,1,chronological,160,40,40,0.621347188949585,b4736e60e22e,dfb96670a964,within_subject,0.3.0.dev0,2026-09-10T20:15:26
Miller2019-faces_basic,rr,faceshouses,Riemann TS + LogReg,balanced_accuracy,0.9270833333333333,1,chronological,160,40,40,0.621347188949585,b4736e60e22e,dfb96670a964,within_subject,0.3.0.dev0,2026-09-10T20:15:26
Miller2019-faces_basic,rr,faceshouses,HighGamma + LDA,kappa,0.41747572815533984,2,chronological,160,40,40,0.05821084976196289,f0ad027786a9,dfb96670a964,within_subject,0.3.0.dev0,2026-09-10T20:15:26
Miller2019-faces_basic,rr,faceshouses,HighGamma + LDA,accuracy,0.7,2,chronological,160,40,40,0.05821084976196289,f0ad027786a9,dfb96670a964,within_subject,0.3.0.dev0,2026-09-10T20:15:26
Miller2019-faces_basic,rr,faceshouses,HighGamma + LDA,balanced_accuracy,0.7171717171717171,2,chronological,160,40,40,0.05821084976196289,f0ad027786a9,dfb96670a964,within_subject,0.3.0.dev0,2026-09-10T20:15:26
Miller2019-faces_basic,rr,faceshouses,LogBandPower + LDA,kappa,0.21568627450980382,2,chronological,160,40,40,0.05549216270446777,ad4c2abc31c8,dfb96670a964,within_subject,0.3.0.dev0,2026-09-10T20:15:26
Miller2019-faces_basic,rr,faceshouses,LogBandPower + LDA,accuracy,0.6,2,chronological,160,40,40,0.05549216270446777,ad4c2abc31c8,dfb96670a964,within_subject,0.3.0.dev0,2026-09-10T20:15:26
Miller2019-faces_basic,rr,faceshouses,LogBandPower + LDA,balanced_accuracy,0.6111111111111112,2,chronological,160,40,40,0.05549216270446777,ad4c2abc31c8,dfb96670a964,within_subject,0.3.0.dev0,2026-09-10T20:15:26
Miller2019-faces_basic,rr,faceshouses,LogBandPower + LogReg,kappa,0.16256157635467983,2,chronological,160,40,40,0.05836296081542969,688f919f3ab0,dfb96670a964,within_subject,0.3.0.dev0,2026-09-10T20:15:26
Miller2019-faces_basic,rr,faceshouses,LogBandPower + LogReg,accuracy,0.575,2,chronological,160,40,40,0.05836296081542969,688f919f3ab0,dfb96670a964,within_subject,0.3.0.dev0,2026-09-10T20:15:26
Miller2019-faces_basic,rr,faceshouses,LogBandPower + LogReg,balanced_accuracy,0.5833333333333333,2,chronological,160,40,40,0.05836296081542969,688f919f3ab0,dfb96670a964,within_subject,0.3.0.dev0,2026-09-10T20:15:26
Miller2019-faces_basic,rr,faceshouses,Riemann TS + LogReg,kappa,0.898989898989899,2,chronological,160,40,40,0.5599780082702637,b4736e60e22e,dfb96670a964,within_subject,0.3.0.dev0,2026-09-10T20:15:26
Miller2019-faces_basic,rr,faceshouses,Riemann TS + LogReg,accuracy,0.95,2,chronological,160,40,40,0.5599780082702637,b4736e60e22e,dfb96670a964,within_subject,0.3.0.dev0,2026-09-10T20:15:26
Miller2019-faces_basic,rr,faceshouses,Riemann TS + LogReg,balanced_accuracy,0.9494949494949495,2,chronological,160,40,40,0.5599780082702637,b4736e60e22e,dfb96670a964,within_subject,0.3.0.dev0,2026-09-10T20:15:26
Miller2019-faces_basic,rr,faceshouses,HighGamma + LDA,kappa,-0.050000000000000044,3,chronological,160,40,40,0.04815387725830078,f0ad027786a9,dfb96670a964,within_subject,0.3.0.dev0,2026-09-10T20:15:26
Miller2019-faces_basic,rr,faceshouses,HighGamma + LDA,accuracy,0.475,3,chronological,160,40,40,0.04815387725830078,f0ad027786a9,dfb96670a964,within_subject,0.3.0.dev0,2026-09-10T20:15:26
Miller2019-faces_basic,rr,faceshouses,HighGamma + LDA,balanced_accuracy,0.475,3,chronological,160,40,40,0.04815387725830078,f0ad027786a9,dfb96670a964,within_subject,0.3.0.dev0,2026-09-10T20:15:26
Miller2019-faces_basic,rr,faceshouses,LogBandPower + LDA,kappa,0.0,3,chronological,160,40,40,0.061501264572143555,ad4c2abc31c8,dfb96670a964,within_subject,0.3.0.dev0,2026-09-10T20:15:26
Miller2019-faces_basic,rr,faceshouses,LogBandPower + LDA,accuracy,0.5,3,chronological,160,40,40,0.061501264572143555,ad4c2abc31c8,dfb96670a964,within_subject,0.3.0.dev0,2026-09-10T20:15:26
Miller2019-faces_basic,rr,faceshouses,LogBandPower + LDA,balanced_accuracy,0.5,3,chronological,160,40,40,0.061501264572143555,ad4c2abc31c8,dfb96670a964,within_subject,0.3.0.dev0,2026-09-10T20:15:26
Miller2019-faces_basic,rr,faceshouses,LogBandPower + LogReg,kappa,0.050000000000000044,3,chronological,160,40,40,0.054351091384887695,688f919f3ab0,dfb96670a964,within_subject,0.3.0.dev0,2026-09-10T20:15:26
Miller2019-faces_basic,rr,faceshouses,LogBandPower + LogReg,accuracy,0.525,3,chronological,160,40,40,0.054351091384887695,688f919f3ab0,dfb96670a964,within_subject,0.3.0.dev0,2026-09-10T20:15:26
Miller2019-faces_basic,rr,faceshouses,LogBandPower + LogReg,balanced_accuracy,0.525,3,chronological,160,40,40,0.054351091384887695,688f919f3ab0,dfb96670a964,within_subject,0.3.0.dev0,2026-09-10T20:15:26
Miller2019-faces_basic,rr,faceshouses,Riemann TS + LogReg,kappa,0.44999999999999996,3,chronological,160,40,40,0.5794796943664551,b4736e60e22e,dfb96670a964,within_subject,0.3.0.dev0,2026-09-10T20:15:26
Miller2019-faces_basic,rr,faceshouses,Riemann TS + LogReg,accuracy,0.725,3,chronological,160,40,40,0.5794796943664551,b4736e60e22e,dfb96670a964,within_subject,0.3.0.dev0,2026-09-10T20:15:26
Miller2019-faces_basic,rr,faceshouses,Riemann TS + LogReg,balanced_accuracy,0.7250000000000001,3,chronological,160,40,40,0.5794796943664551,b4736e60e22e,dfb96670a964,within_subject,0.3.0.dev0,2026-09-10T20:15:26
Miller2019-faces_basic,rr,faceshouses,HighGamma + LDA,kappa,0.0,4,chronological,160,40,40,0.05844879150390625,f0ad027786a9,dfb96670a964,within_subject,0.3.0.dev0,2026-09-10T20:15:26
Miller2019-faces_basic,rr,faceshouses,HighGamma + LDA,accuracy,0.5,4,chronological,160,40,40,0.05844879150390625,f0ad027786a9,dfb96670a964,within_subject,0.3.0.dev0,2026-09-10T20:15:26
Miller2019-faces_basic,rr,faceshouses,HighGamma + LDA,balanced_accuracy,0.5,4,chronological,160,40,40,0.05844879150390625,f0ad027786a9,dfb96670a964,within_subject,0.3.0.dev0,2026-09-10T20:15:26
Miller2019-faces_basic,rr,faceshouses,LogBandPower + LDA,kappa,-0.050000000000000044,4,chronological,160,40,40,0.0544428825378418,ad4c2abc31c8,dfb96670a964,within_subject,0.3.0.dev0,2026-09-10T20:15:26
Miller2019-faces_basic,rr,faceshouses,LogBandPower + LDA,accuracy,0.475,4,chronological,160,40,40,0.0544428825378418,ad4c2abc31c8,dfb96670a964,within_subject,0.3.0.dev0,2026-09-10T20:15:26
Miller2019-faces_basic,rr,faceshouses,LogBandPower + LDA,balanced_accuracy,0.475,4,chronological,160,40,40,0.0544428825378418,ad4c2abc31c8,dfb96670a964,within_subject,0.3.0.dev0,2026-09-10T20:15:26
Miller2019-faces_basic,rr,faceshouses,LogBandPower + LogReg,kappa,0.0,4,chronological,160,40,40,0.05967211723327637,688f919f3ab0,dfb96670a964,within_subject,0.3.0.dev0,2026-09-10T20:15:26
Miller2019-faces_basic,rr,faceshouses,LogBandPower + LogReg,accuracy,0.5,4,chronological,160,40,40,0.05967211723327637,688f919f3ab0,dfb96670a964,within_subject,0.3.0.dev0,2026-09-10T20:15:26
Miller2019-faces_basic,rr,faceshouses,LogBandPower + LogReg,balanced_accuracy,0.5,4,chronological,160,40,40,0.05967211723327637,688f919f3ab0,dfb96670a964,within_subject,0.3.0.dev0,2026-09-10T20:15:26
Miller2019-faces_basic,rr,faceshouses,Riemann TS + LogReg,kappa,0.09999999999999998,4,chronological,160,40,40,0.5966169834136963,b4736e60e22e,dfb96670a964,within_subject,0.3.0.dev0,2026-09-10T20:15:26
Miller2019-faces_basic,rr,faceshouses,Riemann TS + LogReg,accuracy,0.55,4,chronological,160,40,40,0.5966169834136963,b4736e60e22e,dfb96670a964,within_subject,0.3.0.dev0,2026-09-10T20:15:26
Miller2019-faces_basic,rr,faceshouses,Riemann TS + LogReg,balanced_accuracy,0.55,4,chronological,160,40,40,0.5966169834136963,b4736e60e22e,dfb96670a964,within_subject,0.3.0.dev0,2026-09-10T20:15:26
Miller2019-faces_basic,wc,faceshouses,HighGamma + LDA,kappa,0.9,0,chronological,240,60,39,0.07740283012390137,f0ad027786a9,dfb96670a964,within_subject,0.3.0.dev0,2026-09-10T20:15:31
Miller2019-faces_basic,wc,faceshouses,HighGamma + LDA,accuracy,0.95,0,chronological,240,60,39,0.07740283012390137,f0ad027786a9,dfb96670a964,within_subject,0.3.0.dev0,2026-09-10T20:15:31
Miller2019-faces_basic,wc,faceshouses,HighGamma + LDA,balanced_accuracy,0.95,0,chronological,240,60,39,0.07740283012390137,f0ad027786a9,dfb96670a964,within_subject,0.3.0.dev0,2026-09-10T20:15:31
Miller2019-faces_basic,wc,faceshouses,LogBandPower + LDA,kappa,0.8666666666666667,0,chronological,240,60,39,0.09096312522888184,ad4c2abc31c8,dfb96670a964,within_subject,0.3.0.dev0,2026-09-10T20:15:31
Miller2019-faces_basic,wc,faceshouses,LogBandPower + LDA,accuracy,0.9333333333333333,0,chronological,240,60,39,0.09096312522888184,ad4c2abc31c8,dfb96670a964,within_subject,0.3.0.dev0,2026-09-10T20:15:31
Miller2019-faces_basic,wc,faceshouses,LogBandPower + LDA,balanced_accuracy,0.9333333333333333,0,chronological,240,60,39,0.09096312522888184,ad4c2abc31c8,dfb96670a964,within_subject,0.3.0.dev0,2026-09-10T20:15:31
Miller2019-faces_basic,wc,faceshouses,LogBandPower + LogReg,kappa,0.9,0,chronological,240,60,39,0.0845179557800293,688f919f3ab0,dfb96670a964,within_subject,0.3.0.dev0,2026-09-10T20:15:31
Miller2019-faces_basic,wc,faceshouses,LogBandPower + LogReg,accuracy,0.95,0,chronological,240,60,39,0.0845179557800293,688f919f3ab0,dfb96670a964,within_subject,0.3.0.dev0,2026-09-10T20:15:31
Miller2019-faces_basic,wc,faceshouses,LogBandPower + LogReg,balanced_accuracy,0.95,0,chronological,240,60,39,0.0845179557800293,688f919f3ab0,dfb96670a964,within_subject,0.3.0.dev0,2026-09-10T20:15:31
Miller2019-faces_basic,wc,faceshouses,Riemann TS + LogReg,kappa,0.9,0,chronological,240,60,39,0.7703781127929688,b4736e60e22e,dfb96670a964,within_subject,0.3.0.dev0,2026-09-10T20:15:31
Miller2019-faces_basic,wc,faceshouses,Riemann TS + LogReg,accuracy,0.95,0,chronological,240,60,39,0.7703781127929688,b4736e60e22e,dfb96670a964,within_subject,0.3.0.dev0,2026-09-10T20:15:31
Miller2019-faces_basic,wc,faceshouses,Riemann TS + LogReg,balanced_accuracy,0.95,0,chronological,240,60,39,0.7703781127929688,b4736e60e22e,dfb96670a964,within_subject,0.3.0.dev0,2026-09-10T20:15:31
Miller2019-faces_basic,wc,faceshouses,HighGamma + LDA,kappa,0.7,1,chronological,240,60,39,0.0742030143737793,f0ad027786a9,dfb96670a964,within_subject,0.3.0.dev0,2026-09-10T20:15:31
Miller2019-faces_basic,wc,faceshouses,HighGamma + LDA,accuracy,0.85,1,chronological,240,60,39,0.0742030143737793,f0ad027786a9,dfb96670a964,within_subject,0.3.0.dev0,2026-09-10T20:15:31
Miller2019-faces_basic,wc,faceshouses,HighGamma + LDA,balanced_accuracy,0.8500000000000001,1,chronological,240,60,39,0.0742030143737793,f0ad027786a9,dfb96670a964,within_subject,0.3.0.dev0,2026-09-10T20:15:31
Miller2019-faces_basic,wc,faceshouses,LogBandPower + LDA,kappa,0.8666666666666667,1,chronological,240,60,39,0.08128523826599121,ad4c2abc31c8,dfb96670a964,within_subject,0.3.0.dev0,2026-09-10T20:15:31
Miller2019-faces_basic,wc,faceshouses,LogBandPower + LDA,accuracy,0.9333333333333333,1,chronological,240,60,39,0.08128523826599121,ad4c2abc31c8,dfb96670a964,within_subject,0.3.0.dev0,2026-09-10T20:15:31
Miller2019-faces_basic,wc,faceshouses,LogBandPower + LDA,balanced_accuracy,0.9333333333333333,1,chronological,240,60,39,0.08128523826599121,ad4c2abc31c8,dfb96670a964,within_subject,0.3.0.dev0,2026-09-10T20:15:31
Miller2019-faces_basic,wc,faceshouses,LogBandPower + LogReg,kappa,0.8333333333333334,1,chronological,240,60,39,0.07226991653442383,688f919f3ab0,dfb96670a964,within_subject,0.3.0.dev0,2026-09-10T20:15:31
Miller2019-faces_basic,wc,faceshouses,LogBandPower + LogReg,accuracy,0.9166666666666666,1,chronological,240,60,39,0.07226991653442383,688f919f3ab0,dfb96670a964,within_subject,0.3.0.dev0,2026-09-10T20:15:31
Miller2019-faces_basic,wc,faceshouses,LogBandPower + LogReg,balanced_accuracy,0.9166666666666667,1,chronological,240,60,39,0.07226991653442383,688f919f3ab0,dfb96670a964,within_subject,0.3.0.dev0,2026-09-10T20:15:31
Miller2019-faces_basic,wc,faceshouses,Riemann TS + LogReg,kappa,0.8,1,chronological,240,60,39,0.7525937557220459,b4736e60e22e,dfb96670a964,within_subject,0.3.0.dev0,2026-09-10T20:15:31
Miller2019-faces_basic,wc,faceshouses,Riemann TS + LogReg,accuracy,0.9,1,chronological,240,60,39,0.7525937557220459,b4736e60e22e,dfb96670a964,within_subject,0.3.0.dev0,2026-09-10T20:15:31
Miller2019-faces_basic,wc,faceshouses,Riemann TS + LogReg,balanced_accuracy,0.9,1,chronological,240,60,39,0.7525937557220459,b4736e60e22e,dfb96670a964,within_subject,0.3.0.dev0,2026-09-10T20:15:31
Miller2019-faces_basic,wc,faceshouses,HighGamma + LDA,kappa,0.7982062780269058,2,chronological,240,60,39,0.07856893539428711,f0ad027786a9,dfb96670a964,within_subject,0.3.0.dev0,2026-09-10T20:15:31
Miller2019-faces_basic,wc,faceshouses,HighGamma + LDA,accuracy,0.9,2,chronological,240,60,39,0.07856893539428711,f0ad027786a9,dfb96670a964,within_subject,0.3.0.dev0,2026-09-10T20:15:31
Miller2019-faces_basic,wc,faceshouses,HighGamma + LDA,balanced_accuracy,0.8973214285714286,2,chronological,240,60,39,0.07856893539428711,f0ad027786a9,dfb96670a964,within_subject,0.3.0.dev0,2026-09-10T20:15:31
Miller2019-faces_basic,wc,faceshouses,LogBandPower + LDA,kappa,0.7982062780269058,2,chronological,240,60,39,0.07930803298950195,ad4c2abc31c8,dfb96670a964,within_subject,0.3.0.dev0,2026-09-10T20:15:31
Miller2019-faces_basic,wc,faceshouses,LogBandPower + LDA,accuracy,0.9,2,chronological,240,60,39,0.07930803298950195,ad4c2abc31c8,dfb96670a964,within_subject,0.3.0.dev0,2026-09-10T20:15:31
Miller2019-faces_basic,wc,faceshouses,LogBandPower + LDA,balanced_accuracy,0.8973214285714286,2,chronological,240,60,39,0.07930803298950195,ad4c2abc31c8,dfb96670a964,within_subject,0.3.0.dev0,2026-09-10T20:15:31
Miller2019-faces_basic,wc,faceshouses,LogBandPower + LogReg,kappa,0.7651006711409396,2,chronological,240,60,39,0.07566285133361816,688f919f3ab0,dfb96670a964,within_subject,0.3.0.dev0,2026-09-10T20:15:31
Miller2019-faces_basic,wc,faceshouses,LogBandPower + LogReg,accuracy,0.8833333333333333,2,chronological,240,60,39,0.07566285133361816,688f919f3ab0,dfb96670a964,within_subject,0.3.0.dev0,2026-09-10T20:15:31
Miller2019-faces_basic,wc,faceshouses,LogBandPower + LogReg,balanced_accuracy,0.8816964285714286,2,chronological,240,60,39,0.07566285133361816,688f919f3ab0,dfb96670a964,within_subject,0.3.0.dev0,2026-09-10T20:15:31
Miller2019-faces_basic,wc,faceshouses,Riemann TS + LogReg,kappa,0.8008849557522124,2,chronological,240,60,39,0.7480819225311279,b4736e60e22e,dfb96670a964,within_subject,0.3.0.dev0,2026-09-10T20:15:31
Miller2019-faces_basic,wc,faceshouses,Riemann TS + LogReg,accuracy,0.9,2,chronological,240,60,39,0.7480819225311279,b4736e60e22e,dfb96670a964,within_subject,0.3.0.dev0,2026-09-10T20:15:31
Miller2019-faces_basic,wc,faceshouses,Riemann TS + LogReg,balanced_accuracy,0.9040178571428572,2,chronological,240,60,39,0.7480819225311279,b4736e60e22e,dfb96670a964,within_subject,0.3.0.dev0,2026-09-10T20:15:31
Miller2019-faces_basic,wc,faceshouses,HighGamma + LDA,kappa,0.7613636363636364,3,chronological,240,60,39,0.06468486785888672,f0ad027786a9,dfb96670a964,within_subject,0.3.0.dev0,2026-09-10T20:15:31
Miller2019-faces_basic,wc,faceshouses,HighGamma + LDA,accuracy,0.8833333333333333,3,chronological,240,60,39,0.06468486785888672,f0ad027786a9,dfb96670a964,within_subject,0.3.0.dev0,2026-09-10T20:15:31
Miller2019-faces_basic,wc,faceshouses,HighGamma + LDA,balanced_accuracy,0.8789592760180995,3,chronological,240,60,39,0.06468486785888672,f0ad027786a9,dfb96670a964,within_subject,0.3.0.dev0,2026-09-10T20:15:31
Miller2019-faces_basic,wc,faceshouses,LogBandPower + LDA,kappa,0.7945205479452054,3,chronological,240,60,39,0.06998801231384277,ad4c2abc31c8,dfb96670a964,within_subject,0.3.0.dev0,2026-09-10T20:15:31
Miller2019-faces_basic,wc,faceshouses,LogBandPower + LDA,accuracy,0.9,3,chronological,240,60,39,0.06998801231384277,ad4c2abc31c8,dfb96670a964,within_subject,0.3.0.dev0,2026-09-10T20:15:31
Miller2019-faces_basic,wc,faceshouses,LogBandPower + LDA,balanced_accuracy,0.8936651583710407,3,chronological,240,60,39,0.06998801231384277,ad4c2abc31c8,dfb96670a964,within_subject,0.3.0.dev0,2026-09-10T20:15:31
Miller2019-faces_basic,wc,faceshouses,LogBandPower + LogReg,kappa,0.8279816513761469,3,chronological,240,60,39,0.07120895385742188,688f919f3ab0,dfb96670a964,within_subject,0.3.0.dev0,2026-09-10T20:15:31
Miller2019-faces_basic,wc,faceshouses,LogBandPower + LogReg,accuracy,0.9166666666666666,3,chronological,240,60,39,0.07120895385742188,688f919f3ab0,dfb96670a964,within_subject,0.3.0.dev0,2026-09-10T20:15:31
Miller2019-faces_basic,wc,faceshouses,LogBandPower + LogReg,balanced_accuracy,0.9083710407239819,3,chronological,240,60,39,0.07120895385742188,688f919f3ab0,dfb96670a964,within_subject,0.3.0.dev0,2026-09-10T20:15:31
Miller2019-faces_basic,wc,faceshouses,Riemann TS + LogReg,kappa,0.8295454545454546,3,chronological,240,60,39,0.7713220119476318,b4736e60e22e,dfb96670a964,within_subject,0.3.0.dev0,2026-09-10T20:15:31
Miller2019-faces_basic,wc,faceshouses,Riemann TS + LogReg,accuracy,0.9166666666666666,3,chronological,240,60,39,0.7713220119476318,b4736e60e22e,dfb96670a964,within_subject,0.3.0.dev0,2026-09-10T20:15:31
Miller2019-faces_basic,wc,faceshouses,Riemann TS + LogReg,balanced_accuracy,0.9128959276018099,3,chronological,240,60,39,0.7713220119476318,b4736e60e22e,dfb96670a964,within_subject,0.3.0.dev0,2026-09-10T20:15:31
Miller2019-faces_basic,wc,faceshouses,HighGamma + LDA,kappa,0.7651006711409396,4,chronological,240,60,39,0.09501814842224121,f0ad027786a9,dfb96670a964,within_subject,0.3.0.dev0,2026-09-10T20:15:31
Miller2019-faces_basic,wc,faceshouses,HighGamma + LDA,accuracy,0.8833333333333333,4,chronological,240,60,39,0.09501814842224121,f0ad027786a9,dfb96670a964,within_subject,0.3.0.dev0,2026-09-10T20:15:31
Miller2019-faces_basic,wc,faceshouses,HighGamma + LDA,balanced_accuracy,0.8816964285714286,4,chronological,240,60,39,0.09501814842224121,f0ad027786a9,dfb96670a964,within_subject,0.3.0.dev0,2026-09-10T20:15:31
Miller2019-faces_basic,wc,faceshouses,LogBandPower + LDA,kappa,0.7309417040358744,4,chronological,240,60,39,0.07593607902526855,ad4c2abc31c8,dfb96670a964,within_subject,0.3.0.dev0,2026-09-10T20:15:31
Miller2019-faces_basic,wc,faceshouses,LogBandPower + LDA,accuracy,0.8666666666666667,4,chronological,240,60,39,0.07593607902526855,ad4c2abc31c8,dfb96670a964,within_subject,0.3.0.dev0,2026-09-10T20:15:31
Miller2019-faces_basic,wc,faceshouses,LogBandPower + LDA,balanced_accuracy,0.8638392857142857,4,chronological,240,60,39,0.07593607902526855,ad4c2abc31c8,dfb96670a964,within_subject,0.3.0.dev0,2026-09-10T20:15:31
Miller2019-faces_basic,wc,faceshouses,LogBandPower + LogReg,kappa,0.696629213483146,4,chronological,240,60,39,0.07992792129516602,688f919f3ab0,dfb96670a964,within_subject,0.3.0.dev0,2026-09-10T20:15:31
Miller2019-faces_basic,wc,faceshouses,LogBandPower + LogReg,accuracy,0.85,4,chronological,240,60,39,0.07992792129516602,688f919f3ab0,dfb96670a964,within_subject,0.3.0.dev0,2026-09-10T20:15:31
Miller2019-faces_basic,wc,faceshouses,LogBandPower + LogReg,balanced_accuracy,0.8459821428571428,4,chronological,240,60,39,0.07992792129516602,688f919f3ab0,dfb96670a964,within_subject,0.3.0.dev0,2026-09-10T20:15:31
Miller2019-faces_basic,wc,faceshouses,Riemann TS + LogReg,kappa,0.6952595936794582,4,chronological,240,60,39,0.7953948974609375,b4736e60e22e,dfb96670a964,within_subject,0.3.0.dev0,2026-09-10T20:15:31
Miller2019-faces_basic,wc,faceshouses,Riemann TS + LogReg,accuracy,0.85,4,chronological,240,60,39,0.7953948974609375,b4736e60e22e,dfb96670a964,within_subject,0.3.0.dev0,2026-09-10T20:15:31
Miller2019-faces_basic,wc,faceshouses,Riemann TS + LogReg,balanced_accuracy,0.84375,4,chronological,240,60,39,0.7953948974609375,b4736e60e22e,dfb96670a964,within_subject,0.3.0.dev0,2026-09-10T20:15:31
Miller2019-faces_basic,zt,faceshouses,HighGamma + LDA,kappa,0.9666666666666667,0,chronological,240,60,58,0.1429300308227539,f0ad027786a9,dfb96670a964,within_subject,0.3.0.dev0,2026-09-10T20:15:42
Miller2019-faces_basic,zt,faceshouses,HighGamma + LDA,accuracy,0.9833333333333333,0,chronological,240,60,58,0.1429300308227539,f0ad027786a9,dfb96670a964,within_subject,0.3.0.dev0,2026-09-10T20:15:42
Miller2019-faces_basic,zt,faceshouses,HighGamma + LDA,balanced_accuracy,0.9833333333333334,0,chronological,240,60,58,0.1429300308227539,f0ad027786a9,dfb96670a964,within_subject,0.3.0.dev0,2026-09-10T20:15:42
Miller2019-faces_basic,zt,faceshouses,LogBandPower + LDA,kappa,0.9666666666666667,0,chronological,240,60,58,0.12159276008605957,ad4c2abc31c8,dfb96670a964,within_subject,0.3.0.dev0,2026-09-10T20:15:42
Miller2019-faces_basic,zt,faceshouses,LogBandPower + LDA,accuracy,0.9833333333333333,0,chronological,240,60,58,0.12159276008605957,ad4c2abc31c8,dfb96670a964,within_subject,0.3.0.dev0,2026-09-10T20:15:42
Miller2019-faces_basic,zt,faceshouses,LogBandPower + LDA,balanced_accuracy,0.9833333333333334,0,chronological,240,60,58,0.12159276008605957,ad4c2abc31c8,dfb96670a964,within_subject,0.3.0.dev0,2026-09-10T20:15:42
Miller2019-faces_basic,zt,faceshouses,LogBandPower + LogReg,kappa,1.0,0,chronological,240,60,58,0.11196088790893555,688f919f3ab0,dfb96670a964,within_subject,0.3.0.dev0,2026-09-10T20:15:42
Miller2019-faces_basic,zt,faceshouses,LogBandPower + LogReg,accuracy,1.0,0,chronological,240,60,58,0.11196088790893555,688f919f3ab0,dfb96670a964,within_subject,0.3.0.dev0,2026-09-10T20:15:42
Miller2019-faces_basic,zt,faceshouses,LogBandPower + LogReg,balanced_accuracy,1.0,0,chronological,240,60,58,0.11196088790893555,688f919f3ab0,dfb96670a964,within_subject,0.3.0.dev0,2026-09-10T20:15:42
Miller2019-faces_basic,zt,faceshouses,Riemann TS + LogReg,kappa,0.9666666666666667,0,chronological,240,60,58,1.646975040435791,b4736e60e22e,dfb96670a964,within_subject,0.3.0.dev0,2026-09-10T20:15:42
Miller2019-faces_basic,zt,faceshouses,Riemann TS + LogReg,accuracy,0.9833333333333333,0,chronological,240,60,58,1.646975040435791,b4736e60e22e,dfb96670a964,within_subject,0.3.0.dev0,2026-09-10T20:15:42
Miller2019-faces_basic,zt,faceshouses,Riemann TS + LogReg,balanced_accuracy,0.9833333333333334,0,chronological,240,60,58,1.646975040435791,b4736e60e22e,dfb96670a964,within_subject,0.3.0.dev0,2026-09-10T20:15:42
Miller2019-faces_basic,zt,faceshouses,HighGamma + LDA,kappa,0.7333333333333334,1,chronological,240,60,58,0.11215806007385254,f0ad027786a9,dfb96670a964,within_subject,0.3.0.dev0,2026-09-10T20:15:42
Miller2019-faces_basic,zt,faceshouses,HighGamma + LDA,accuracy,0.8666666666666667,1,chronological,240,60,58,0.11215806007385254,f0ad027786a9,dfb96670a964,within_subject,0.3.0.dev0,2026-09-10T20:15:42
Miller2019-faces_basic,zt,faceshouses,HighGamma + LDA,balanced_accuracy,0.8666666666666667,1,chronological,240,60,58,0.11215806007385254,f0ad027786a9,dfb96670a964,within_subject,0.3.0.dev0,2026-09-10T20:15:42
Miller2019-faces_basic,zt,faceshouses,LogBandPower + LDA,kappa,0.9333333333333333,1,chronological,240,60,58,0.12393689155578613,ad4c2abc31c8,dfb96670a964,within_subject,0.3.0.dev0,2026-09-10T20:15:42
Miller2019-faces_basic,zt,faceshouses,LogBandPower + LDA,accuracy,0.9666666666666667,1,chronological,240,60,58,0.12393689155578613,ad4c2abc31c8,dfb96670a964,within_subject,0.3.0.dev0,2026-09-10T20:15:42
Miller2019-faces_basic,zt,faceshouses,LogBandPower + LDA,balanced_accuracy,0.9666666666666667,1,chronological,240,60,58,0.12393689155578613,ad4c2abc31c8,dfb96670a964,within_subject,0.3.0.dev0,2026-09-10T20:15:42
Miller2019-faces_basic,zt,faceshouses,LogBandPower + LogReg,kappa,0.9,1,chronological,240,60,58,0.11060571670532227,688f919f3ab0,dfb96670a964,within_subject,0.3.0.dev0,2026-09-10T20:15:42
Miller2019-faces_basic,zt,faceshouses,LogBandPower + LogReg,accuracy,0.95,1,chronological,240,60,58,0.11060571670532227,688f919f3ab0,dfb96670a964,within_subject,0.3.0.dev0,2026-09-10T20:15:42
Miller2019-faces_basic,zt,faceshouses,LogBandPower + LogReg,balanced_accuracy,0.95,1,chronological,240,60,58,0.11060571670532227,688f919f3ab0,dfb96670a964,within_subject,0.3.0.dev0,2026-09-10T20:15:42
Miller2019-faces_basic,zt,faceshouses,Riemann TS + LogReg,kappa,0.9666666666666667,1,chronological,240,60,58,1.6157209873199463,b4736e60e22e,dfb96670a964,within_subject,0.3.0.dev0,2026-09-10T20:15:42
Miller2019-faces_basic,zt,faceshouses,Riemann TS + LogReg,accuracy,0.9833333333333333,1,chronological,240,60,58,1.6157209873199463,b4736e60e22e,dfb96670a964,within_subject,0.3.0.dev0,2026-09-10T20:15:42
Miller2019-faces_basic,zt,faceshouses,Riemann TS + LogReg,balanced_accuracy,0.9833333333333334,1,chronological,240,60,58,1.6157209873199463,b4736e60e22e,dfb96670a964,within_subject,0.3.0.dev0,2026-09-10T20:15:42
Miller2019-faces_basic,zt,faceshouses,HighGamma + LDA,kappa,0.696629213483146,2,chronological,240,60,58,0.1031198501586914,f0ad027786a9,dfb96670a964,within_subject,0.3.0.dev0,2026-09-10T20:15:42
Miller2019-faces_basic,zt,faceshouses,HighGamma + LDA,accuracy,0.85,2,chronological,240,60,58,0.1031198501586914,f0ad027786a9,dfb96670a964,within_subject,0.3.0.dev0,2026-09-10T20:15:42
Miller2019-faces_basic,zt,faceshouses,HighGamma + LDA,balanced_accuracy,0.8459821428571428,2,chronological,240,60,58,0.1031198501586914,f0ad027786a9,dfb96670a964,within_subject,0.3.0.dev0,2026-09-10T20:15:42
Miller2019-faces_basic,zt,faceshouses,LogBandPower + LDA,kappa,0.9664429530201343,2,chronological,240,60,58,0.11096906661987305,ad4c2abc31c8,dfb96670a964,within_subject,0.3.0.dev0,2026-09-10T20:15:42
Miller2019-faces_basic,zt,faceshouses,LogBandPower + LDA,accuracy,0.9833333333333333,2,chronological,240,60,58,0.11096906661987305,ad4c2abc31c8,dfb96670a964,within_subject,0.3.0.dev0,2026-09-10T20:15:42
Miller2019-faces_basic,zt,faceshouses,LogBandPower + LDA,balanced_accuracy,0.9821428571428572,2,chronological,240,60,58,0.11096906661987305,ad4c2abc31c8,dfb96670a964,within_subject,0.3.0.dev0,2026-09-10T20:15:42
Miller2019-faces_basic,zt,faceshouses,LogBandPower + LogReg,kappa,0.9664429530201343,2,chronological,240,60,58,0.1182711124420166,688f919f3ab0,dfb96670a964,within_subject,0.3.0.dev0,2026-09-10T20:15:42
Miller2019-faces_basic,zt,faceshouses,LogBandPower + LogReg,accuracy,0.9833333333333333,2,chronological,240,60,58,0.1182711124420166,688f919f3ab0,dfb96670a964,within_subject,0.3.0.dev0,2026-09-10T20:15:42
Miller2019-faces_basic,zt,faceshouses,LogBandPower + LogReg,balanced_accuracy,0.9821428571428572,2,chronological,240,60,58,0.1182711124420166,688f919f3ab0,dfb96670a964,within_subject,0.3.0.dev0,2026-09-10T20:15:42
Miller2019-faces_basic,zt,faceshouses,Riemann TS + LogReg,kappa,1.0,2,chronological,240,60,58,1.6178278923034668,b4736e60e22e,dfb96670a964,within_subject,0.3.0.dev0,2026-09-10T20:15:42
Miller2019-faces_basic,zt,faceshouses,Riemann TS + LogReg,accuracy,1.0,2,chronological,240,60,58,1.6178278923034668,b4736e60e22e,dfb96670a964,within_subject,0.3.0.dev0,2026-09-10T20:15:42
Miller2019-faces_basic,zt,faceshouses,Riemann TS + LogReg,balanced_accuracy,1.0,2,chronological,240,60,58,1.6178278923034668,b4736e60e22e,dfb96670a964,within_subject,0.3.0.dev0,2026-09-10T20:15:42
Miller2019-faces_basic,zt,faceshouses,HighGamma + LDA,kappa,0.7285067873303167,3,chronological,240,60,58,0.11626601219177246,f0ad027786a9,dfb96670a964,within_subject,0.3.0.dev0,2026-09-10T20:15:42
Miller2019-faces_basic,zt,faceshouses,HighGamma + LDA,accuracy,0.8666666666666667,3,chronological,240,60,58,0.11626601219177246,f0ad027786a9,dfb96670a964,within_subject,0.3.0.dev0,2026-09-10T20:15:42
Miller2019-faces_basic,zt,faceshouses,HighGamma + LDA,balanced_accuracy,0.8642533936651584,3,chronological,240,60,58,0.11626601219177246,f0ad027786a9,dfb96670a964,within_subject,0.3.0.dev0,2026-09-10T20:15:42
Miller2019-faces_basic,zt,faceshouses,LogBandPower + LDA,kappa,1.0,3,chronological,240,60,58,0.11501288414001465,ad4c2abc31c8,dfb96670a964,within_subject,0.3.0.dev0,2026-09-10T20:15:42
Miller2019-faces_basic,zt,faceshouses,LogBandPower + LDA,accuracy,1.0,3,chronological,240,60,58,0.11501288414001465,ad4c2abc31c8,dfb96670a964,within_subject,0.3.0.dev0,2026-09-10T20:15:42
Miller2019-faces_basic,zt,faceshouses,LogBandPower + LDA,balanced_accuracy,1.0,3,chronological,240,60,58,0.11501288414001465,ad4c2abc31c8,dfb96670a964,within_subject,0.3.0.dev0,2026-09-10T20:15:42
Miller2019-faces_basic,zt,faceshouses,LogBandPower + LogReg,kappa,0.9659090909090909,3,chronological,240,60,58,0.11706805229187012,688f919f3ab0,dfb96670a964,within_subject,0.3.0.dev0,2026-09-10T20:15:42
Miller2019-faces_basic,zt,faceshouses,LogBandPower + LogReg,accuracy,0.9833333333333333,3,chronological,240,60,58,0.11706805229187012,688f919f3ab0,dfb96670a964,within_subject,0.3.0.dev0,2026-09-10T20:15:42
Miller2019-faces_basic,zt,faceshouses,LogBandPower + LogReg,balanced_accuracy,0.9807692307692308,3,chronological,240,60,58,0.11706805229187012,688f919f3ab0,dfb96670a964,within_subject,0.3.0.dev0,2026-09-10T20:15:42
Miller2019-faces_basic,zt,faceshouses,Riemann TS + LogReg,kappa,0.9321266968325792,3,chronological,240,60,58,1.837496280670166,b4736e60e22e,dfb96670a964,within_subject,0.3.0.dev0,2026-09-10T20:15:42
Miller2019-faces_basic,zt,faceshouses,Riemann TS + LogReg,accuracy,0.9666666666666667,3,chronological,240,60,58,1.837496280670166,b4736e60e22e,dfb96670a964,within_subject,0.3.0.dev0,2026-09-10T20:15:42
Miller2019-faces_basic,zt,faceshouses,Riemann TS + LogReg,balanced_accuracy,0.9660633484162896,3,chronological,240,60,58,1.837496280670166,b4736e60e22e,dfb96670a964,within_subject,0.3.0.dev0,2026-09-10T20:15:42
Miller2019-faces_basic,zt,faceshouses,HighGamma + LDA,kappa,0.7661469933184855,4,chronological,240,60,58,0.1114652156829834,f0ad027786a9,dfb96670a964,within_subject,0.3.0.dev0,2026-09-10T20:15:42
Miller2019-faces_basic,zt,faceshouses,HighGamma + LDA,accuracy,0.8833333333333333,4,chronological,240,60,58,0.1114652156829834,f0ad027786a9,dfb96670a964,within_subject,0.3.0.dev0,2026-09-10T20:15:42
Miller2019-faces_basic,zt,faceshouses,HighGamma + LDA,balanced_accuracy,0.8839285714285714,4,chronological,240,60,58,0.1114652156829834,f0ad027786a9,dfb96670a964,within_subject,0.3.0.dev0,2026-09-10T20:15:42
Miller2019-faces_basic,zt,faceshouses,LogBandPower + LDA,kappa,0.8997772828507795,4,chronological,240,60,58,0.121978759765625,ad4c2abc31c8,dfb96670a964,within_subject,0.3.0.dev0,2026-09-10T20:15:42
Miller2019-faces_basic,zt,faceshouses,LogBandPower + LDA,accuracy,0.95,4,chronological,240,60,58,0.121978759765625,ad4c2abc31c8,dfb96670a964,within_subject,0.3.0.dev0,2026-09-10T20:15:42
Miller2019-faces_basic,zt,faceshouses,LogBandPower + LDA,balanced_accuracy,0.9508928571428572,4,chronological,240,60,58,0.121978759765625,ad4c2abc31c8,dfb96670a964,within_subject,0.3.0.dev0,2026-09-10T20:15:42
Miller2019-faces_basic,zt,faceshouses,LogBandPower + LogReg,kappa,0.9333333333333333,4,chronological,240,60,58,0.10536599159240723,688f919f3ab0,dfb96670a964,within_subject,0.3.0.dev0,2026-09-10T20:15:42
Miller2019-faces_basic,zt,faceshouses,LogBandPower + LogReg,accuracy,0.9666666666666667,4,chronological,240,60,58,0.10536599159240723,688f919f3ab0,dfb96670a964,within_subject,0.3.0.dev0,2026-09-10T20:15:42
Miller2019-faces_basic,zt,faceshouses,LogBandPower + LogReg,balanced_accuracy,0.96875,4,chronological,240,60,58,0.10536599159240723,688f919f3ab0,dfb96670a964,within_subject,0.3.0.dev0,2026-09-10T20:15:42
Miller2019-faces_basic,zt,faceshouses,Riemann TS + LogReg,kappa,0.9665924276169265,4,chronological,240,60,58,1.585524082183838,b4736e60e22e,dfb96670a964,within_subject,0.3.0.dev0,2026-09-10T20:15:42
Miller2019-faces_basic,zt,faceshouses,Riemann TS + LogReg,accuracy,0.9833333333333333,4,chronological,240,60,58,1.585524082183838,b4736e60e22e,dfb96670a964,within_subject,0.3.0.dev0,2026-09-10T20:15:42
Miller2019-faces_basic,zt,faceshouses,Riemann TS + LogReg,balanced_accuracy,0.984375,4,chronological,240,60,58,1.585524082183838,b4736e60e22e,dfb96670a964,within_subject,0.3.0.dev0,2026-09-10T20:15:42
