dataset,subject,session,pipeline,metric,score,fold,fold_policy,n_train,n_test,n_channels,time,pipeline_digest,paradigm_digest,evaluation,moecog_version,computed_at,train_fraction
Miller2019-imagery_basic,bp,mot,HighGamma + LDA,kappa,1.0,0,chronological,48,12,46,0.2789080142974853,f0ad027786a9,0d79a81a67b3,within_subject,0.3.0.dev0,2026-09-10T20:16:28,
Miller2019-imagery_basic,bp,mot,HighGamma + LDA,accuracy,1.0,0,chronological,48,12,46,0.2789080142974853,f0ad027786a9,0d79a81a67b3,within_subject,0.3.0.dev0,2026-09-10T20:16:28,
Miller2019-imagery_basic,bp,mot,HighGamma + LDA,balanced_accuracy,1.0,0,chronological,48,12,46,0.2789080142974853,f0ad027786a9,0d79a81a67b3,within_subject,0.3.0.dev0,2026-09-10T20:16:28,
Miller2019-imagery_basic,bp,mot,LogBandPower + LDA,kappa,1.0,0,chronological,48,12,46,0.1577482223510742,ad4c2abc31c8,0d79a81a67b3,within_subject,0.3.0.dev0,2026-09-10T20:16:28,
Miller2019-imagery_basic,bp,mot,LogBandPower + LDA,accuracy,1.0,0,chronological,48,12,46,0.1577482223510742,ad4c2abc31c8,0d79a81a67b3,within_subject,0.3.0.dev0,2026-09-10T20:16:28,
Miller2019-imagery_basic,bp,mot,LogBandPower + LDA,balanced_accuracy,1.0,0,chronological,48,12,46,0.1577482223510742,ad4c2abc31c8,0d79a81a67b3,within_subject,0.3.0.dev0,2026-09-10T20:16:28,
Miller2019-imagery_basic,bp,mot,LogBandPower + LogReg,kappa,1.0,0,chronological,48,12,46,0.1674489974975586,688f919f3ab0,0d79a81a67b3,within_subject,0.3.0.dev0,2026-09-10T20:16:28,
Miller2019-imagery_basic,bp,mot,LogBandPower + LogReg,accuracy,1.0,0,chronological,48,12,46,0.1674489974975586,688f919f3ab0,0d79a81a67b3,within_subject,0.3.0.dev0,2026-09-10T20:16:28,
Miller2019-imagery_basic,bp,mot,LogBandPower + LogReg,balanced_accuracy,1.0,0,chronological,48,12,46,0.1674489974975586,688f919f3ab0,0d79a81a67b3,within_subject,0.3.0.dev0,2026-09-10T20:16:28,
Miller2019-imagery_basic,bp,mot,Riemann TS + LogReg,kappa,0.8235294117647058,0,chronological,48,12,46,0.2426760196685791,b4736e60e22e,0d79a81a67b3,within_subject,0.3.0.dev0,2026-09-10T20:16:28,
Miller2019-imagery_basic,bp,mot,Riemann TS + LogReg,accuracy,0.9166666666666666,0,chronological,48,12,46,0.2426760196685791,b4736e60e22e,0d79a81a67b3,within_subject,0.3.0.dev0,2026-09-10T20:16:28,
Miller2019-imagery_basic,bp,mot,Riemann TS + LogReg,balanced_accuracy,0.9375,0,chronological,48,12,46,0.2426760196685791,b4736e60e22e,0d79a81a67b3,within_subject,0.3.0.dev0,2026-09-10T20:16:28,
Miller2019-imagery_basic,bp,mot,HighGamma + LDA,kappa,1.0,1,chronological,48,12,46,0.1753909587860107,f0ad027786a9,0d79a81a67b3,within_subject,0.3.0.dev0,2026-09-10T20:16:28,
Miller2019-imagery_basic,bp,mot,HighGamma + LDA,accuracy,1.0,1,chronological,48,12,46,0.1753909587860107,f0ad027786a9,0d79a81a67b3,within_subject,0.3.0.dev0,2026-09-10T20:16:28,
Miller2019-imagery_basic,bp,mot,HighGamma + LDA,balanced_accuracy,1.0,1,chronological,48,12,46,0.1753909587860107,f0ad027786a9,0d79a81a67b3,within_subject,0.3.0.dev0,2026-09-10T20:16:28,
Miller2019-imagery_basic,bp,mot,LogBandPower + LDA,kappa,1.0,1,chronological,48,12,46,0.1807830333709716,ad4c2abc31c8,0d79a81a67b3,within_subject,0.3.0.dev0,2026-09-10T20:16:28,
Miller2019-imagery_basic,bp,mot,LogBandPower + LDA,accuracy,1.0,1,chronological,48,12,46,0.1807830333709716,ad4c2abc31c8,0d79a81a67b3,within_subject,0.3.0.dev0,2026-09-10T20:16:28,
Miller2019-imagery_basic,bp,mot,LogBandPower + LDA,balanced_accuracy,1.0,1,chronological,48,12,46,0.1807830333709716,ad4c2abc31c8,0d79a81a67b3,within_subject,0.3.0.dev0,2026-09-10T20:16:28,
Miller2019-imagery_basic,bp,mot,LogBandPower + LogReg,kappa,1.0,1,chronological,48,12,46,0.1677181720733642,688f919f3ab0,0d79a81a67b3,within_subject,0.3.0.dev0,2026-09-10T20:16:28,
Miller2019-imagery_basic,bp,mot,LogBandPower + LogReg,accuracy,1.0,1,chronological,48,12,46,0.1677181720733642,688f919f3ab0,0d79a81a67b3,within_subject,0.3.0.dev0,2026-09-10T20:16:28,
Miller2019-imagery_basic,bp,mot,LogBandPower + LogReg,balanced_accuracy,1.0,1,chronological,48,12,46,0.1677181720733642,688f919f3ab0,0d79a81a67b3,within_subject,0.3.0.dev0,2026-09-10T20:16:28,
Miller2019-imagery_basic,bp,mot,Riemann TS + LogReg,kappa,0.8235294117647058,1,chronological,48,12,46,0.2296249866485595,b4736e60e22e,0d79a81a67b3,within_subject,0.3.0.dev0,2026-09-10T20:16:28,
Miller2019-imagery_basic,bp,mot,Riemann TS + LogReg,accuracy,0.9166666666666666,1,chronological,48,12,46,0.2296249866485595,b4736e60e22e,0d79a81a67b3,within_subject,0.3.0.dev0,2026-09-10T20:16:28,
Miller2019-imagery_basic,bp,mot,Riemann TS + LogReg,balanced_accuracy,0.9375,1,chronological,48,12,46,0.2296249866485595,b4736e60e22e,0d79a81a67b3,within_subject,0.3.0.dev0,2026-09-10T20:16:28,
Miller2019-imagery_basic,bp,mot,HighGamma + LDA,kappa,1.0,2,chronological,48,12,46,0.1531648635864257,f0ad027786a9,0d79a81a67b3,within_subject,0.3.0.dev0,2026-09-10T20:16:28,
Miller2019-imagery_basic,bp,mot,HighGamma + LDA,accuracy,1.0,2,chronological,48,12,46,0.1531648635864257,f0ad027786a9,0d79a81a67b3,within_subject,0.3.0.dev0,2026-09-10T20:16:28,
Miller2019-imagery_basic,bp,mot,HighGamma + LDA,balanced_accuracy,1.0,2,chronological,48,12,46,0.1531648635864257,f0ad027786a9,0d79a81a67b3,within_subject,0.3.0.dev0,2026-09-10T20:16:28,
Miller2019-imagery_basic,bp,mot,LogBandPower + LDA,kappa,1.0,2,chronological,48,12,46,0.1715500354766845,ad4c2abc31c8,0d79a81a67b3,within_subject,0.3.0.dev0,2026-09-10T20:16:28,
Miller2019-imagery_basic,bp,mot,LogBandPower + LDA,accuracy,1.0,2,chronological,48,12,46,0.1715500354766845,ad4c2abc31c8,0d79a81a67b3,within_subject,0.3.0.dev0,2026-09-10T20:16:28,
Miller2019-imagery_basic,bp,mot,LogBandPower + LDA,balanced_accuracy,1.0,2,chronological,48,12,46,0.1715500354766845,ad4c2abc31c8,0d79a81a67b3,within_subject,0.3.0.dev0,2026-09-10T20:16:28,
Miller2019-imagery_basic,bp,mot,LogBandPower + LogReg,kappa,1.0,2,chronological,48,12,46,0.1708240509033203,688f919f3ab0,0d79a81a67b3,within_subject,0.3.0.dev0,2026-09-10T20:16:28,
Miller2019-imagery_basic,bp,mot,LogBandPower + LogReg,accuracy,1.0,2,chronological,48,12,46,0.1708240509033203,688f919f3ab0,0d79a81a67b3,within_subject,0.3.0.dev0,2026-09-10T20:16:28,
Miller2019-imagery_basic,bp,mot,LogBandPower + LogReg,balanced_accuracy,1.0,2,chronological,48,12,46,0.1708240509033203,688f919f3ab0,0d79a81a67b3,within_subject,0.3.0.dev0,2026-09-10T20:16:28,
Miller2019-imagery_basic,bp,mot,Riemann TS + LogReg,kappa,0.6666666666666667,2,chronological,48,12,46,0.2330291271209716,b4736e60e22e,0d79a81a67b3,within_subject,0.3.0.dev0,2026-09-10T20:16:28,
Miller2019-imagery_basic,bp,mot,Riemann TS + LogReg,accuracy,0.8333333333333334,2,chronological,48,12,46,0.2330291271209716,b4736e60e22e,0d79a81a67b3,within_subject,0.3.0.dev0,2026-09-10T20:16:28,
Miller2019-imagery_basic,bp,mot,Riemann TS + LogReg,balanced_accuracy,0.875,2,chronological,48,12,46,0.2330291271209716,b4736e60e22e,0d79a81a67b3,within_subject,0.3.0.dev0,2026-09-10T20:16:28,
Miller2019-imagery_basic,bp,mot,HighGamma + LDA,kappa,1.0,3,chronological,48,12,46,0.1621880531311035,f0ad027786a9,0d79a81a67b3,within_subject,0.3.0.dev0,2026-09-10T20:16:28,
Miller2019-imagery_basic,bp,mot,HighGamma + LDA,accuracy,1.0,3,chronological,48,12,46,0.1621880531311035,f0ad027786a9,0d79a81a67b3,within_subject,0.3.0.dev0,2026-09-10T20:16:28,
Miller2019-imagery_basic,bp,mot,HighGamma + LDA,balanced_accuracy,1.0,3,chronological,48,12,46,0.1621880531311035,f0ad027786a9,0d79a81a67b3,within_subject,0.3.0.dev0,2026-09-10T20:16:28,
Miller2019-imagery_basic,bp,mot,LogBandPower + LDA,kappa,1.0,3,chronological,48,12,46,0.1719381809234619,ad4c2abc31c8,0d79a81a67b3,within_subject,0.3.0.dev0,2026-09-10T20:16:28,
Miller2019-imagery_basic,bp,mot,LogBandPower + LDA,accuracy,1.0,3,chronological,48,12,46,0.1719381809234619,ad4c2abc31c8,0d79a81a67b3,within_subject,0.3.0.dev0,2026-09-10T20:16:28,
Miller2019-imagery_basic,bp,mot,LogBandPower + LDA,balanced_accuracy,1.0,3,chronological,48,12,46,0.1719381809234619,ad4c2abc31c8,0d79a81a67b3,within_subject,0.3.0.dev0,2026-09-10T20:16:28,
Miller2019-imagery_basic,bp,mot,LogBandPower + LogReg,kappa,1.0,3,chronological,48,12,46,0.1551668643951416,688f919f3ab0,0d79a81a67b3,within_subject,0.3.0.dev0,2026-09-10T20:16:28,
Miller2019-imagery_basic,bp,mot,LogBandPower + LogReg,accuracy,1.0,3,chronological,48,12,46,0.1551668643951416,688f919f3ab0,0d79a81a67b3,within_subject,0.3.0.dev0,2026-09-10T20:16:28,
Miller2019-imagery_basic,bp,mot,LogBandPower + LogReg,balanced_accuracy,1.0,3,chronological,48,12,46,0.1551668643951416,688f919f3ab0,0d79a81a67b3,within_subject,0.3.0.dev0,2026-09-10T20:16:28,
Miller2019-imagery_basic,bp,mot,Riemann TS + LogReg,kappa,0.8,3,chronological,48,12,46,0.230057954788208,b4736e60e22e,0d79a81a67b3,within_subject,0.3.0.dev0,2026-09-10T20:16:28,
Miller2019-imagery_basic,bp,mot,Riemann TS + LogReg,accuracy,0.9166666666666666,3,chronological,48,12,46,0.230057954788208,b4736e60e22e,0d79a81a67b3,within_subject,0.3.0.dev0,2026-09-10T20:16:28,
Miller2019-imagery_basic,bp,mot,Riemann TS + LogReg,balanced_accuracy,0.875,3,chronological,48,12,46,0.230057954788208,b4736e60e22e,0d79a81a67b3,within_subject,0.3.0.dev0,2026-09-10T20:16:28,
Miller2019-imagery_basic,bp,mot,HighGamma + LDA,kappa,0.8333333333333334,4,chronological,48,12,46,0.1776759624481201,f0ad027786a9,0d79a81a67b3,within_subject,0.3.0.dev0,2026-09-10T20:16:28,
Miller2019-imagery_basic,bp,mot,HighGamma + LDA,accuracy,0.9166666666666666,4,chronological,48,12,46,0.1776759624481201,f0ad027786a9,0d79a81a67b3,within_subject,0.3.0.dev0,2026-09-10T20:16:28,
Miller2019-imagery_basic,bp,mot,HighGamma + LDA,balanced_accuracy,0.9166666666666669,4,chronological,48,12,46,0.1776759624481201,f0ad027786a9,0d79a81a67b3,within_subject,0.3.0.dev0,2026-09-10T20:16:28,
Miller2019-imagery_basic,bp,mot,LogBandPower + LDA,kappa,0.8333333333333334,4,chronological,48,12,46,0.1735689640045166,ad4c2abc31c8,0d79a81a67b3,within_subject,0.3.0.dev0,2026-09-10T20:16:28,
Miller2019-imagery_basic,bp,mot,LogBandPower + LDA,accuracy,0.9166666666666666,4,chronological,48,12,46,0.1735689640045166,ad4c2abc31c8,0d79a81a67b3,within_subject,0.3.0.dev0,2026-09-10T20:16:28,
Miller2019-imagery_basic,bp,mot,LogBandPower + LDA,balanced_accuracy,0.9166666666666669,4,chronological,48,12,46,0.1735689640045166,ad4c2abc31c8,0d79a81a67b3,within_subject,0.3.0.dev0,2026-09-10T20:16:28,
Miller2019-imagery_basic,bp,mot,LogBandPower + LogReg,kappa,0.8333333333333334,4,chronological,48,12,46,0.1639542579650879,688f919f3ab0,0d79a81a67b3,within_subject,0.3.0.dev0,2026-09-10T20:16:28,
Miller2019-imagery_basic,bp,mot,LogBandPower + LogReg,accuracy,0.9166666666666666,4,chronological,48,12,46,0.1639542579650879,688f919f3ab0,0d79a81a67b3,within_subject,0.3.0.dev0,2026-09-10T20:16:28,
Miller2019-imagery_basic,bp,mot,LogBandPower + LogReg,balanced_accuracy,0.9166666666666669,4,chronological,48,12,46,0.1639542579650879,688f919f3ab0,0d79a81a67b3,within_subject,0.3.0.dev0,2026-09-10T20:16:28,
Miller2019-imagery_basic,bp,mot,Riemann TS + LogReg,kappa,1.0,4,chronological,48,12,46,0.2625210285186767,b4736e60e22e,0d79a81a67b3,within_subject,0.3.0.dev0,2026-09-10T20:16:28,
Miller2019-imagery_basic,bp,mot,Riemann TS + LogReg,accuracy,1.0,4,chronological,48,12,46,0.2625210285186767,b4736e60e22e,0d79a81a67b3,within_subject,0.3.0.dev0,2026-09-10T20:16:28,
Miller2019-imagery_basic,bp,mot,Riemann TS + LogReg,balanced_accuracy,1.0,4,chronological,48,12,46,0.2625210285186767,b4736e60e22e,0d79a81a67b3,within_subject,0.3.0.dev0,2026-09-10T20:16:28,
Miller2019-imagery_basic,bp,im,HighGamma + LDA,kappa,-0.0909090909090908,0,chronological,48,12,46,0.1668629646301269,f0ad027786a9,0d79a81a67b3,within_subject,0.3.0.dev0,2026-09-10T20:16:28,
Miller2019-imagery_basic,bp,im,HighGamma + LDA,accuracy,0.5,0,chronological,48,12,46,0.1668629646301269,f0ad027786a9,0d79a81a67b3,within_subject,0.3.0.dev0,2026-09-10T20:16:28,
Miller2019-imagery_basic,bp,im,HighGamma + LDA,balanced_accuracy,0.4571428571428572,0,chronological,48,12,46,0.1668629646301269,f0ad027786a9,0d79a81a67b3,within_subject,0.3.0.dev0,2026-09-10T20:16:28,
Miller2019-imagery_basic,bp,im,LogBandPower + LDA,kappa,0.3142857142857143,0,chronological,48,12,46,0.1567788124084472,ad4c2abc31c8,0d79a81a67b3,within_subject,0.3.0.dev0,2026-09-10T20:16:28,
Miller2019-imagery_basic,bp,im,LogBandPower + LDA,accuracy,0.6666666666666666,0,chronological,48,12,46,0.1567788124084472,ad4c2abc31c8,0d79a81a67b3,within_subject,0.3.0.dev0,2026-09-10T20:16:28,
Miller2019-imagery_basic,bp,im,LogBandPower + LDA,balanced_accuracy,0.6571428571428571,0,chronological,48,12,46,0.1567788124084472,ad4c2abc31c8,0d79a81a67b3,within_subject,0.3.0.dev0,2026-09-10T20:16:28,
Miller2019-imagery_basic,bp,im,LogBandPower + LogReg,kappa,0.1176470588235294,0,chronological,48,12,46,0.1601042747497558,688f919f3ab0,0d79a81a67b3,within_subject,0.3.0.dev0,2026-09-10T20:16:28,
Miller2019-imagery_basic,bp,im,LogBandPower + LogReg,accuracy,0.5833333333333334,0,chronological,48,12,46,0.1601042747497558,688f919f3ab0,0d79a81a67b3,within_subject,0.3.0.dev0,2026-09-10T20:16:28,
Miller2019-imagery_basic,bp,im,LogBandPower + LogReg,balanced_accuracy,0.5571428571428572,0,chronological,48,12,46,0.1601042747497558,688f919f3ab0,0d79a81a67b3,within_subject,0.3.0.dev0,2026-09-10T20:16:28,
Miller2019-imagery_basic,bp,im,Riemann TS + LogReg,kappa,-0.2307692307692308,0,chronological,48,12,46,0.230137825012207,b4736e60e22e,0d79a81a67b3,within_subject,0.3.0.dev0,2026-09-10T20:16:28,
Miller2019-imagery_basic,bp,im,Riemann TS + LogReg,accuracy,0.3333333333333333,0,chronological,48,12,46,0.230137825012207,b4736e60e22e,0d79a81a67b3,within_subject,0.3.0.dev0,2026-09-10T20:16:28,
Miller2019-imagery_basic,bp,im,Riemann TS + LogReg,balanced_accuracy,0.3714285714285714,0,chronological,48,12,46,0.230137825012207,b4736e60e22e,0d79a81a67b3,within_subject,0.3.0.dev0,2026-09-10T20:16:28,
Miller2019-imagery_basic,bp,im,HighGamma + LDA,kappa,-0.1666666666666667,1,chronological,48,12,46,0.1831190586090088,f0ad027786a9,0d79a81a67b3,within_subject,0.3.0.dev0,2026-09-10T20:16:28,
Miller2019-imagery_basic,bp,im,HighGamma + LDA,accuracy,0.4166666666666667,1,chronological,48,12,46,0.1831190586090088,f0ad027786a9,0d79a81a67b3,within_subject,0.3.0.dev0,2026-09-10T20:16:28,
Miller2019-imagery_basic,bp,im,HighGamma + LDA,balanced_accuracy,0.4142857142857142,1,chronological,48,12,46,0.1831190586090088,f0ad027786a9,0d79a81a67b3,within_subject,0.3.0.dev0,2026-09-10T20:16:28,
Miller2019-imagery_basic,bp,im,LogBandPower + LDA,kappa,-0.1666666666666667,1,chronological,48,12,46,0.1631238460540771,ad4c2abc31c8,0d79a81a67b3,within_subject,0.3.0.dev0,2026-09-10T20:16:28,
Miller2019-imagery_basic,bp,im,LogBandPower + LDA,accuracy,0.4166666666666667,1,chronological,48,12,46,0.1631238460540771,ad4c2abc31c8,0d79a81a67b3,within_subject,0.3.0.dev0,2026-09-10T20:16:28,
Miller2019-imagery_basic,bp,im,LogBandPower + LDA,balanced_accuracy,0.4142857142857142,1,chronological,48,12,46,0.1631238460540771,ad4c2abc31c8,0d79a81a67b3,within_subject,0.3.0.dev0,2026-09-10T20:16:28,
Miller2019-imagery_basic,bp,im,LogBandPower + LogReg,kappa,-0.2972972972972973,1,chronological,48,12,46,0.1561379432678222,688f919f3ab0,0d79a81a67b3,within_subject,0.3.0.dev0,2026-09-10T20:16:28,
Miller2019-imagery_basic,bp,im,LogBandPower + LogReg,accuracy,0.3333333333333333,1,chronological,48,12,46,0.1561379432678222,688f919f3ab0,0d79a81a67b3,within_subject,0.3.0.dev0,2026-09-10T20:16:28,
Miller2019-imagery_basic,bp,im,LogBandPower + LogReg,balanced_accuracy,0.3428571428571428,1,chronological,48,12,46,0.1561379432678222,688f919f3ab0,0d79a81a67b3,within_subject,0.3.0.dev0,2026-09-10T20:16:28,
Miller2019-imagery_basic,bp,im,Riemann TS + LogReg,kappa,-0.1052631578947367,1,chronological,48,12,46,0.2261049747467041,b4736e60e22e,0d79a81a67b3,within_subject,0.3.0.dev0,2026-09-10T20:16:28,
Miller2019-imagery_basic,bp,im,Riemann TS + LogReg,accuracy,0.4166666666666667,1,chronological,48,12,46,0.2261049747467041,b4736e60e22e,0d79a81a67b3,within_subject,0.3.0.dev0,2026-09-10T20:16:28,
Miller2019-imagery_basic,bp,im,Riemann TS + LogReg,balanced_accuracy,0.4428571428571428,1,chronological,48,12,46,0.2261049747467041,b4736e60e22e,0d79a81a67b3,within_subject,0.3.0.dev0,2026-09-10T20:16:28,
Miller2019-imagery_basic,bp,im,HighGamma + LDA,kappa,0.1176470588235294,2,chronological,48,12,46,0.1719989776611328,f0ad027786a9,0d79a81a67b3,within_subject,0.3.0.dev0,2026-09-10T20:16:28,
Miller2019-imagery_basic,bp,im,HighGamma + LDA,accuracy,0.5833333333333334,2,chronological,48,12,46,0.1719989776611328,f0ad027786a9,0d79a81a67b3,within_subject,0.3.0.dev0,2026-09-10T20:16:28,
Miller2019-imagery_basic,bp,im,HighGamma + LDA,balanced_accuracy,0.5625,2,chronological,48,12,46,0.1719989776611328,f0ad027786a9,0d79a81a67b3,within_subject,0.3.0.dev0,2026-09-10T20:16:28,
Miller2019-imagery_basic,bp,im,LogBandPower + LDA,kappa,0.3333333333333333,2,chronological,48,12,46,0.1658079624176025,ad4c2abc31c8,0d79a81a67b3,within_subject,0.3.0.dev0,2026-09-10T20:16:28,
Miller2019-imagery_basic,bp,im,LogBandPower + LDA,accuracy,0.6666666666666666,2,chronological,48,12,46,0.1658079624176025,ad4c2abc31c8,0d79a81a67b3,within_subject,0.3.0.dev0,2026-09-10T20:16:28,
Miller2019-imagery_basic,bp,im,LogBandPower + LDA,balanced_accuracy,0.6875,2,chronological,48,12,46,0.1658079624176025,ad4c2abc31c8,0d79a81a67b3,within_subject,0.3.0.dev0,2026-09-10T20:16:28,
Miller2019-imagery_basic,bp,im,LogBandPower + LogReg,kappa,0.5263157894736843,2,chronological,48,12,46,0.185122013092041,688f919f3ab0,0d79a81a67b3,within_subject,0.3.0.dev0,2026-09-10T20:16:28,
Miller2019-imagery_basic,bp,im,LogBandPower + LogReg,accuracy,0.75,2,chronological,48,12,46,0.185122013092041,688f919f3ab0,0d79a81a67b3,within_subject,0.3.0.dev0,2026-09-10T20:16:28,
Miller2019-imagery_basic,bp,im,LogBandPower + LogReg,balanced_accuracy,0.8125,2,chronological,48,12,46,0.185122013092041,688f919f3ab0,0d79a81a67b3,within_subject,0.3.0.dev0,2026-09-10T20:16:28,
Miller2019-imagery_basic,bp,im,Riemann TS + LogReg,kappa,0.0,2,chronological,48,12,46,0.2517969608306885,b4736e60e22e,0d79a81a67b3,within_subject,0.3.0.dev0,2026-09-10T20:16:28,
Miller2019-imagery_basic,bp,im,Riemann TS + LogReg,accuracy,0.4166666666666667,2,chronological,48,12,46,0.2517969608306885,b4736e60e22e,0d79a81a67b3,within_subject,0.3.0.dev0,2026-09-10T20:16:28,
Miller2019-imagery_basic,bp,im,Riemann TS + LogReg,balanced_accuracy,0.5,2,chronological,48,12,46,0.2517969608306885,b4736e60e22e,0d79a81a67b3,within_subject,0.3.0.dev0,2026-09-10T20:16:28,
Miller2019-imagery_basic,bp,im,HighGamma + LDA,kappa,0.0,3,chronological,48,12,46,0.1535441875457763,f0ad027786a9,0d79a81a67b3,within_subject,0.3.0.dev0,2026-09-10T20:16:28,
Miller2019-imagery_basic,bp,im,HighGamma + LDA,accuracy,0.5,3,chronological,48,12,46,0.1535441875457763,f0ad027786a9,0d79a81a67b3,within_subject,0.3.0.dev0,2026-09-10T20:16:28,
Miller2019-imagery_basic,bp,im,HighGamma + LDA,balanced_accuracy,0.5,3,chronological,48,12,46,0.1535441875457763,f0ad027786a9,0d79a81a67b3,within_subject,0.3.0.dev0,2026-09-10T20:16:28,
Miller2019-imagery_basic,bp,im,LogBandPower + LDA,kappa,-0.3333333333333332,3,chronological,48,12,46,0.1732141971588134,ad4c2abc31c8,0d79a81a67b3,within_subject,0.3.0.dev0,2026-09-10T20:16:28,
Miller2019-imagery_basic,bp,im,LogBandPower + LDA,accuracy,0.3333333333333333,3,chronological,48,12,46,0.1732141971588134,ad4c2abc31c8,0d79a81a67b3,within_subject,0.3.0.dev0,2026-09-10T20:16:28,
Miller2019-imagery_basic,bp,im,LogBandPower + LDA,balanced_accuracy,0.3333333333333333,3,chronological,48,12,46,0.1732141971588134,ad4c2abc31c8,0d79a81a67b3,within_subject,0.3.0.dev0,2026-09-10T20:16:28,
Miller2019-imagery_basic,bp,im,LogBandPower + LogReg,kappa,-0.3333333333333332,3,chronological,48,12,46,0.1752569675445556,688f919f3ab0,0d79a81a67b3,within_subject,0.3.0.dev0,2026-09-10T20:16:28,
Miller2019-imagery_basic,bp,im,LogBandPower + LogReg,accuracy,0.3333333333333333,3,chronological,48,12,46,0.1752569675445556,688f919f3ab0,0d79a81a67b3,within_subject,0.3.0.dev0,2026-09-10T20:16:28,
Miller2019-imagery_basic,bp,im,LogBandPower + LogReg,balanced_accuracy,0.3333333333333333,3,chronological,48,12,46,0.1752569675445556,688f919f3ab0,0d79a81a67b3,within_subject,0.3.0.dev0,2026-09-10T20:16:28,
Miller2019-imagery_basic,bp,im,Riemann TS + LogReg,kappa,-0.1666666666666667,3,chronological,48,12,46,0.2547750473022461,b4736e60e22e,0d79a81a67b3,within_subject,0.3.0.dev0,2026-09-10T20:16:28,
Miller2019-imagery_basic,bp,im,Riemann TS + LogReg,accuracy,0.4166666666666667,3,chronological,48,12,46,0.2547750473022461,b4736e60e22e,0d79a81a67b3,within_subject,0.3.0.dev0,2026-09-10T20:16:28,
Miller2019-imagery_basic,bp,im,Riemann TS + LogReg,balanced_accuracy,0.4166666666666666,3,chronological,48,12,46,0.2547750473022461,b4736e60e22e,0d79a81a67b3,within_subject,0.3.0.dev0,2026-09-10T20:16:28,
Miller2019-imagery_basic,bp,im,HighGamma + LDA,kappa,0.6666666666666667,4,chronological,48,12,46,0.155134916305542,f0ad027786a9,0d79a81a67b3,within_subject,0.3.0.dev0,2026-09-10T20:16:28,
Miller2019-imagery_basic,bp,im,HighGamma + LDA,accuracy,0.8333333333333334,4,chronological,48,12,46,0.155134916305542,f0ad027786a9,0d79a81a67b3,within_subject,0.3.0.dev0,2026-09-10T20:16:28,
Miller2019-imagery_basic,bp,im,HighGamma + LDA,balanced_accuracy,0.8333333333333333,4,chronological,48,12,46,0.155134916305542,f0ad027786a9,0d79a81a67b3,within_subject,0.3.0.dev0,2026-09-10T20:16:28,
Miller2019-imagery_basic,bp,im,LogBandPower + LDA,kappa,0.8333333333333334,4,chronological,48,12,46,0.1653749942779541,ad4c2abc31c8,0d79a81a67b3,within_subject,0.3.0.dev0,2026-09-10T20:16:28,
Miller2019-imagery_basic,bp,im,LogBandPower + LDA,accuracy,0.9166666666666666,4,chronological,48,12,46,0.1653749942779541,ad4c2abc31c8,0d79a81a67b3,within_subject,0.3.0.dev0,2026-09-10T20:16:28,
Miller2019-imagery_basic,bp,im,LogBandPower + LDA,balanced_accuracy,0.9166666666666669,4,chronological,48,12,46,0.1653749942779541,ad4c2abc31c8,0d79a81a67b3,within_subject,0.3.0.dev0,2026-09-10T20:16:28,
Miller2019-imagery_basic,bp,im,LogBandPower + LogReg,kappa,0.6666666666666667,4,chronological,48,12,46,0.1777679920196533,688f919f3ab0,0d79a81a67b3,within_subject,0.3.0.dev0,2026-09-10T20:16:28,
Miller2019-imagery_basic,bp,im,LogBandPower + LogReg,accuracy,0.8333333333333334,4,chronological,48,12,46,0.1777679920196533,688f919f3ab0,0d79a81a67b3,within_subject,0.3.0.dev0,2026-09-10T20:16:28,
Miller2019-imagery_basic,bp,im,LogBandPower + LogReg,balanced_accuracy,0.8333333333333334,4,chronological,48,12,46,0.1777679920196533,688f919f3ab0,0d79a81a67b3,within_subject,0.3.0.dev0,2026-09-10T20:16:28,
Miller2019-imagery_basic,bp,im,Riemann TS + LogReg,kappa,0.0,4,chronological,48,12,46,0.2793061733245849,b4736e60e22e,0d79a81a67b3,within_subject,0.3.0.dev0,2026-09-10T20:16:28,
Miller2019-imagery_basic,bp,im,Riemann TS + LogReg,accuracy,0.5,4,chronological,48,12,46,0.2793061733245849,b4736e60e22e,0d79a81a67b3,within_subject,0.3.0.dev0,2026-09-10T20:16:28,
Miller2019-imagery_basic,bp,im,Riemann TS + LogReg,balanced_accuracy,0.5,4,chronological,48,12,46,0.2793061733245849,b4736e60e22e,0d79a81a67b3,within_subject,0.3.0.dev0,2026-09-10T20:16:28,
Miller2019-imagery_basic,fp,mot,HighGamma + LDA,kappa,0.8333333333333334,0,chronological,48,12,64,0.3077466487884521,f0ad027786a9,0d79a81a67b3,within_subject,0.3.0.dev0,2026-09-10T20:16:44,
Miller2019-imagery_basic,fp,mot,HighGamma + LDA,accuracy,0.9166666666666666,0,chronological,48,12,64,0.3077466487884521,f0ad027786a9,0d79a81a67b3,within_subject,0.3.0.dev0,2026-09-10T20:16:44,
Miller2019-imagery_basic,fp,mot,HighGamma + LDA,balanced_accuracy,0.9285714285714286,0,chronological,48,12,64,0.3077466487884521,f0ad027786a9,0d79a81a67b3,within_subject,0.3.0.dev0,2026-09-10T20:16:44,
Miller2019-imagery_basic,fp,mot,LogBandPower + LDA,kappa,0.6756756756756757,0,chronological,48,12,64,0.2685487270355224,ad4c2abc31c8,0d79a81a67b3,within_subject,0.3.0.dev0,2026-09-10T20:16:44,
Miller2019-imagery_basic,fp,mot,LogBandPower + LDA,accuracy,0.8333333333333334,0,chronological,48,12,64,0.2685487270355224,ad4c2abc31c8,0d79a81a67b3,within_subject,0.3.0.dev0,2026-09-10T20:16:44,
Miller2019-imagery_basic,fp,mot,LogBandPower + LDA,balanced_accuracy,0.8571428571428572,0,chronological,48,12,64,0.2685487270355224,ad4c2abc31c8,0d79a81a67b3,within_subject,0.3.0.dev0,2026-09-10T20:16:44,
Miller2019-imagery_basic,fp,mot,LogBandPower + LogReg,kappa,0.6756756756756757,0,chronological,48,12,64,0.248399019241333,688f919f3ab0,0d79a81a67b3,within_subject,0.3.0.dev0,2026-09-10T20:16:44,
Miller2019-imagery_basic,fp,mot,LogBandPower + LogReg,accuracy,0.8333333333333334,0,chronological,48,12,64,0.248399019241333,688f919f3ab0,0d79a81a67b3,within_subject,0.3.0.dev0,2026-09-10T20:16:44,
Miller2019-imagery_basic,fp,mot,LogBandPower + LogReg,balanced_accuracy,0.8571428571428572,0,chronological,48,12,64,0.248399019241333,688f919f3ab0,0d79a81a67b3,within_subject,0.3.0.dev0,2026-09-10T20:16:44,
Miller2019-imagery_basic,fp,mot,Riemann TS + LogReg,kappa,0.8333333333333334,0,chronological,48,12,64,0.4811639785766601,b4736e60e22e,0d79a81a67b3,within_subject,0.3.0.dev0,2026-09-10T20:16:44,
Miller2019-imagery_basic,fp,mot,Riemann TS + LogReg,accuracy,0.9166666666666666,0,chronological,48,12,64,0.4811639785766601,b4736e60e22e,0d79a81a67b3,within_subject,0.3.0.dev0,2026-09-10T20:16:44,
Miller2019-imagery_basic,fp,mot,Riemann TS + LogReg,balanced_accuracy,0.9285714285714286,0,chronological,48,12,64,0.4811639785766601,b4736e60e22e,0d79a81a67b3,within_subject,0.3.0.dev0,2026-09-10T20:16:44,
Miller2019-imagery_basic,fp,mot,HighGamma + LDA,kappa,1.0,1,chronological,48,12,64,0.2717897891998291,f0ad027786a9,0d79a81a67b3,within_subject,0.3.0.dev0,2026-09-10T20:16:44,
Miller2019-imagery_basic,fp,mot,HighGamma + LDA,accuracy,1.0,1,chronological,48,12,64,0.2717897891998291,f0ad027786a9,0d79a81a67b3,within_subject,0.3.0.dev0,2026-09-10T20:16:44,
Miller2019-imagery_basic,fp,mot,HighGamma + LDA,balanced_accuracy,1.0,1,chronological,48,12,64,0.2717897891998291,f0ad027786a9,0d79a81a67b3,within_subject,0.3.0.dev0,2026-09-10T20:16:44,
Miller2019-imagery_basic,fp,mot,LogBandPower + LDA,kappa,1.0,1,chronological,48,12,64,0.2631518840789795,ad4c2abc31c8,0d79a81a67b3,within_subject,0.3.0.dev0,2026-09-10T20:16:44,
Miller2019-imagery_basic,fp,mot,LogBandPower + LDA,accuracy,1.0,1,chronological,48,12,64,0.2631518840789795,ad4c2abc31c8,0d79a81a67b3,within_subject,0.3.0.dev0,2026-09-10T20:16:44,
Miller2019-imagery_basic,fp,mot,LogBandPower + LDA,balanced_accuracy,1.0,1,chronological,48,12,64,0.2631518840789795,ad4c2abc31c8,0d79a81a67b3,within_subject,0.3.0.dev0,2026-09-10T20:16:44,
Miller2019-imagery_basic,fp,mot,LogBandPower + LogReg,kappa,1.0,1,chronological,48,12,64,0.2391538619995117,688f919f3ab0,0d79a81a67b3,within_subject,0.3.0.dev0,2026-09-10T20:16:44,
Miller2019-imagery_basic,fp,mot,LogBandPower + LogReg,accuracy,1.0,1,chronological,48,12,64,0.2391538619995117,688f919f3ab0,0d79a81a67b3,within_subject,0.3.0.dev0,2026-09-10T20:16:44,
Miller2019-imagery_basic,fp,mot,LogBandPower + LogReg,balanced_accuracy,1.0,1,chronological,48,12,64,0.2391538619995117,688f919f3ab0,0d79a81a67b3,within_subject,0.3.0.dev0,2026-09-10T20:16:44,
Miller2019-imagery_basic,fp,mot,Riemann TS + LogReg,kappa,0.8235294117647058,1,chronological,48,12,64,0.4533751010894775,b4736e60e22e,0d79a81a67b3,within_subject,0.3.0.dev0,2026-09-10T20:16:44,
Miller2019-imagery_basic,fp,mot,Riemann TS + LogReg,accuracy,0.9166666666666666,1,chronological,48,12,64,0.4533751010894775,b4736e60e22e,0d79a81a67b3,within_subject,0.3.0.dev0,2026-09-10T20:16:44,
Miller2019-imagery_basic,fp,mot,Riemann TS + LogReg,balanced_accuracy,0.9,1,chronological,48,12,64,0.4533751010894775,b4736e60e22e,0d79a81a67b3,within_subject,0.3.0.dev0,2026-09-10T20:16:44,
Miller2019-imagery_basic,fp,mot,HighGamma + LDA,kappa,1.0,2,chronological,48,12,64,0.2512929439544678,f0ad027786a9,0d79a81a67b3,within_subject,0.3.0.dev0,2026-09-10T20:16:44,
Miller2019-imagery_basic,fp,mot,HighGamma + LDA,accuracy,1.0,2,chronological,48,12,64,0.2512929439544678,f0ad027786a9,0d79a81a67b3,within_subject,0.3.0.dev0,2026-09-10T20:16:44,
Miller2019-imagery_basic,fp,mot,HighGamma + LDA,balanced_accuracy,1.0,2,chronological,48,12,64,0.2512929439544678,f0ad027786a9,0d79a81a67b3,within_subject,0.3.0.dev0,2026-09-10T20:16:44,
Miller2019-imagery_basic,fp,mot,LogBandPower + LDA,kappa,0.8333333333333334,2,chronological,48,12,64,0.2468950748443603,ad4c2abc31c8,0d79a81a67b3,within_subject,0.3.0.dev0,2026-09-10T20:16:44,
Miller2019-imagery_basic,fp,mot,LogBandPower + LDA,accuracy,0.9166666666666666,2,chronological,48,12,64,0.2468950748443603,ad4c2abc31c8,0d79a81a67b3,within_subject,0.3.0.dev0,2026-09-10T20:16:44,
Miller2019-imagery_basic,fp,mot,LogBandPower + LDA,balanced_accuracy,0.9166666666666669,2,chronological,48,12,64,0.2468950748443603,ad4c2abc31c8,0d79a81a67b3,within_subject,0.3.0.dev0,2026-09-10T20:16:44,
Miller2019-imagery_basic,fp,mot,LogBandPower + LogReg,kappa,0.8333333333333334,2,chronological,48,12,64,0.2451090812683105,688f919f3ab0,0d79a81a67b3,within_subject,0.3.0.dev0,2026-09-10T20:16:44,
Miller2019-imagery_basic,fp,mot,LogBandPower + LogReg,accuracy,0.9166666666666666,2,chronological,48,12,64,0.2451090812683105,688f919f3ab0,0d79a81a67b3,within_subject,0.3.0.dev0,2026-09-10T20:16:44,
Miller2019-imagery_basic,fp,mot,LogBandPower + LogReg,balanced_accuracy,0.9166666666666669,2,chronological,48,12,64,0.2451090812683105,688f919f3ab0,0d79a81a67b3,within_subject,0.3.0.dev0,2026-09-10T20:16:44,
Miller2019-imagery_basic,fp,mot,Riemann TS + LogReg,kappa,1.0,2,chronological,48,12,64,0.4661600589752197,b4736e60e22e,0d79a81a67b3,within_subject,0.3.0.dev0,2026-09-10T20:16:44,
Miller2019-imagery_basic,fp,mot,Riemann TS + LogReg,accuracy,1.0,2,chronological,48,12,64,0.4661600589752197,b4736e60e22e,0d79a81a67b3,within_subject,0.3.0.dev0,2026-09-10T20:16:44,
Miller2019-imagery_basic,fp,mot,Riemann TS + LogReg,balanced_accuracy,1.0,2,chronological,48,12,64,0.4661600589752197,b4736e60e22e,0d79a81a67b3,within_subject,0.3.0.dev0,2026-09-10T20:16:44,
Miller2019-imagery_basic,fp,mot,HighGamma + LDA,kappa,1.0,3,chronological,48,12,64,0.2532122135162353,f0ad027786a9,0d79a81a67b3,within_subject,0.3.0.dev0,2026-09-10T20:16:44,
Miller2019-imagery_basic,fp,mot,HighGamma + LDA,accuracy,1.0,3,chronological,48,12,64,0.2532122135162353,f0ad027786a9,0d79a81a67b3,within_subject,0.3.0.dev0,2026-09-10T20:16:44,
Miller2019-imagery_basic,fp,mot,HighGamma + LDA,balanced_accuracy,1.0,3,chronological,48,12,64,0.2532122135162353,f0ad027786a9,0d79a81a67b3,within_subject,0.3.0.dev0,2026-09-10T20:16:44,
Miller2019-imagery_basic,fp,mot,LogBandPower + LDA,kappa,0.8333333333333334,3,chronological,48,12,64,0.2833940982818603,ad4c2abc31c8,0d79a81a67b3,within_subject,0.3.0.dev0,2026-09-10T20:16:44,
Miller2019-imagery_basic,fp,mot,LogBandPower + LDA,accuracy,0.9166666666666666,3,chronological,48,12,64,0.2833940982818603,ad4c2abc31c8,0d79a81a67b3,within_subject,0.3.0.dev0,2026-09-10T20:16:44,
Miller2019-imagery_basic,fp,mot,LogBandPower + LDA,balanced_accuracy,0.9166666666666669,3,chronological,48,12,64,0.2833940982818603,ad4c2abc31c8,0d79a81a67b3,within_subject,0.3.0.dev0,2026-09-10T20:16:44,
Miller2019-imagery_basic,fp,mot,LogBandPower + LogReg,kappa,0.6666666666666667,3,chronological,48,12,64,0.2829339504241943,688f919f3ab0,0d79a81a67b3,within_subject,0.3.0.dev0,2026-09-10T20:16:44,
Miller2019-imagery_basic,fp,mot,LogBandPower + LogReg,accuracy,0.8333333333333334,3,chronological,48,12,64,0.2829339504241943,688f919f3ab0,0d79a81a67b3,within_subject,0.3.0.dev0,2026-09-10T20:16:44,
Miller2019-imagery_basic,fp,mot,LogBandPower + LogReg,balanced_accuracy,0.8333333333333334,3,chronological,48,12,64,0.2829339504241943,688f919f3ab0,0d79a81a67b3,within_subject,0.3.0.dev0,2026-09-10T20:16:44,
Miller2019-imagery_basic,fp,mot,Riemann TS + LogReg,kappa,1.0,3,chronological,48,12,64,0.532447099685669,b4736e60e22e,0d79a81a67b3,within_subject,0.3.0.dev0,2026-09-10T20:16:44,
Miller2019-imagery_basic,fp,mot,Riemann TS + LogReg,accuracy,1.0,3,chronological,48,12,64,0.532447099685669,b4736e60e22e,0d79a81a67b3,within_subject,0.3.0.dev0,2026-09-10T20:16:44,
Miller2019-imagery_basic,fp,mot,Riemann TS + LogReg,balanced_accuracy,1.0,3,chronological,48,12,64,0.532447099685669,b4736e60e22e,0d79a81a67b3,within_subject,0.3.0.dev0,2026-09-10T20:16:44,
Miller2019-imagery_basic,fp,mot,HighGamma + LDA,kappa,0.6666666666666667,4,chronological,48,12,64,0.2589790821075439,f0ad027786a9,0d79a81a67b3,within_subject,0.3.0.dev0,2026-09-10T20:16:44,
Miller2019-imagery_basic,fp,mot,HighGamma + LDA,accuracy,0.8333333333333334,4,chronological,48,12,64,0.2589790821075439,f0ad027786a9,0d79a81a67b3,within_subject,0.3.0.dev0,2026-09-10T20:16:44,
Miller2019-imagery_basic,fp,mot,HighGamma + LDA,balanced_accuracy,0.875,4,chronological,48,12,64,0.2589790821075439,f0ad027786a9,0d79a81a67b3,within_subject,0.3.0.dev0,2026-09-10T20:16:44,
Miller2019-imagery_basic,fp,mot,LogBandPower + LDA,kappa,0.6666666666666667,4,chronological,48,12,64,0.2669172286987304,ad4c2abc31c8,0d79a81a67b3,within_subject,0.3.0.dev0,2026-09-10T20:16:44,
Miller2019-imagery_basic,fp,mot,LogBandPower + LDA,accuracy,0.8333333333333334,4,chronological,48,12,64,0.2669172286987304,ad4c2abc31c8,0d79a81a67b3,within_subject,0.3.0.dev0,2026-09-10T20:16:44,
Miller2019-imagery_basic,fp,mot,LogBandPower + LDA,balanced_accuracy,0.875,4,chronological,48,12,64,0.2669172286987304,ad4c2abc31c8,0d79a81a67b3,within_subject,0.3.0.dev0,2026-09-10T20:16:44,
Miller2019-imagery_basic,fp,mot,LogBandPower + LogReg,kappa,0.5263157894736843,4,chronological,48,12,64,0.261948823928833,688f919f3ab0,0d79a81a67b3,within_subject,0.3.0.dev0,2026-09-10T20:16:44,
Miller2019-imagery_basic,fp,mot,LogBandPower + LogReg,accuracy,0.75,4,chronological,48,12,64,0.261948823928833,688f919f3ab0,0d79a81a67b3,within_subject,0.3.0.dev0,2026-09-10T20:16:44,
Miller2019-imagery_basic,fp,mot,LogBandPower + LogReg,balanced_accuracy,0.8125,4,chronological,48,12,64,0.261948823928833,688f919f3ab0,0d79a81a67b3,within_subject,0.3.0.dev0,2026-09-10T20:16:44,
Miller2019-imagery_basic,fp,mot,Riemann TS + LogReg,kappa,0.6666666666666667,4,chronological,48,12,64,0.5758106708526611,b4736e60e22e,0d79a81a67b3,within_subject,0.3.0.dev0,2026-09-10T20:16:44,
Miller2019-imagery_basic,fp,mot,Riemann TS + LogReg,accuracy,0.8333333333333334,4,chronological,48,12,64,0.5758106708526611,b4736e60e22e,0d79a81a67b3,within_subject,0.3.0.dev0,2026-09-10T20:16:44,
Miller2019-imagery_basic,fp,mot,Riemann TS + LogReg,balanced_accuracy,0.875,4,chronological,48,12,64,0.5758106708526611,b4736e60e22e,0d79a81a67b3,within_subject,0.3.0.dev0,2026-09-10T20:16:44,
Miller2019-imagery_basic,fp,im,HighGamma + LDA,kappa,0.6756756756756757,0,chronological,48,12,64,0.2862861156463623,f0ad027786a9,0d79a81a67b3,within_subject,0.3.0.dev0,2026-09-10T20:16:44,
Miller2019-imagery_basic,fp,im,HighGamma + LDA,accuracy,0.8333333333333334,0,chronological,48,12,64,0.2862861156463623,f0ad027786a9,0d79a81a67b3,within_subject,0.3.0.dev0,2026-09-10T20:16:44,
Miller2019-imagery_basic,fp,im,HighGamma + LDA,balanced_accuracy,0.8571428571428572,0,chronological,48,12,64,0.2862861156463623,f0ad027786a9,0d79a81a67b3,within_subject,0.3.0.dev0,2026-09-10T20:16:44,
Miller2019-imagery_basic,fp,im,LogBandPower + LDA,kappa,0.6756756756756757,0,chronological,48,12,64,0.2888219356536865,ad4c2abc31c8,0d79a81a67b3,within_subject,0.3.0.dev0,2026-09-10T20:16:44,
Miller2019-imagery_basic,fp,im,LogBandPower + LDA,accuracy,0.8333333333333334,0,chronological,48,12,64,0.2888219356536865,ad4c2abc31c8,0d79a81a67b3,within_subject,0.3.0.dev0,2026-09-10T20:16:44,
Miller2019-imagery_basic,fp,im,LogBandPower + LDA,balanced_accuracy,0.8571428571428572,0,chronological,48,12,64,0.2888219356536865,ad4c2abc31c8,0d79a81a67b3,within_subject,0.3.0.dev0,2026-09-10T20:16:44,
Miller2019-imagery_basic,fp,im,LogBandPower + LogReg,kappa,0.6756756756756757,0,chronological,48,12,64,0.2618582248687744,688f919f3ab0,0d79a81a67b3,within_subject,0.3.0.dev0,2026-09-10T20:16:44,
Miller2019-imagery_basic,fp,im,LogBandPower + LogReg,accuracy,0.8333333333333334,0,chronological,48,12,64,0.2618582248687744,688f919f3ab0,0d79a81a67b3,within_subject,0.3.0.dev0,2026-09-10T20:16:44,
Miller2019-imagery_basic,fp,im,LogBandPower + LogReg,balanced_accuracy,0.8571428571428572,0,chronological,48,12,64,0.2618582248687744,688f919f3ab0,0d79a81a67b3,within_subject,0.3.0.dev0,2026-09-10T20:16:44,
Miller2019-imagery_basic,fp,im,Riemann TS + LogReg,kappa,0.1666666666666666,0,chronological,48,12,64,0.4688670635223388,b4736e60e22e,0d79a81a67b3,within_subject,0.3.0.dev0,2026-09-10T20:16:44,
Miller2019-imagery_basic,fp,im,Riemann TS + LogReg,accuracy,0.5833333333333334,0,chronological,48,12,64,0.4688670635223388,b4736e60e22e,0d79a81a67b3,within_subject,0.3.0.dev0,2026-09-10T20:16:44,
Miller2019-imagery_basic,fp,im,Riemann TS + LogReg,balanced_accuracy,0.5857142857142856,0,chronological,48,12,64,0.4688670635223388,b4736e60e22e,0d79a81a67b3,within_subject,0.3.0.dev0,2026-09-10T20:16:44,
Miller2019-imagery_basic,fp,im,HighGamma + LDA,kappa,0.3142857142857143,1,chronological,48,12,64,0.2706098556518554,f0ad027786a9,0d79a81a67b3,within_subject,0.3.0.dev0,2026-09-10T20:16:44,
Miller2019-imagery_basic,fp,im,HighGamma + LDA,accuracy,0.6666666666666666,1,chronological,48,12,64,0.2706098556518554,f0ad027786a9,0d79a81a67b3,within_subject,0.3.0.dev0,2026-09-10T20:16:44,
Miller2019-imagery_basic,fp,im,HighGamma + LDA,balanced_accuracy,0.6571428571428571,1,chronological,48,12,64,0.2706098556518554,f0ad027786a9,0d79a81a67b3,within_subject,0.3.0.dev0,2026-09-10T20:16:44,
Miller2019-imagery_basic,fp,im,LogBandPower + LDA,kappa,-0.2307692307692308,1,chronological,48,12,64,0.2766711711883545,ad4c2abc31c8,0d79a81a67b3,within_subject,0.3.0.dev0,2026-09-10T20:16:44,
Miller2019-imagery_basic,fp,im,LogBandPower + LDA,accuracy,0.3333333333333333,1,chronological,48,12,64,0.2766711711883545,ad4c2abc31c8,0d79a81a67b3,within_subject,0.3.0.dev0,2026-09-10T20:16:44,
Miller2019-imagery_basic,fp,im,LogBandPower + LDA,balanced_accuracy,0.3714285714285714,1,chronological,48,12,64,0.2766711711883545,ad4c2abc31c8,0d79a81a67b3,within_subject,0.3.0.dev0,2026-09-10T20:16:44,
Miller2019-imagery_basic,fp,im,LogBandPower + LogReg,kappa,-0.2307692307692308,1,chronological,48,12,64,0.2758378982543945,688f919f3ab0,0d79a81a67b3,within_subject,0.3.0.dev0,2026-09-10T20:16:44,
Miller2019-imagery_basic,fp,im,LogBandPower + LogReg,accuracy,0.3333333333333333,1,chronological,48,12,64,0.2758378982543945,688f919f3ab0,0d79a81a67b3,within_subject,0.3.0.dev0,2026-09-10T20:16:44,
Miller2019-imagery_basic,fp,im,LogBandPower + LogReg,balanced_accuracy,0.3714285714285714,1,chronological,48,12,64,0.2758378982543945,688f919f3ab0,0d79a81a67b3,within_subject,0.3.0.dev0,2026-09-10T20:16:44,
Miller2019-imagery_basic,fp,im,Riemann TS + LogReg,kappa,0.2499999999999999,1,chronological,48,12,64,0.4291622638702392,b4736e60e22e,0d79a81a67b3,within_subject,0.3.0.dev0,2026-09-10T20:16:44,
Miller2019-imagery_basic,fp,im,Riemann TS + LogReg,accuracy,0.5833333333333334,1,chronological,48,12,64,0.4291622638702392,b4736e60e22e,0d79a81a67b3,within_subject,0.3.0.dev0,2026-09-10T20:16:44,
Miller2019-imagery_basic,fp,im,Riemann TS + LogReg,balanced_accuracy,0.6428571428571428,1,chronological,48,12,64,0.4291622638702392,b4736e60e22e,0d79a81a67b3,within_subject,0.3.0.dev0,2026-09-10T20:16:44,
Miller2019-imagery_basic,fp,im,HighGamma + LDA,kappa,0.2857142857142857,2,chronological,48,12,64,0.2616200447082519,f0ad027786a9,0d79a81a67b3,within_subject,0.3.0.dev0,2026-09-10T20:16:44,
Miller2019-imagery_basic,fp,im,HighGamma + LDA,accuracy,0.5833333333333334,2,chronological,48,12,64,0.2616200447082519,f0ad027786a9,0d79a81a67b3,within_subject,0.3.0.dev0,2026-09-10T20:16:44,
Miller2019-imagery_basic,fp,im,HighGamma + LDA,balanced_accuracy,0.7222222222222222,2,chronological,48,12,64,0.2616200447082519,f0ad027786a9,0d79a81a67b3,within_subject,0.3.0.dev0,2026-09-10T20:16:44,
Miller2019-imagery_basic,fp,im,LogBandPower + LDA,kappa,0.0769230769230768,2,chronological,48,12,64,0.3110132217407226,ad4c2abc31c8,0d79a81a67b3,within_subject,0.3.0.dev0,2026-09-10T20:16:44,
Miller2019-imagery_basic,fp,im,LogBandPower + LDA,accuracy,0.5,2,chronological,48,12,64,0.3110132217407226,ad4c2abc31c8,0d79a81a67b3,within_subject,0.3.0.dev0,2026-09-10T20:16:44,
Miller2019-imagery_basic,fp,im,LogBandPower + LDA,balanced_accuracy,0.5555555555555556,2,chronological,48,12,64,0.3110132217407226,ad4c2abc31c8,0d79a81a67b3,within_subject,0.3.0.dev0,2026-09-10T20:16:44,
Miller2019-imagery_basic,fp,im,LogBandPower + LogReg,kappa,0.0769230769230768,2,chronological,48,12,64,0.2607831954956054,688f919f3ab0,0d79a81a67b3,within_subject,0.3.0.dev0,2026-09-10T20:16:44,
Miller2019-imagery_basic,fp,im,LogBandPower + LogReg,accuracy,0.5,2,chronological,48,12,64,0.2607831954956054,688f919f3ab0,0d79a81a67b3,within_subject,0.3.0.dev0,2026-09-10T20:16:44,
Miller2019-imagery_basic,fp,im,LogBandPower + LogReg,balanced_accuracy,0.5555555555555556,2,chronological,48,12,64,0.2607831954956054,688f919f3ab0,0d79a81a67b3,within_subject,0.3.0.dev0,2026-09-10T20:16:44,
Miller2019-imagery_basic,fp,im,Riemann TS + LogReg,kappa,0.2857142857142857,2,chronological,48,12,64,0.40242600440979,b4736e60e22e,0d79a81a67b3,within_subject,0.3.0.dev0,2026-09-10T20:16:44,
Miller2019-imagery_basic,fp,im,Riemann TS + LogReg,accuracy,0.5833333333333334,2,chronological,48,12,64,0.40242600440979,b4736e60e22e,0d79a81a67b3,within_subject,0.3.0.dev0,2026-09-10T20:16:44,
Miller2019-imagery_basic,fp,im,Riemann TS + LogReg,balanced_accuracy,0.7222222222222222,2,chronological,48,12,64,0.40242600440979,b4736e60e22e,0d79a81a67b3,within_subject,0.3.0.dev0,2026-09-10T20:16:44,
Miller2019-imagery_basic,fp,im,HighGamma + LDA,kappa,0.3846153846153846,3,chronological,48,12,64,0.2600719928741455,f0ad027786a9,0d79a81a67b3,within_subject,0.3.0.dev0,2026-09-10T20:16:44,
Miller2019-imagery_basic,fp,im,HighGamma + LDA,accuracy,0.6666666666666666,3,chronological,48,12,64,0.2600719928741455,f0ad027786a9,0d79a81a67b3,within_subject,0.3.0.dev0,2026-09-10T20:16:44,
Miller2019-imagery_basic,fp,im,HighGamma + LDA,balanced_accuracy,0.7142857142857143,3,chronological,48,12,64,0.2600719928741455,f0ad027786a9,0d79a81a67b3,within_subject,0.3.0.dev0,2026-09-10T20:16:44,
Miller2019-imagery_basic,fp,im,LogBandPower + LDA,kappa,0.3513513513513513,3,chronological,48,12,64,0.3114438056945801,ad4c2abc31c8,0d79a81a67b3,within_subject,0.3.0.dev0,2026-09-10T20:16:44,
Miller2019-imagery_basic,fp,im,LogBandPower + LDA,accuracy,0.6666666666666666,3,chronological,48,12,64,0.3114438056945801,ad4c2abc31c8,0d79a81a67b3,within_subject,0.3.0.dev0,2026-09-10T20:16:44,
Miller2019-imagery_basic,fp,im,LogBandPower + LDA,balanced_accuracy,0.6857142857142857,3,chronological,48,12,64,0.3114438056945801,ad4c2abc31c8,0d79a81a67b3,within_subject,0.3.0.dev0,2026-09-10T20:16:44,
Miller2019-imagery_basic,fp,im,LogBandPower + LogReg,kappa,0.1666666666666666,3,chronological,48,12,64,0.2703838348388672,688f919f3ab0,0d79a81a67b3,within_subject,0.3.0.dev0,2026-09-10T20:16:44,
Miller2019-imagery_basic,fp,im,LogBandPower + LogReg,accuracy,0.5833333333333334,3,chronological,48,12,64,0.2703838348388672,688f919f3ab0,0d79a81a67b3,within_subject,0.3.0.dev0,2026-09-10T20:16:44,
Miller2019-imagery_basic,fp,im,LogBandPower + LogReg,balanced_accuracy,0.5857142857142856,3,chronological,48,12,64,0.2703838348388672,688f919f3ab0,0d79a81a67b3,within_subject,0.3.0.dev0,2026-09-10T20:16:44,
Miller2019-imagery_basic,fp,im,Riemann TS + LogReg,kappa,0.5,3,chronological,48,12,64,0.4121830463409424,b4736e60e22e,0d79a81a67b3,within_subject,0.3.0.dev0,2026-09-10T20:16:44,
Miller2019-imagery_basic,fp,im,Riemann TS + LogReg,accuracy,0.75,3,chronological,48,12,64,0.4121830463409424,b4736e60e22e,0d79a81a67b3,within_subject,0.3.0.dev0,2026-09-10T20:16:44,
Miller2019-imagery_basic,fp,im,Riemann TS + LogReg,balanced_accuracy,0.7571428571428571,3,chronological,48,12,64,0.4121830463409424,b4736e60e22e,0d79a81a67b3,within_subject,0.3.0.dev0,2026-09-10T20:16:44,
Miller2019-imagery_basic,fp,im,HighGamma + LDA,kappa,0.5,4,chronological,48,12,64,0.252971887588501,f0ad027786a9,0d79a81a67b3,within_subject,0.3.0.dev0,2026-09-10T20:16:44,
Miller2019-imagery_basic,fp,im,HighGamma + LDA,accuracy,0.75,4,chronological,48,12,64,0.252971887588501,f0ad027786a9,0d79a81a67b3,within_subject,0.3.0.dev0,2026-09-10T20:16:44,
Miller2019-imagery_basic,fp,im,HighGamma + LDA,balanced_accuracy,0.75,4,chronological,48,12,64,0.252971887588501,f0ad027786a9,0d79a81a67b3,within_subject,0.3.0.dev0,2026-09-10T20:16:44,
Miller2019-imagery_basic,fp,im,LogBandPower + LDA,kappa,0.3333333333333333,4,chronological,48,12,64,0.2760200500488281,ad4c2abc31c8,0d79a81a67b3,within_subject,0.3.0.dev0,2026-09-10T20:16:44,
Miller2019-imagery_basic,fp,im,LogBandPower + LDA,accuracy,0.6666666666666666,4,chronological,48,12,64,0.2760200500488281,ad4c2abc31c8,0d79a81a67b3,within_subject,0.3.0.dev0,2026-09-10T20:16:44,
Miller2019-imagery_basic,fp,im,LogBandPower + LDA,balanced_accuracy,0.6666666666666667,4,chronological,48,12,64,0.2760200500488281,ad4c2abc31c8,0d79a81a67b3,within_subject,0.3.0.dev0,2026-09-10T20:16:44,
Miller2019-imagery_basic,fp,im,LogBandPower + LogReg,kappa,0.1666666666666666,4,chronological,48,12,64,0.2798919677734375,688f919f3ab0,0d79a81a67b3,within_subject,0.3.0.dev0,2026-09-10T20:16:44,
Miller2019-imagery_basic,fp,im,LogBandPower + LogReg,accuracy,0.5833333333333334,4,chronological,48,12,64,0.2798919677734375,688f919f3ab0,0d79a81a67b3,within_subject,0.3.0.dev0,2026-09-10T20:16:44,
Miller2019-imagery_basic,fp,im,LogBandPower + LogReg,balanced_accuracy,0.5833333333333333,4,chronological,48,12,64,0.2798919677734375,688f919f3ab0,0d79a81a67b3,within_subject,0.3.0.dev0,2026-09-10T20:16:44,
Miller2019-imagery_basic,fp,im,Riemann TS + LogReg,kappa,0.5,4,chronological,48,12,64,0.499614953994751,b4736e60e22e,0d79a81a67b3,within_subject,0.3.0.dev0,2026-09-10T20:16:44,
Miller2019-imagery_basic,fp,im,Riemann TS + LogReg,accuracy,0.75,4,chronological,48,12,64,0.499614953994751,b4736e60e22e,0d79a81a67b3,within_subject,0.3.0.dev0,2026-09-10T20:16:44,
Miller2019-imagery_basic,fp,im,Riemann TS + LogReg,balanced_accuracy,0.75,4,chronological,48,12,64,0.499614953994751,b4736e60e22e,0d79a81a67b3,within_subject,0.3.0.dev0,2026-09-10T20:16:44,
Miller2019-imagery_basic,hh,mot,HighGamma + LDA,kappa,1.0,0,chronological,48,12,48,0.1860840320587158,f0ad027786a9,0d79a81a67b3,within_subject,0.3.0.dev0,2026-09-10T20:16:54,
Miller2019-imagery_basic,hh,mot,HighGamma + LDA,accuracy,1.0,0,chronological,48,12,48,0.1860840320587158,f0ad027786a9,0d79a81a67b3,within_subject,0.3.0.dev0,2026-09-10T20:16:54,
Miller2019-imagery_basic,hh,mot,HighGamma + LDA,balanced_accuracy,1.0,0,chronological,48,12,48,0.1860840320587158,f0ad027786a9,0d79a81a67b3,within_subject,0.3.0.dev0,2026-09-10T20:16:54,
Miller2019-imagery_basic,hh,mot,LogBandPower + LDA,kappa,1.0,0,chronological,48,12,48,0.1793410778045654,ad4c2abc31c8,0d79a81a67b3,within_subject,0.3.0.dev0,2026-09-10T20:16:54,
Miller2019-imagery_basic,hh,mot,LogBandPower + LDA,accuracy,1.0,0,chronological,48,12,48,0.1793410778045654,ad4c2abc31c8,0d79a81a67b3,within_subject,0.3.0.dev0,2026-09-10T20:16:54,
Miller2019-imagery_basic,hh,mot,LogBandPower + LDA,balanced_accuracy,1.0,0,chronological,48,12,48,0.1793410778045654,ad4c2abc31c8,0d79a81a67b3,within_subject,0.3.0.dev0,2026-09-10T20:16:54,
Miller2019-imagery_basic,hh,mot,LogBandPower + LogReg,kappa,0.8333333333333334,0,chronological,48,12,48,0.1933231353759765,688f919f3ab0,0d79a81a67b3,within_subject,0.3.0.dev0,2026-09-10T20:16:54,
Miller2019-imagery_basic,hh,mot,LogBandPower + LogReg,accuracy,0.9166666666666666,0,chronological,48,12,48,0.1933231353759765,688f919f3ab0,0d79a81a67b3,within_subject,0.3.0.dev0,2026-09-10T20:16:54,
Miller2019-imagery_basic,hh,mot,LogBandPower + LogReg,balanced_accuracy,0.9285714285714286,0,chronological,48,12,48,0.1933231353759765,688f919f3ab0,0d79a81a67b3,within_subject,0.3.0.dev0,2026-09-10T20:16:54,
Miller2019-imagery_basic,hh,mot,Riemann TS + LogReg,kappa,0.2499999999999999,0,chronological,48,12,48,0.3254351615905761,b4736e60e22e,0d79a81a67b3,within_subject,0.3.0.dev0,2026-09-10T20:16:54,
Miller2019-imagery_basic,hh,mot,Riemann TS + LogReg,accuracy,0.5833333333333334,0,chronological,48,12,48,0.3254351615905761,b4736e60e22e,0d79a81a67b3,within_subject,0.3.0.dev0,2026-09-10T20:16:54,
Miller2019-imagery_basic,hh,mot,Riemann TS + LogReg,balanced_accuracy,0.6428571428571428,0,chronological,48,12,48,0.3254351615905761,b4736e60e22e,0d79a81a67b3,within_subject,0.3.0.dev0,2026-09-10T20:16:54,
Miller2019-imagery_basic,hh,mot,HighGamma + LDA,kappa,0.4705882352941176,1,chronological,48,12,48,0.1673619747161865,f0ad027786a9,0d79a81a67b3,within_subject,0.3.0.dev0,2026-09-10T20:16:54,
Miller2019-imagery_basic,hh,mot,HighGamma + LDA,accuracy,0.75,1,chronological,48,12,48,0.1673619747161865,f0ad027786a9,0d79a81a67b3,within_subject,0.3.0.dev0,2026-09-10T20:16:54,
Miller2019-imagery_basic,hh,mot,HighGamma + LDA,balanced_accuracy,0.7285714285714285,1,chronological,48,12,48,0.1673619747161865,f0ad027786a9,0d79a81a67b3,within_subject,0.3.0.dev0,2026-09-10T20:16:54,
Miller2019-imagery_basic,hh,mot,LogBandPower + LDA,kappa,0.4705882352941176,1,chronological,48,12,48,0.1836559772491455,ad4c2abc31c8,0d79a81a67b3,within_subject,0.3.0.dev0,2026-09-10T20:16:54,
Miller2019-imagery_basic,hh,mot,LogBandPower + LDA,accuracy,0.75,1,chronological,48,12,48,0.1836559772491455,ad4c2abc31c8,0d79a81a67b3,within_subject,0.3.0.dev0,2026-09-10T20:16:54,
Miller2019-imagery_basic,hh,mot,LogBandPower + LDA,balanced_accuracy,0.7285714285714285,1,chronological,48,12,48,0.1836559772491455,ad4c2abc31c8,0d79a81a67b3,within_subject,0.3.0.dev0,2026-09-10T20:16:54,
Miller2019-imagery_basic,hh,mot,LogBandPower + LogReg,kappa,0.4705882352941176,1,chronological,48,12,48,0.1803209781646728,688f919f3ab0,0d79a81a67b3,within_subject,0.3.0.dev0,2026-09-10T20:16:54,
Miller2019-imagery_basic,hh,mot,LogBandPower + LogReg,accuracy,0.75,1,chronological,48,12,48,0.1803209781646728,688f919f3ab0,0d79a81a67b3,within_subject,0.3.0.dev0,2026-09-10T20:16:54,
Miller2019-imagery_basic,hh,mot,LogBandPower + LogReg,balanced_accuracy,0.7285714285714285,1,chronological,48,12,48,0.1803209781646728,688f919f3ab0,0d79a81a67b3,within_subject,0.3.0.dev0,2026-09-10T20:16:54,
Miller2019-imagery_basic,hh,mot,Riemann TS + LogReg,kappa,-0.2352941176470586,1,chronological,48,12,48,0.2754430770874023,b4736e60e22e,0d79a81a67b3,within_subject,0.3.0.dev0,2026-09-10T20:16:54,
Miller2019-imagery_basic,hh,mot,Riemann TS + LogReg,accuracy,0.4166666666666667,1,chronological,48,12,48,0.2754430770874023,b4736e60e22e,0d79a81a67b3,within_subject,0.3.0.dev0,2026-09-10T20:16:54,
Miller2019-imagery_basic,hh,mot,Riemann TS + LogReg,balanced_accuracy,0.3857142857142857,1,chronological,48,12,48,0.2754430770874023,b4736e60e22e,0d79a81a67b3,within_subject,0.3.0.dev0,2026-09-10T20:16:54,
Miller2019-imagery_basic,hh,mot,HighGamma + LDA,kappa,0.5263157894736843,2,chronological,48,12,48,0.168464183807373,f0ad027786a9,0d79a81a67b3,within_subject,0.3.0.dev0,2026-09-10T20:16:54,
Miller2019-imagery_basic,hh,mot,HighGamma + LDA,accuracy,0.75,2,chronological,48,12,48,0.168464183807373,f0ad027786a9,0d79a81a67b3,within_subject,0.3.0.dev0,2026-09-10T20:16:54,
Miller2019-imagery_basic,hh,mot,HighGamma + LDA,balanced_accuracy,0.8125,2,chronological,48,12,48,0.168464183807373,f0ad027786a9,0d79a81a67b3,within_subject,0.3.0.dev0,2026-09-10T20:16:54,
Miller2019-imagery_basic,hh,mot,LogBandPower + LDA,kappa,1.0,2,chronological,48,12,48,0.1804440021514892,ad4c2abc31c8,0d79a81a67b3,within_subject,0.3.0.dev0,2026-09-10T20:16:54,
Miller2019-imagery_basic,hh,mot,LogBandPower + LDA,accuracy,1.0,2,chronological,48,12,48,0.1804440021514892,ad4c2abc31c8,0d79a81a67b3,within_subject,0.3.0.dev0,2026-09-10T20:16:54,
Miller2019-imagery_basic,hh,mot,LogBandPower + LDA,balanced_accuracy,1.0,2,chronological,48,12,48,0.1804440021514892,ad4c2abc31c8,0d79a81a67b3,within_subject,0.3.0.dev0,2026-09-10T20:16:54,
Miller2019-imagery_basic,hh,mot,LogBandPower + LogReg,kappa,1.0,2,chronological,48,12,48,0.1832530498504638,688f919f3ab0,0d79a81a67b3,within_subject,0.3.0.dev0,2026-09-10T20:16:54,
Miller2019-imagery_basic,hh,mot,LogBandPower + LogReg,accuracy,1.0,2,chronological,48,12,48,0.1832530498504638,688f919f3ab0,0d79a81a67b3,within_subject,0.3.0.dev0,2026-09-10T20:16:54,
Miller2019-imagery_basic,hh,mot,LogBandPower + LogReg,balanced_accuracy,1.0,2,chronological,48,12,48,0.1832530498504638,688f919f3ab0,0d79a81a67b3,within_subject,0.3.0.dev0,2026-09-10T20:16:54,
Miller2019-imagery_basic,hh,mot,Riemann TS + LogReg,kappa,0.1818181818181818,2,chronological,48,12,48,0.2687532901763916,b4736e60e22e,0d79a81a67b3,within_subject,0.3.0.dev0,2026-09-10T20:16:54,
Miller2019-imagery_basic,hh,mot,Riemann TS + LogReg,accuracy,0.5,2,chronological,48,12,48,0.2687532901763916,b4736e60e22e,0d79a81a67b3,within_subject,0.3.0.dev0,2026-09-10T20:16:54,
Miller2019-imagery_basic,hh,mot,Riemann TS + LogReg,balanced_accuracy,0.625,2,chronological,48,12,48,0.2687532901763916,b4736e60e22e,0d79a81a67b3,within_subject,0.3.0.dev0,2026-09-10T20:16:54,
Miller2019-imagery_basic,hh,mot,HighGamma + LDA,kappa,0.8235294117647058,3,chronological,48,12,48,0.199563980102539,f0ad027786a9,0d79a81a67b3,within_subject,0.3.0.dev0,2026-09-10T20:16:54,
Miller2019-imagery_basic,hh,mot,HighGamma + LDA,accuracy,0.9166666666666666,3,chronological,48,12,48,0.199563980102539,f0ad027786a9,0d79a81a67b3,within_subject,0.3.0.dev0,2026-09-10T20:16:54,
Miller2019-imagery_basic,hh,mot,HighGamma + LDA,balanced_accuracy,0.9,3,chronological,48,12,48,0.199563980102539,f0ad027786a9,0d79a81a67b3,within_subject,0.3.0.dev0,2026-09-10T20:16:54,
Miller2019-imagery_basic,hh,mot,LogBandPower + LDA,kappa,1.0,3,chronological,48,12,48,0.2338013648986816,ad4c2abc31c8,0d79a81a67b3,within_subject,0.3.0.dev0,2026-09-10T20:16:54,
Miller2019-imagery_basic,hh,mot,LogBandPower + LDA,accuracy,1.0,3,chronological,48,12,48,0.2338013648986816,ad4c2abc31c8,0d79a81a67b3,within_subject,0.3.0.dev0,2026-09-10T20:16:54,
Miller2019-imagery_basic,hh,mot,LogBandPower + LDA,balanced_accuracy,1.0,3,chronological,48,12,48,0.2338013648986816,ad4c2abc31c8,0d79a81a67b3,within_subject,0.3.0.dev0,2026-09-10T20:16:54,
Miller2019-imagery_basic,hh,mot,LogBandPower + LogReg,kappa,0.8333333333333334,3,chronological,48,12,48,0.1865947246551513,688f919f3ab0,0d79a81a67b3,within_subject,0.3.0.dev0,2026-09-10T20:16:54,
Miller2019-imagery_basic,hh,mot,LogBandPower + LogReg,accuracy,0.9166666666666666,3,chronological,48,12,48,0.1865947246551513,688f919f3ab0,0d79a81a67b3,within_subject,0.3.0.dev0,2026-09-10T20:16:54,
Miller2019-imagery_basic,hh,mot,LogBandPower + LogReg,balanced_accuracy,0.9285714285714286,3,chronological,48,12,48,0.1865947246551513,688f919f3ab0,0d79a81a67b3,within_subject,0.3.0.dev0,2026-09-10T20:16:54,
Miller2019-imagery_basic,hh,mot,Riemann TS + LogReg,kappa,0.3846153846153846,3,chronological,48,12,48,0.2588739395141601,b4736e60e22e,0d79a81a67b3,within_subject,0.3.0.dev0,2026-09-10T20:16:54,
Miller2019-imagery_basic,hh,mot,Riemann TS + LogReg,accuracy,0.6666666666666666,3,chronological,48,12,48,0.2588739395141601,b4736e60e22e,0d79a81a67b3,within_subject,0.3.0.dev0,2026-09-10T20:16:54,
Miller2019-imagery_basic,hh,mot,Riemann TS + LogReg,balanced_accuracy,0.7142857142857143,3,chronological,48,12,48,0.2588739395141601,b4736e60e22e,0d79a81a67b3,within_subject,0.3.0.dev0,2026-09-10T20:16:54,
Miller2019-imagery_basic,hh,mot,HighGamma + LDA,kappa,0.5,4,chronological,48,12,48,0.1709318161010742,f0ad027786a9,0d79a81a67b3,within_subject,0.3.0.dev0,2026-09-10T20:16:54,
Miller2019-imagery_basic,hh,mot,HighGamma + LDA,accuracy,0.75,4,chronological,48,12,48,0.1709318161010742,f0ad027786a9,0d79a81a67b3,within_subject,0.3.0.dev0,2026-09-10T20:16:54,
Miller2019-imagery_basic,hh,mot,HighGamma + LDA,balanced_accuracy,0.8333333333333333,4,chronological,48,12,48,0.1709318161010742,f0ad027786a9,0d79a81a67b3,within_subject,0.3.0.dev0,2026-09-10T20:16:54,
Miller2019-imagery_basic,hh,mot,LogBandPower + LDA,kappa,0.8,4,chronological,48,12,48,0.1989572048187255,ad4c2abc31c8,0d79a81a67b3,within_subject,0.3.0.dev0,2026-09-10T20:16:54,
Miller2019-imagery_basic,hh,mot,LogBandPower + LDA,accuracy,0.9166666666666666,4,chronological,48,12,48,0.1989572048187255,ad4c2abc31c8,0d79a81a67b3,within_subject,0.3.0.dev0,2026-09-10T20:16:54,
Miller2019-imagery_basic,hh,mot,LogBandPower + LDA,balanced_accuracy,0.9444444444444444,4,chronological,48,12,48,0.1989572048187255,ad4c2abc31c8,0d79a81a67b3,within_subject,0.3.0.dev0,2026-09-10T20:16:54,
Miller2019-imagery_basic,hh,mot,LogBandPower + LogReg,kappa,0.8,4,chronological,48,12,48,0.1997020244598388,688f919f3ab0,0d79a81a67b3,within_subject,0.3.0.dev0,2026-09-10T20:16:54,
Miller2019-imagery_basic,hh,mot,LogBandPower + LogReg,accuracy,0.9166666666666666,4,chronological,48,12,48,0.1997020244598388,688f919f3ab0,0d79a81a67b3,within_subject,0.3.0.dev0,2026-09-10T20:16:54,
Miller2019-imagery_basic,hh,mot,LogBandPower + LogReg,balanced_accuracy,0.9444444444444444,4,chronological,48,12,48,0.1997020244598388,688f919f3ab0,0d79a81a67b3,within_subject,0.3.0.dev0,2026-09-10T20:16:54,
Miller2019-imagery_basic,hh,mot,Riemann TS + LogReg,kappa,0.2857142857142857,4,chronological,48,12,48,0.2461140155792236,b4736e60e22e,0d79a81a67b3,within_subject,0.3.0.dev0,2026-09-10T20:16:54,
Miller2019-imagery_basic,hh,mot,Riemann TS + LogReg,accuracy,0.5833333333333334,4,chronological,48,12,48,0.2461140155792236,b4736e60e22e,0d79a81a67b3,within_subject,0.3.0.dev0,2026-09-10T20:16:54,
Miller2019-imagery_basic,hh,mot,Riemann TS + LogReg,balanced_accuracy,0.7222222222222222,4,chronological,48,12,48,0.2461140155792236,b4736e60e22e,0d79a81a67b3,within_subject,0.3.0.dev0,2026-09-10T20:16:54,
Miller2019-imagery_basic,hh,im,HighGamma + LDA,kappa,0.5,0,chronological,48,12,48,0.1638247966766357,f0ad027786a9,0d79a81a67b3,within_subject,0.3.0.dev0,2026-09-10T20:16:54,
Miller2019-imagery_basic,hh,im,HighGamma + LDA,accuracy,0.75,0,chronological,48,12,48,0.1638247966766357,f0ad027786a9,0d79a81a67b3,within_subject,0.3.0.dev0,2026-09-10T20:16:54,
Miller2019-imagery_basic,hh,im,HighGamma + LDA,balanced_accuracy,0.7571428571428571,0,chronological,48,12,48,0.1638247966766357,f0ad027786a9,0d79a81a67b3,within_subject,0.3.0.dev0,2026-09-10T20:16:54,
Miller2019-imagery_basic,hh,im,LogBandPower + LDA,kappa,0.5,0,chronological,48,12,48,0.2639877796173095,ad4c2abc31c8,0d79a81a67b3,within_subject,0.3.0.dev0,2026-09-10T20:16:54,
Miller2019-imagery_basic,hh,im,LogBandPower + LDA,accuracy,0.75,0,chronological,48,12,48,0.2639877796173095,ad4c2abc31c8,0d79a81a67b3,within_subject,0.3.0.dev0,2026-09-10T20:16:54,
Miller2019-imagery_basic,hh,im,LogBandPower + LDA,balanced_accuracy,0.7571428571428571,0,chronological,48,12,48,0.2639877796173095,ad4c2abc31c8,0d79a81a67b3,within_subject,0.3.0.dev0,2026-09-10T20:16:54,
Miller2019-imagery_basic,hh,im,LogBandPower + LogReg,kappa,0.5,0,chronological,48,12,48,0.1961779594421386,688f919f3ab0,0d79a81a67b3,within_subject,0.3.0.dev0,2026-09-10T20:16:54,
Miller2019-imagery_basic,hh,im,LogBandPower + LogReg,accuracy,0.75,0,chronological,48,12,48,0.1961779594421386,688f919f3ab0,0d79a81a67b3,within_subject,0.3.0.dev0,2026-09-10T20:16:54,
Miller2019-imagery_basic,hh,im,LogBandPower + LogReg,balanced_accuracy,0.7571428571428571,0,chronological,48,12,48,0.1961779594421386,688f919f3ab0,0d79a81a67b3,within_subject,0.3.0.dev0,2026-09-10T20:16:54,
Miller2019-imagery_basic,hh,im,Riemann TS + LogReg,kappa,-0.2972972972972973,0,chronological,48,12,48,0.2571170330047607,b4736e60e22e,0d79a81a67b3,within_subject,0.3.0.dev0,2026-09-10T20:16:54,
Miller2019-imagery_basic,hh,im,Riemann TS + LogReg,accuracy,0.3333333333333333,0,chronological,48,12,48,0.2571170330047607,b4736e60e22e,0d79a81a67b3,within_subject,0.3.0.dev0,2026-09-10T20:16:54,
Miller2019-imagery_basic,hh,im,Riemann TS + LogReg,balanced_accuracy,0.3428571428571428,0,chronological,48,12,48,0.2571170330047607,b4736e60e22e,0d79a81a67b3,within_subject,0.3.0.dev0,2026-09-10T20:16:54,
Miller2019-imagery_basic,hh,im,HighGamma + LDA,kappa,0.8333333333333334,1,chronological,48,12,48,0.1892549991607666,f0ad027786a9,0d79a81a67b3,within_subject,0.3.0.dev0,2026-09-10T20:16:54,
Miller2019-imagery_basic,hh,im,HighGamma + LDA,accuracy,0.9166666666666666,1,chronological,48,12,48,0.1892549991607666,f0ad027786a9,0d79a81a67b3,within_subject,0.3.0.dev0,2026-09-10T20:16:54,
Miller2019-imagery_basic,hh,im,HighGamma + LDA,balanced_accuracy,0.9166666666666669,1,chronological,48,12,48,0.1892549991607666,f0ad027786a9,0d79a81a67b3,within_subject,0.3.0.dev0,2026-09-10T20:16:54,
Miller2019-imagery_basic,hh,im,LogBandPower + LDA,kappa,0.8333333333333334,1,chronological,48,12,48,0.1739091873168945,ad4c2abc31c8,0d79a81a67b3,within_subject,0.3.0.dev0,2026-09-10T20:16:54,
Miller2019-imagery_basic,hh,im,LogBandPower + LDA,accuracy,0.9166666666666666,1,chronological,48,12,48,0.1739091873168945,ad4c2abc31c8,0d79a81a67b3,within_subject,0.3.0.dev0,2026-09-10T20:16:54,
Miller2019-imagery_basic,hh,im,LogBandPower + LDA,balanced_accuracy,0.9166666666666669,1,chronological,48,12,48,0.1739091873168945,ad4c2abc31c8,0d79a81a67b3,within_subject,0.3.0.dev0,2026-09-10T20:16:54,
Miller2019-imagery_basic,hh,im,LogBandPower + LogReg,kappa,0.8333333333333334,1,chronological,48,12,48,0.1667840480804443,688f919f3ab0,0d79a81a67b3,within_subject,0.3.0.dev0,2026-09-10T20:16:54,
Miller2019-imagery_basic,hh,im,LogBandPower + LogReg,accuracy,0.9166666666666666,1,chronological,48,12,48,0.1667840480804443,688f919f3ab0,0d79a81a67b3,within_subject,0.3.0.dev0,2026-09-10T20:16:54,
Miller2019-imagery_basic,hh,im,LogBandPower + LogReg,balanced_accuracy,0.9166666666666669,1,chronological,48,12,48,0.1667840480804443,688f919f3ab0,0d79a81a67b3,within_subject,0.3.0.dev0,2026-09-10T20:16:54,
Miller2019-imagery_basic,hh,im,Riemann TS + LogReg,kappa,0.1666666666666666,1,chronological,48,12,48,0.2560338973999023,b4736e60e22e,0d79a81a67b3,within_subject,0.3.0.dev0,2026-09-10T20:16:54,
Miller2019-imagery_basic,hh,im,Riemann TS + LogReg,accuracy,0.5833333333333334,1,chronological,48,12,48,0.2560338973999023,b4736e60e22e,0d79a81a67b3,within_subject,0.3.0.dev0,2026-09-10T20:16:54,
Miller2019-imagery_basic,hh,im,Riemann TS + LogReg,balanced_accuracy,0.5833333333333334,1,chronological,48,12,48,0.2560338973999023,b4736e60e22e,0d79a81a67b3,within_subject,0.3.0.dev0,2026-09-10T20:16:54,
Miller2019-imagery_basic,hh,im,HighGamma + LDA,kappa,0.3333333333333333,2,chronological,48,12,48,0.2160341739654541,f0ad027786a9,0d79a81a67b3,within_subject,0.3.0.dev0,2026-09-10T20:16:54,
Miller2019-imagery_basic,hh,im,HighGamma + LDA,accuracy,0.6666666666666666,2,chronological,48,12,48,0.2160341739654541,f0ad027786a9,0d79a81a67b3,within_subject,0.3.0.dev0,2026-09-10T20:16:54,
Miller2019-imagery_basic,hh,im,HighGamma + LDA,balanced_accuracy,0.6666666666666666,2,chronological,48,12,48,0.2160341739654541,f0ad027786a9,0d79a81a67b3,within_subject,0.3.0.dev0,2026-09-10T20:16:54,
Miller2019-imagery_basic,hh,im,LogBandPower + LDA,kappa,0.6666666666666667,2,chronological,48,12,48,0.1660010814666748,ad4c2abc31c8,0d79a81a67b3,within_subject,0.3.0.dev0,2026-09-10T20:16:54,
Miller2019-imagery_basic,hh,im,LogBandPower + LDA,accuracy,0.8333333333333334,2,chronological,48,12,48,0.1660010814666748,ad4c2abc31c8,0d79a81a67b3,within_subject,0.3.0.dev0,2026-09-10T20:16:54,
Miller2019-imagery_basic,hh,im,LogBandPower + LDA,balanced_accuracy,0.8333333333333334,2,chronological,48,12,48,0.1660010814666748,ad4c2abc31c8,0d79a81a67b3,within_subject,0.3.0.dev0,2026-09-10T20:16:54,
Miller2019-imagery_basic,hh,im,LogBandPower + LogReg,kappa,0.6666666666666667,2,chronological,48,12,48,0.1746730804443359,688f919f3ab0,0d79a81a67b3,within_subject,0.3.0.dev0,2026-09-10T20:16:54,
Miller2019-imagery_basic,hh,im,LogBandPower + LogReg,accuracy,0.8333333333333334,2,chronological,48,12,48,0.1746730804443359,688f919f3ab0,0d79a81a67b3,within_subject,0.3.0.dev0,2026-09-10T20:16:54,
Miller2019-imagery_basic,hh,im,LogBandPower + LogReg,balanced_accuracy,0.8333333333333334,2,chronological,48,12,48,0.1746730804443359,688f919f3ab0,0d79a81a67b3,within_subject,0.3.0.dev0,2026-09-10T20:16:54,
Miller2019-imagery_basic,hh,im,Riemann TS + LogReg,kappa,0.8333333333333334,2,chronological,48,12,48,0.2526891231536865,b4736e60e22e,0d79a81a67b3,within_subject,0.3.0.dev0,2026-09-10T20:16:54,
Miller2019-imagery_basic,hh,im,Riemann TS + LogReg,accuracy,0.9166666666666666,2,chronological,48,12,48,0.2526891231536865,b4736e60e22e,0d79a81a67b3,within_subject,0.3.0.dev0,2026-09-10T20:16:54,
Miller2019-imagery_basic,hh,im,Riemann TS + LogReg,balanced_accuracy,0.9166666666666669,2,chronological,48,12,48,0.2526891231536865,b4736e60e22e,0d79a81a67b3,within_subject,0.3.0.dev0,2026-09-10T20:16:54,
Miller2019-imagery_basic,hh,im,HighGamma + LDA,kappa,0.1176470588235294,3,chronological,48,12,48,0.1946070194244384,f0ad027786a9,0d79a81a67b3,within_subject,0.3.0.dev0,2026-09-10T20:16:54,
Miller2019-imagery_basic,hh,im,HighGamma + LDA,accuracy,0.5833333333333334,3,chronological,48,12,48,0.1946070194244384,f0ad027786a9,0d79a81a67b3,within_subject,0.3.0.dev0,2026-09-10T20:16:54,
Miller2019-imagery_basic,hh,im,HighGamma + LDA,balanced_accuracy,0.5571428571428572,3,chronological,48,12,48,0.1946070194244384,f0ad027786a9,0d79a81a67b3,within_subject,0.3.0.dev0,2026-09-10T20:16:54,
Miller2019-imagery_basic,hh,im,LogBandPower + LDA,kappa,0.4705882352941176,3,chronological,48,12,48,0.175994873046875,ad4c2abc31c8,0d79a81a67b3,within_subject,0.3.0.dev0,2026-09-10T20:16:54,
Miller2019-imagery_basic,hh,im,LogBandPower + LDA,accuracy,0.75,3,chronological,48,12,48,0.175994873046875,ad4c2abc31c8,0d79a81a67b3,within_subject,0.3.0.dev0,2026-09-10T20:16:54,
Miller2019-imagery_basic,hh,im,LogBandPower + LDA,balanced_accuracy,0.7285714285714285,3,chronological,48,12,48,0.175994873046875,ad4c2abc31c8,0d79a81a67b3,within_subject,0.3.0.dev0,2026-09-10T20:16:54,
Miller2019-imagery_basic,hh,im,LogBandPower + LogReg,kappa,0.4705882352941176,3,chronological,48,12,48,0.1676828861236572,688f919f3ab0,0d79a81a67b3,within_subject,0.3.0.dev0,2026-09-10T20:16:54,
Miller2019-imagery_basic,hh,im,LogBandPower + LogReg,accuracy,0.75,3,chronological,48,12,48,0.1676828861236572,688f919f3ab0,0d79a81a67b3,within_subject,0.3.0.dev0,2026-09-10T20:16:54,
Miller2019-imagery_basic,hh,im,LogBandPower + LogReg,balanced_accuracy,0.7285714285714285,3,chronological,48,12,48,0.1676828861236572,688f919f3ab0,0d79a81a67b3,within_subject,0.3.0.dev0,2026-09-10T20:16:54,
Miller2019-imagery_basic,hh,im,Riemann TS + LogReg,kappa,0.3513513513513513,3,chronological,48,12,48,0.2673971652984619,b4736e60e22e,0d79a81a67b3,within_subject,0.3.0.dev0,2026-09-10T20:16:54,
Miller2019-imagery_basic,hh,im,Riemann TS + LogReg,accuracy,0.6666666666666666,3,chronological,48,12,48,0.2673971652984619,b4736e60e22e,0d79a81a67b3,within_subject,0.3.0.dev0,2026-09-10T20:16:54,
Miller2019-imagery_basic,hh,im,Riemann TS + LogReg,balanced_accuracy,0.6857142857142857,3,chronological,48,12,48,0.2673971652984619,b4736e60e22e,0d79a81a67b3,within_subject,0.3.0.dev0,2026-09-10T20:16:54,
Miller2019-imagery_basic,hh,im,HighGamma + LDA,kappa,0.1666666666666666,4,chronological,48,12,48,0.1659672260284423,f0ad027786a9,0d79a81a67b3,within_subject,0.3.0.dev0,2026-09-10T20:16:54,
Miller2019-imagery_basic,hh,im,HighGamma + LDA,accuracy,0.5833333333333334,4,chronological,48,12,48,0.1659672260284423,f0ad027786a9,0d79a81a67b3,within_subject,0.3.0.dev0,2026-09-10T20:16:54,
Miller2019-imagery_basic,hh,im,HighGamma + LDA,balanced_accuracy,0.5833333333333333,4,chronological,48,12,48,0.1659672260284423,f0ad027786a9,0d79a81a67b3,within_subject,0.3.0.dev0,2026-09-10T20:16:54,
Miller2019-imagery_basic,hh,im,LogBandPower + LDA,kappa,0.8333333333333334,4,chronological,48,12,48,0.2020940780639648,ad4c2abc31c8,0d79a81a67b3,within_subject,0.3.0.dev0,2026-09-10T20:16:54,
Miller2019-imagery_basic,hh,im,LogBandPower + LDA,accuracy,0.9166666666666666,4,chronological,48,12,48,0.2020940780639648,ad4c2abc31c8,0d79a81a67b3,within_subject,0.3.0.dev0,2026-09-10T20:16:54,
Miller2019-imagery_basic,hh,im,LogBandPower + LDA,balanced_accuracy,0.9166666666666669,4,chronological,48,12,48,0.2020940780639648,ad4c2abc31c8,0d79a81a67b3,within_subject,0.3.0.dev0,2026-09-10T20:16:54,
Miller2019-imagery_basic,hh,im,LogBandPower + LogReg,kappa,0.8333333333333334,4,chronological,48,12,48,0.1702961921691894,688f919f3ab0,0d79a81a67b3,within_subject,0.3.0.dev0,2026-09-10T20:16:54,
Miller2019-imagery_basic,hh,im,LogBandPower + LogReg,accuracy,0.9166666666666666,4,chronological,48,12,48,0.1702961921691894,688f919f3ab0,0d79a81a67b3,within_subject,0.3.0.dev0,2026-09-10T20:16:54,
Miller2019-imagery_basic,hh,im,LogBandPower + LogReg,balanced_accuracy,0.9166666666666669,4,chronological,48,12,48,0.1702961921691894,688f919f3ab0,0d79a81a67b3,within_subject,0.3.0.dev0,2026-09-10T20:16:54,
Miller2019-imagery_basic,hh,im,Riemann TS + LogReg,kappa,0.0,4,chronological,48,12,48,0.2596118450164795,b4736e60e22e,0d79a81a67b3,within_subject,0.3.0.dev0,2026-09-10T20:16:54,
Miller2019-imagery_basic,hh,im,Riemann TS + LogReg,accuracy,0.5,4,chronological,48,12,48,0.2596118450164795,b4736e60e22e,0d79a81a67b3,within_subject,0.3.0.dev0,2026-09-10T20:16:54,
Miller2019-imagery_basic,hh,im,Riemann TS + LogReg,balanced_accuracy,0.5,4,chronological,48,12,48,0.2596118450164795,b4736e60e22e,0d79a81a67b3,within_subject,0.3.0.dev0,2026-09-10T20:16:54,
Miller2019-imagery_basic,jc,mot,HighGamma + LDA,kappa,1.0,0,chronological,48,12,48,0.150019884109497,f0ad027786a9,0d79a81a67b3,within_subject,0.3.0.dev0,2026-09-10T20:17:04,
Miller2019-imagery_basic,jc,mot,HighGamma + LDA,accuracy,1.0,0,chronological,48,12,48,0.150019884109497,f0ad027786a9,0d79a81a67b3,within_subject,0.3.0.dev0,2026-09-10T20:17:04,
Miller2019-imagery_basic,jc,mot,HighGamma + LDA,balanced_accuracy,1.0,0,chronological,48,12,48,0.150019884109497,f0ad027786a9,0d79a81a67b3,within_subject,0.3.0.dev0,2026-09-10T20:17:04,
Miller2019-imagery_basic,jc,mot,LogBandPower + LDA,kappa,1.0,0,chronological,48,12,48,0.1540758609771728,ad4c2abc31c8,0d79a81a67b3,within_subject,0.3.0.dev0,2026-09-10T20:17:04,
Miller2019-imagery_basic,jc,mot,LogBandPower + LDA,accuracy,1.0,0,chronological,48,12,48,0.1540758609771728,ad4c2abc31c8,0d79a81a67b3,within_subject,0.3.0.dev0,2026-09-10T20:17:04,
Miller2019-imagery_basic,jc,mot,LogBandPower + LDA,balanced_accuracy,1.0,0,chronological,48,12,48,0.1540758609771728,ad4c2abc31c8,0d79a81a67b3,within_subject,0.3.0.dev0,2026-09-10T20:17:04,
Miller2019-imagery_basic,jc,mot,LogBandPower + LogReg,kappa,1.0,0,chronological,48,12,48,0.1536729335784912,688f919f3ab0,0d79a81a67b3,within_subject,0.3.0.dev0,2026-09-10T20:17:04,
Miller2019-imagery_basic,jc,mot,LogBandPower + LogReg,accuracy,1.0,0,chronological,48,12,48,0.1536729335784912,688f919f3ab0,0d79a81a67b3,within_subject,0.3.0.dev0,2026-09-10T20:17:04,
Miller2019-imagery_basic,jc,mot,LogBandPower + LogReg,balanced_accuracy,1.0,0,chronological,48,12,48,0.1536729335784912,688f919f3ab0,0d79a81a67b3,within_subject,0.3.0.dev0,2026-09-10T20:17:04,
Miller2019-imagery_basic,jc,mot,Riemann TS + LogReg,kappa,0.6666666666666667,0,chronological,48,12,48,0.2182309627532959,b4736e60e22e,0d79a81a67b3,within_subject,0.3.0.dev0,2026-09-10T20:17:04,
Miller2019-imagery_basic,jc,mot,Riemann TS + LogReg,accuracy,0.8333333333333334,0,chronological,48,12,48,0.2182309627532959,b4736e60e22e,0d79a81a67b3,within_subject,0.3.0.dev0,2026-09-10T20:17:04,
Miller2019-imagery_basic,jc,mot,Riemann TS + LogReg,balanced_accuracy,0.8333333333333334,0,chronological,48,12,48,0.2182309627532959,b4736e60e22e,0d79a81a67b3,within_subject,0.3.0.dev0,2026-09-10T20:17:04,
Miller2019-imagery_basic,jc,mot,HighGamma + LDA,kappa,1.0,1,chronological,48,12,48,0.1515078544616699,f0ad027786a9,0d79a81a67b3,within_subject,0.3.0.dev0,2026-09-10T20:17:04,
Miller2019-imagery_basic,jc,mot,HighGamma + LDA,accuracy,1.0,1,chronological,48,12,48,0.1515078544616699,f0ad027786a9,0d79a81a67b3,within_subject,0.3.0.dev0,2026-09-10T20:17:04,
Miller2019-imagery_basic,jc,mot,HighGamma + LDA,balanced_accuracy,1.0,1,chronological,48,12,48,0.1515078544616699,f0ad027786a9,0d79a81a67b3,within_subject,0.3.0.dev0,2026-09-10T20:17:04,
Miller2019-imagery_basic,jc,mot,LogBandPower + LDA,kappa,1.0,1,chronological,48,12,48,0.1566920280456543,ad4c2abc31c8,0d79a81a67b3,within_subject,0.3.0.dev0,2026-09-10T20:17:04,
Miller2019-imagery_basic,jc,mot,LogBandPower + LDA,accuracy,1.0,1,chronological,48,12,48,0.1566920280456543,ad4c2abc31c8,0d79a81a67b3,within_subject,0.3.0.dev0,2026-09-10T20:17:04,
Miller2019-imagery_basic,jc,mot,LogBandPower + LDA,balanced_accuracy,1.0,1,chronological,48,12,48,0.1566920280456543,ad4c2abc31c8,0d79a81a67b3,within_subject,0.3.0.dev0,2026-09-10T20:17:04,
Miller2019-imagery_basic,jc,mot,LogBandPower + LogReg,kappa,1.0,1,chronological,48,12,48,0.1517257690429687,688f919f3ab0,0d79a81a67b3,within_subject,0.3.0.dev0,2026-09-10T20:17:04,
Miller2019-imagery_basic,jc,mot,LogBandPower + LogReg,accuracy,1.0,1,chronological,48,12,48,0.1517257690429687,688f919f3ab0,0d79a81a67b3,within_subject,0.3.0.dev0,2026-09-10T20:17:04,
Miller2019-imagery_basic,jc,mot,LogBandPower + LogReg,balanced_accuracy,1.0,1,chronological,48,12,48,0.1517257690429687,688f919f3ab0,0d79a81a67b3,within_subject,0.3.0.dev0,2026-09-10T20:17:04,
Miller2019-imagery_basic,jc,mot,Riemann TS + LogReg,kappa,0.5263157894736843,1,chronological,48,12,48,0.2194840908050537,b4736e60e22e,0d79a81a67b3,within_subject,0.3.0.dev0,2026-09-10T20:17:04,
Miller2019-imagery_basic,jc,mot,Riemann TS + LogReg,accuracy,0.75,1,chronological,48,12,48,0.2194840908050537,b4736e60e22e,0d79a81a67b3,within_subject,0.3.0.dev0,2026-09-10T20:17:04,
Miller2019-imagery_basic,jc,mot,Riemann TS + LogReg,balanced_accuracy,0.7857142857142857,1,chronological,48,12,48,0.2194840908050537,b4736e60e22e,0d79a81a67b3,within_subject,0.3.0.dev0,2026-09-10T20:17:04,
Miller2019-imagery_basic,jc,mot,HighGamma + LDA,kappa,1.0,2,chronological,48,12,48,0.1502032279968261,f0ad027786a9,0d79a81a67b3,within_subject,0.3.0.dev0,2026-09-10T20:17:04,
Miller2019-imagery_basic,jc,mot,HighGamma + LDA,accuracy,1.0,2,chronological,48,12,48,0.1502032279968261,f0ad027786a9,0d79a81a67b3,within_subject,0.3.0.dev0,2026-09-10T20:17:04,
Miller2019-imagery_basic,jc,mot,HighGamma + LDA,balanced_accuracy,1.0,2,chronological,48,12,48,0.1502032279968261,f0ad027786a9,0d79a81a67b3,within_subject,0.3.0.dev0,2026-09-10T20:17:04,
Miller2019-imagery_basic,jc,mot,LogBandPower + LDA,kappa,1.0,2,chronological,48,12,48,0.1588821411132812,ad4c2abc31c8,0d79a81a67b3,within_subject,0.3.0.dev0,2026-09-10T20:17:04,
Miller2019-imagery_basic,jc,mot,LogBandPower + LDA,accuracy,1.0,2,chronological,48,12,48,0.1588821411132812,ad4c2abc31c8,0d79a81a67b3,within_subject,0.3.0.dev0,2026-09-10T20:17:04,
Miller2019-imagery_basic,jc,mot,LogBandPower + LDA,balanced_accuracy,1.0,2,chronological,48,12,48,0.1588821411132812,ad4c2abc31c8,0d79a81a67b3,within_subject,0.3.0.dev0,2026-09-10T20:17:04,
Miller2019-imagery_basic,jc,mot,LogBandPower + LogReg,kappa,1.0,2,chronological,48,12,48,0.1766130924224853,688f919f3ab0,0d79a81a67b3,within_subject,0.3.0.dev0,2026-09-10T20:17:04,
Miller2019-imagery_basic,jc,mot,LogBandPower + LogReg,accuracy,1.0,2,chronological,48,12,48,0.1766130924224853,688f919f3ab0,0d79a81a67b3,within_subject,0.3.0.dev0,2026-09-10T20:17:04,
Miller2019-imagery_basic,jc,mot,LogBandPower + LogReg,balanced_accuracy,1.0,2,chronological,48,12,48,0.1766130924224853,688f919f3ab0,0d79a81a67b3,within_subject,0.3.0.dev0,2026-09-10T20:17:04,
Miller2019-imagery_basic,jc,mot,Riemann TS + LogReg,kappa,0.6571428571428571,2,chronological,48,12,48,0.265557050704956,b4736e60e22e,0d79a81a67b3,within_subject,0.3.0.dev0,2026-09-10T20:17:04,
Miller2019-imagery_basic,jc,mot,Riemann TS + LogReg,accuracy,0.8333333333333334,2,chronological,48,12,48,0.265557050704956,b4736e60e22e,0d79a81a67b3,within_subject,0.3.0.dev0,2026-09-10T20:17:04,
Miller2019-imagery_basic,jc,mot,Riemann TS + LogReg,balanced_accuracy,0.8285714285714285,2,chronological,48,12,48,0.265557050704956,b4736e60e22e,0d79a81a67b3,within_subject,0.3.0.dev0,2026-09-10T20:17:04,
Miller2019-imagery_basic,jc,mot,HighGamma + LDA,kappa,1.0,3,chronological,48,12,48,0.1724131107330322,f0ad027786a9,0d79a81a67b3,within_subject,0.3.0.dev0,2026-09-10T20:17:04,
Miller2019-imagery_basic,jc,mot,HighGamma + LDA,accuracy,1.0,3,chronological,48,12,48,0.1724131107330322,f0ad027786a9,0d79a81a67b3,within_subject,0.3.0.dev0,2026-09-10T20:17:04,
Miller2019-imagery_basic,jc,mot,HighGamma + LDA,balanced_accuracy,1.0,3,chronological,48,12,48,0.1724131107330322,f0ad027786a9,0d79a81a67b3,within_subject,0.3.0.dev0,2026-09-10T20:17:04,
Miller2019-imagery_basic,jc,mot,LogBandPower + LDA,kappa,1.0,3,chronological,48,12,48,0.1859216690063476,ad4c2abc31c8,0d79a81a67b3,within_subject,0.3.0.dev0,2026-09-10T20:17:04,
Miller2019-imagery_basic,jc,mot,LogBandPower + LDA,accuracy,1.0,3,chronological,48,12,48,0.1859216690063476,ad4c2abc31c8,0d79a81a67b3,within_subject,0.3.0.dev0,2026-09-10T20:17:04,
Miller2019-imagery_basic,jc,mot,LogBandPower + LDA,balanced_accuracy,1.0,3,chronological,48,12,48,0.1859216690063476,ad4c2abc31c8,0d79a81a67b3,within_subject,0.3.0.dev0,2026-09-10T20:17:04,
Miller2019-imagery_basic,jc,mot,LogBandPower + LogReg,kappa,1.0,3,chronological,48,12,48,0.1810767650604248,688f919f3ab0,0d79a81a67b3,within_subject,0.3.0.dev0,2026-09-10T20:17:04,
Miller2019-imagery_basic,jc,mot,LogBandPower + LogReg,accuracy,1.0,3,chronological,48,12,48,0.1810767650604248,688f919f3ab0,0d79a81a67b3,within_subject,0.3.0.dev0,2026-09-10T20:17:04,
Miller2019-imagery_basic,jc,mot,LogBandPower + LogReg,balanced_accuracy,1.0,3,chronological,48,12,48,0.1810767650604248,688f919f3ab0,0d79a81a67b3,within_subject,0.3.0.dev0,2026-09-10T20:17:04,
Miller2019-imagery_basic,jc,mot,Riemann TS + LogReg,kappa,0.5,3,chronological,48,12,48,0.2759990692138672,b4736e60e22e,0d79a81a67b3,within_subject,0.3.0.dev0,2026-09-10T20:17:04,
Miller2019-imagery_basic,jc,mot,Riemann TS + LogReg,accuracy,0.75,3,chronological,48,12,48,0.2759990692138672,b4736e60e22e,0d79a81a67b3,within_subject,0.3.0.dev0,2026-09-10T20:17:04,
Miller2019-imagery_basic,jc,mot,Riemann TS + LogReg,balanced_accuracy,0.7571428571428571,3,chronological,48,12,48,0.2759990692138672,b4736e60e22e,0d79a81a67b3,within_subject,0.3.0.dev0,2026-09-10T20:17:04,
Miller2019-imagery_basic,jc,mot,HighGamma + LDA,kappa,1.0,4,chronological,48,12,48,0.1712050437927246,f0ad027786a9,0d79a81a67b3,within_subject,0.3.0.dev0,2026-09-10T20:17:04,
Miller2019-imagery_basic,jc,mot,HighGamma + LDA,accuracy,1.0,4,chronological,48,12,48,0.1712050437927246,f0ad027786a9,0d79a81a67b3,within_subject,0.3.0.dev0,2026-09-10T20:17:04,
Miller2019-imagery_basic,jc,mot,HighGamma + LDA,balanced_accuracy,1.0,4,chronological,48,12,48,0.1712050437927246,f0ad027786a9,0d79a81a67b3,within_subject,0.3.0.dev0,2026-09-10T20:17:04,
Miller2019-imagery_basic,jc,mot,LogBandPower + LDA,kappa,1.0,4,chronological,48,12,48,0.1915998458862304,ad4c2abc31c8,0d79a81a67b3,within_subject,0.3.0.dev0,2026-09-10T20:17:04,
Miller2019-imagery_basic,jc,mot,LogBandPower + LDA,accuracy,1.0,4,chronological,48,12,48,0.1915998458862304,ad4c2abc31c8,0d79a81a67b3,within_subject,0.3.0.dev0,2026-09-10T20:17:04,
Miller2019-imagery_basic,jc,mot,LogBandPower + LDA,balanced_accuracy,1.0,4,chronological,48,12,48,0.1915998458862304,ad4c2abc31c8,0d79a81a67b3,within_subject,0.3.0.dev0,2026-09-10T20:17:04,
Miller2019-imagery_basic,jc,mot,LogBandPower + LogReg,kappa,1.0,4,chronological,48,12,48,0.1704068183898925,688f919f3ab0,0d79a81a67b3,within_subject,0.3.0.dev0,2026-09-10T20:17:04,
Miller2019-imagery_basic,jc,mot,LogBandPower + LogReg,accuracy,1.0,4,chronological,48,12,48,0.1704068183898925,688f919f3ab0,0d79a81a67b3,within_subject,0.3.0.dev0,2026-09-10T20:17:04,
Miller2019-imagery_basic,jc,mot,LogBandPower + LogReg,balanced_accuracy,1.0,4,chronological,48,12,48,0.1704068183898925,688f919f3ab0,0d79a81a67b3,within_subject,0.3.0.dev0,2026-09-10T20:17:04,
Miller2019-imagery_basic,jc,mot,Riemann TS + LogReg,kappa,0.3142857142857143,4,chronological,48,12,48,0.2408039569854736,b4736e60e22e,0d79a81a67b3,within_subject,0.3.0.dev0,2026-09-10T20:17:04,
Miller2019-imagery_basic,jc,mot,Riemann TS + LogReg,accuracy,0.6666666666666666,4,chronological,48,12,48,0.2408039569854736,b4736e60e22e,0d79a81a67b3,within_subject,0.3.0.dev0,2026-09-10T20:17:04,
Miller2019-imagery_basic,jc,mot,Riemann TS + LogReg,balanced_accuracy,0.6571428571428571,4,chronological,48,12,48,0.2408039569854736,b4736e60e22e,0d79a81a67b3,within_subject,0.3.0.dev0,2026-09-10T20:17:04,
Miller2019-imagery_basic,jc,im,HighGamma + LDA,kappa,0.8333333333333334,0,chronological,48,12,48,0.1686940193176269,f0ad027786a9,0d79a81a67b3,within_subject,0.3.0.dev0,2026-09-10T20:17:04,
Miller2019-imagery_basic,jc,im,HighGamma + LDA,accuracy,0.9166666666666666,0,chronological,48,12,48,0.1686940193176269,f0ad027786a9,0d79a81a67b3,within_subject,0.3.0.dev0,2026-09-10T20:17:04,
Miller2019-imagery_basic,jc,im,HighGamma + LDA,balanced_accuracy,0.9285714285714286,0,chronological,48,12,48,0.1686940193176269,f0ad027786a9,0d79a81a67b3,within_subject,0.3.0.dev0,2026-09-10T20:17:04,
Miller2019-imagery_basic,jc,im,LogBandPower + LDA,kappa,0.8333333333333334,0,chronological,48,12,48,0.2036280632019043,ad4c2abc31c8,0d79a81a67b3,within_subject,0.3.0.dev0,2026-09-10T20:17:04,
Miller2019-imagery_basic,jc,im,LogBandPower + LDA,accuracy,0.9166666666666666,0,chronological,48,12,48,0.2036280632019043,ad4c2abc31c8,0d79a81a67b3,within_subject,0.3.0.dev0,2026-09-10T20:17:04,
Miller2019-imagery_basic,jc,im,LogBandPower + LDA,balanced_accuracy,0.9285714285714286,0,chronological,48,12,48,0.2036280632019043,ad4c2abc31c8,0d79a81a67b3,within_subject,0.3.0.dev0,2026-09-10T20:17:04,
Miller2019-imagery_basic,jc,im,LogBandPower + LogReg,kappa,0.5,0,chronological,48,12,48,0.1749680042266845,688f919f3ab0,0d79a81a67b3,within_subject,0.3.0.dev0,2026-09-10T20:17:04,
Miller2019-imagery_basic,jc,im,LogBandPower + LogReg,accuracy,0.75,0,chronological,48,12,48,0.1749680042266845,688f919f3ab0,0d79a81a67b3,within_subject,0.3.0.dev0,2026-09-10T20:17:04,
Miller2019-imagery_basic,jc,im,LogBandPower + LogReg,balanced_accuracy,0.7571428571428571,0,chronological,48,12,48,0.1749680042266845,688f919f3ab0,0d79a81a67b3,within_subject,0.3.0.dev0,2026-09-10T20:17:04,
Miller2019-imagery_basic,jc,im,Riemann TS + LogReg,kappa,0.3142857142857143,0,chronological,48,12,48,0.2660460472106933,b4736e60e22e,0d79a81a67b3,within_subject,0.3.0.dev0,2026-09-10T20:17:04,
Miller2019-imagery_basic,jc,im,Riemann TS + LogReg,accuracy,0.6666666666666666,0,chronological,48,12,48,0.2660460472106933,b4736e60e22e,0d79a81a67b3,within_subject,0.3.0.dev0,2026-09-10T20:17:04,
Miller2019-imagery_basic,jc,im,Riemann TS + LogReg,balanced_accuracy,0.6571428571428571,0,chronological,48,12,48,0.2660460472106933,b4736e60e22e,0d79a81a67b3,within_subject,0.3.0.dev0,2026-09-10T20:17:04,
Miller2019-imagery_basic,jc,im,HighGamma + LDA,kappa,0.8235294117647058,1,chronological,48,12,48,0.1767120361328125,f0ad027786a9,0d79a81a67b3,within_subject,0.3.0.dev0,2026-09-10T20:17:04,
Miller2019-imagery_basic,jc,im,HighGamma + LDA,accuracy,0.9166666666666666,1,chronological,48,12,48,0.1767120361328125,f0ad027786a9,0d79a81a67b3,within_subject,0.3.0.dev0,2026-09-10T20:17:04,
Miller2019-imagery_basic,jc,im,HighGamma + LDA,balanced_accuracy,0.9,1,chronological,48,12,48,0.1767120361328125,f0ad027786a9,0d79a81a67b3,within_subject,0.3.0.dev0,2026-09-10T20:17:04,
Miller2019-imagery_basic,jc,im,LogBandPower + LDA,kappa,0.8333333333333334,1,chronological,48,12,48,0.1914339065551757,ad4c2abc31c8,0d79a81a67b3,within_subject,0.3.0.dev0,2026-09-10T20:17:04,
Miller2019-imagery_basic,jc,im,LogBandPower + LDA,accuracy,0.9166666666666666,1,chronological,48,12,48,0.1914339065551757,ad4c2abc31c8,0d79a81a67b3,within_subject,0.3.0.dev0,2026-09-10T20:17:04,
Miller2019-imagery_basic,jc,im,LogBandPower + LDA,balanced_accuracy,0.9285714285714286,1,chronological,48,12,48,0.1914339065551757,ad4c2abc31c8,0d79a81a67b3,within_subject,0.3.0.dev0,2026-09-10T20:17:04,
Miller2019-imagery_basic,jc,im,LogBandPower + LogReg,kappa,0.8333333333333334,1,chronological,48,12,48,0.2030441761016845,688f919f3ab0,0d79a81a67b3,within_subject,0.3.0.dev0,2026-09-10T20:17:04,
Miller2019-imagery_basic,jc,im,LogBandPower + LogReg,accuracy,0.9166666666666666,1,chronological,48,12,48,0.2030441761016845,688f919f3ab0,0d79a81a67b3,within_subject,0.3.0.dev0,2026-09-10T20:17:04,
Miller2019-imagery_basic,jc,im,LogBandPower + LogReg,balanced_accuracy,0.9285714285714286,1,chronological,48,12,48,0.2030441761016845,688f919f3ab0,0d79a81a67b3,within_subject,0.3.0.dev0,2026-09-10T20:17:04,
Miller2019-imagery_basic,jc,im,Riemann TS + LogReg,kappa,0.6571428571428571,1,chronological,48,12,48,0.26155686378479,b4736e60e22e,0d79a81a67b3,within_subject,0.3.0.dev0,2026-09-10T20:17:04,
Miller2019-imagery_basic,jc,im,Riemann TS + LogReg,accuracy,0.8333333333333334,1,chronological,48,12,48,0.26155686378479,b4736e60e22e,0d79a81a67b3,within_subject,0.3.0.dev0,2026-09-10T20:17:04,
Miller2019-imagery_basic,jc,im,Riemann TS + LogReg,balanced_accuracy,0.8285714285714285,1,chronological,48,12,48,0.26155686378479,b4736e60e22e,0d79a81a67b3,within_subject,0.3.0.dev0,2026-09-10T20:17:04,
Miller2019-imagery_basic,jc,im,HighGamma + LDA,kappa,1.0,2,chronological,48,12,48,0.1581511497497558,f0ad027786a9,0d79a81a67b3,within_subject,0.3.0.dev0,2026-09-10T20:17:04,
Miller2019-imagery_basic,jc,im,HighGamma + LDA,accuracy,1.0,2,chronological,48,12,48,0.1581511497497558,f0ad027786a9,0d79a81a67b3,within_subject,0.3.0.dev0,2026-09-10T20:17:04,
Miller2019-imagery_basic,jc,im,HighGamma + LDA,balanced_accuracy,1.0,2,chronological,48,12,48,0.1581511497497558,f0ad027786a9,0d79a81a67b3,within_subject,0.3.0.dev0,2026-09-10T20:17:04,
Miller2019-imagery_basic,jc,im,LogBandPower + LDA,kappa,0.4375000000000001,2,chronological,48,12,48,0.1867330074310302,ad4c2abc31c8,0d79a81a67b3,within_subject,0.3.0.dev0,2026-09-10T20:17:04,
Miller2019-imagery_basic,jc,im,LogBandPower + LDA,accuracy,0.75,2,chronological,48,12,48,0.1867330074310302,ad4c2abc31c8,0d79a81a67b3,within_subject,0.3.0.dev0,2026-09-10T20:17:04,
Miller2019-imagery_basic,jc,im,LogBandPower + LDA,balanced_accuracy,0.85,2,chronological,48,12,48,0.1867330074310302,ad4c2abc31c8,0d79a81a67b3,within_subject,0.3.0.dev0,2026-09-10T20:17:04,
Miller2019-imagery_basic,jc,im,LogBandPower + LogReg,kappa,0.3333333333333333,2,chronological,48,12,48,0.1713058948516845,688f919f3ab0,0d79a81a67b3,within_subject,0.3.0.dev0,2026-09-10T20:17:04,
Miller2019-imagery_basic,jc,im,LogBandPower + LogReg,accuracy,0.6666666666666666,2,chronological,48,12,48,0.1713058948516845,688f919f3ab0,0d79a81a67b3,within_subject,0.3.0.dev0,2026-09-10T20:17:04,
Miller2019-imagery_basic,jc,im,LogBandPower + LogReg,balanced_accuracy,0.8,2,chronological,48,12,48,0.1713058948516845,688f919f3ab0,0d79a81a67b3,within_subject,0.3.0.dev0,2026-09-10T20:17:04,
Miller2019-imagery_basic,jc,im,Riemann TS + LogReg,kappa,0.1818181818181818,2,chronological,48,12,48,0.2751491069793701,b4736e60e22e,0d79a81a67b3,within_subject,0.3.0.dev0,2026-09-10T20:17:04,
Miller2019-imagery_basic,jc,im,Riemann TS + LogReg,accuracy,0.5,2,chronological,48,12,48,0.2751491069793701,b4736e60e22e,0d79a81a67b3,within_subject,0.3.0.dev0,2026-09-10T20:17:04,
Miller2019-imagery_basic,jc,im,Riemann TS + LogReg,balanced_accuracy,0.7,2,chronological,48,12,48,0.2751491069793701,b4736e60e22e,0d79a81a67b3,within_subject,0.3.0.dev0,2026-09-10T20:17:04,
Miller2019-imagery_basic,jc,im,HighGamma + LDA,kappa,0.6571428571428571,3,chronological,48,12,48,0.1683051586151123,f0ad027786a9,0d79a81a67b3,within_subject,0.3.0.dev0,2026-09-10T20:17:04,
Miller2019-imagery_basic,jc,im,HighGamma + LDA,accuracy,0.8333333333333334,3,chronological,48,12,48,0.1683051586151123,f0ad027786a9,0d79a81a67b3,within_subject,0.3.0.dev0,2026-09-10T20:17:04,
Miller2019-imagery_basic,jc,im,HighGamma + LDA,balanced_accuracy,0.8285714285714285,3,chronological,48,12,48,0.1683051586151123,f0ad027786a9,0d79a81a67b3,within_subject,0.3.0.dev0,2026-09-10T20:17:04,
Miller2019-imagery_basic,jc,im,LogBandPower + LDA,kappa,1.0,3,chronological,48,12,48,0.2199640274047851,ad4c2abc31c8,0d79a81a67b3,within_subject,0.3.0.dev0,2026-09-10T20:17:04,
Miller2019-imagery_basic,jc,im,LogBandPower + LDA,accuracy,1.0,3,chronological,48,12,48,0.2199640274047851,ad4c2abc31c8,0d79a81a67b3,within_subject,0.3.0.dev0,2026-09-10T20:17:04,
Miller2019-imagery_basic,jc,im,LogBandPower + LDA,balanced_accuracy,1.0,3,chronological,48,12,48,0.2199640274047851,ad4c2abc31c8,0d79a81a67b3,within_subject,0.3.0.dev0,2026-09-10T20:17:04,
Miller2019-imagery_basic,jc,im,LogBandPower + LogReg,kappa,1.0,3,chronological,48,12,48,0.1728639602661132,688f919f3ab0,0d79a81a67b3,within_subject,0.3.0.dev0,2026-09-10T20:17:04,
Miller2019-imagery_basic,jc,im,LogBandPower + LogReg,accuracy,1.0,3,chronological,48,12,48,0.1728639602661132,688f919f3ab0,0d79a81a67b3,within_subject,0.3.0.dev0,2026-09-10T20:17:04,
Miller2019-imagery_basic,jc,im,LogBandPower + LogReg,balanced_accuracy,1.0,3,chronological,48,12,48,0.1728639602661132,688f919f3ab0,0d79a81a67b3,within_subject,0.3.0.dev0,2026-09-10T20:17:04,
Miller2019-imagery_basic,jc,im,Riemann TS + LogReg,kappa,0.6756756756756757,3,chronological,48,12,48,0.2462811470031738,b4736e60e22e,0d79a81a67b3,within_subject,0.3.0.dev0,2026-09-10T20:17:04,
Miller2019-imagery_basic,jc,im,Riemann TS + LogReg,accuracy,0.8333333333333334,3,chronological,48,12,48,0.2462811470031738,b4736e60e22e,0d79a81a67b3,within_subject,0.3.0.dev0,2026-09-10T20:17:04,
Miller2019-imagery_basic,jc,im,Riemann TS + LogReg,balanced_accuracy,0.8571428571428572,3,chronological,48,12,48,0.2462811470031738,b4736e60e22e,0d79a81a67b3,within_subject,0.3.0.dev0,2026-09-10T20:17:04,
Miller2019-imagery_basic,jc,im,HighGamma + LDA,kappa,0.6571428571428571,4,chronological,48,12,48,0.1700530052185058,f0ad027786a9,0d79a81a67b3,within_subject,0.3.0.dev0,2026-09-10T20:17:04,
Miller2019-imagery_basic,jc,im,HighGamma + LDA,accuracy,0.8333333333333334,4,chronological,48,12,48,0.1700530052185058,f0ad027786a9,0d79a81a67b3,within_subject,0.3.0.dev0,2026-09-10T20:17:04,
Miller2019-imagery_basic,jc,im,HighGamma + LDA,balanced_accuracy,0.8285714285714285,4,chronological,48,12,48,0.1700530052185058,f0ad027786a9,0d79a81a67b3,within_subject,0.3.0.dev0,2026-09-10T20:17:04,
Miller2019-imagery_basic,jc,im,LogBandPower + LDA,kappa,0.5,4,chronological,48,12,48,0.1930968761444091,ad4c2abc31c8,0d79a81a67b3,within_subject,0.3.0.dev0,2026-09-10T20:17:04,
Miller2019-imagery_basic,jc,im,LogBandPower + LDA,accuracy,0.75,4,chronological,48,12,48,0.1930968761444091,ad4c2abc31c8,0d79a81a67b3,within_subject,0.3.0.dev0,2026-09-10T20:17:04,
Miller2019-imagery_basic,jc,im,LogBandPower + LDA,balanced_accuracy,0.7571428571428571,4,chronological,48,12,48,0.1930968761444091,ad4c2abc31c8,0d79a81a67b3,within_subject,0.3.0.dev0,2026-09-10T20:17:04,
Miller2019-imagery_basic,jc,im,LogBandPower + LogReg,kappa,0.6571428571428571,4,chronological,48,12,48,0.1791019439697265,688f919f3ab0,0d79a81a67b3,within_subject,0.3.0.dev0,2026-09-10T20:17:04,
Miller2019-imagery_basic,jc,im,LogBandPower + LogReg,accuracy,0.8333333333333334,4,chronological,48,12,48,0.1791019439697265,688f919f3ab0,0d79a81a67b3,within_subject,0.3.0.dev0,2026-09-10T20:17:04,
Miller2019-imagery_basic,jc,im,LogBandPower + LogReg,balanced_accuracy,0.8285714285714285,4,chronological,48,12,48,0.1791019439697265,688f919f3ab0,0d79a81a67b3,within_subject,0.3.0.dev0,2026-09-10T20:17:04,
Miller2019-imagery_basic,jc,im,Riemann TS + LogReg,kappa,0.3846153846153846,4,chronological,48,12,48,0.2489049434661865,b4736e60e22e,0d79a81a67b3,within_subject,0.3.0.dev0,2026-09-10T20:17:04,
Miller2019-imagery_basic,jc,im,Riemann TS + LogReg,accuracy,0.6666666666666666,4,chronological,48,12,48,0.2489049434661865,b4736e60e22e,0d79a81a67b3,within_subject,0.3.0.dev0,2026-09-10T20:17:04,
Miller2019-imagery_basic,jc,im,Riemann TS + LogReg,balanced_accuracy,0.7142857142857143,4,chronological,48,12,48,0.2489049434661865,b4736e60e22e,0d79a81a67b3,within_subject,0.3.0.dev0,2026-09-10T20:17:04,
Miller2019-imagery_basic,jm,mot,HighGamma + LDA,kappa,0.8235294117647058,0,chronological,48,12,64,0.2570269107818603,f0ad027786a9,0d79a81a67b3,within_subject,0.3.0.dev0,2026-09-10T20:17:20,
Miller2019-imagery_basic,jm,mot,HighGamma + LDA,accuracy,0.9166666666666666,0,chronological,48,12,64,0.2570269107818603,f0ad027786a9,0d79a81a67b3,within_subject,0.3.0.dev0,2026-09-10T20:17:20,
Miller2019-imagery_basic,jm,mot,HighGamma + LDA,balanced_accuracy,0.9375,0,chronological,48,12,64,0.2570269107818603,f0ad027786a9,0d79a81a67b3,within_subject,0.3.0.dev0,2026-09-10T20:17:20,
Miller2019-imagery_basic,jm,mot,LogBandPower + LDA,kappa,0.8,0,chronological,48,12,64,0.3062222003936767,ad4c2abc31c8,0d79a81a67b3,within_subject,0.3.0.dev0,2026-09-10T20:17:20,
Miller2019-imagery_basic,jm,mot,LogBandPower + LDA,accuracy,0.9166666666666666,0,chronological,48,12,64,0.3062222003936767,ad4c2abc31c8,0d79a81a67b3,within_subject,0.3.0.dev0,2026-09-10T20:17:20,
Miller2019-imagery_basic,jm,mot,LogBandPower + LDA,balanced_accuracy,0.875,0,chronological,48,12,64,0.3062222003936767,ad4c2abc31c8,0d79a81a67b3,within_subject,0.3.0.dev0,2026-09-10T20:17:20,
Miller2019-imagery_basic,jm,mot,LogBandPower + LogReg,kappa,0.5714285714285714,0,chronological,48,12,64,0.2766211032867431,688f919f3ab0,0d79a81a67b3,within_subject,0.3.0.dev0,2026-09-10T20:17:20,
Miller2019-imagery_basic,jm,mot,LogBandPower + LogReg,accuracy,0.8333333333333334,0,chronological,48,12,64,0.2766211032867431,688f919f3ab0,0d79a81a67b3,within_subject,0.3.0.dev0,2026-09-10T20:17:20,
Miller2019-imagery_basic,jm,mot,LogBandPower + LogReg,balanced_accuracy,0.75,0,chronological,48,12,64,0.2766211032867431,688f919f3ab0,0d79a81a67b3,within_subject,0.3.0.dev0,2026-09-10T20:17:20,
Miller2019-imagery_basic,jm,mot,Riemann TS + LogReg,kappa,0.8235294117647058,0,chronological,48,12,64,0.4233500957489013,b4736e60e22e,0d79a81a67b3,within_subject,0.3.0.dev0,2026-09-10T20:17:20,
Miller2019-imagery_basic,jm,mot,Riemann TS + LogReg,accuracy,0.9166666666666666,0,chronological,48,12,64,0.4233500957489013,b4736e60e22e,0d79a81a67b3,within_subject,0.3.0.dev0,2026-09-10T20:17:20,
Miller2019-imagery_basic,jm,mot,Riemann TS + LogReg,balanced_accuracy,0.9375,0,chronological,48,12,64,0.4233500957489013,b4736e60e22e,0d79a81a67b3,within_subject,0.3.0.dev0,2026-09-10T20:17:20,
Miller2019-imagery_basic,jm,mot,HighGamma + LDA,kappa,0.8333333333333334,1,chronological,48,12,64,0.2829759120941162,f0ad027786a9,0d79a81a67b3,within_subject,0.3.0.dev0,2026-09-10T20:17:20,
Miller2019-imagery_basic,jm,mot,HighGamma + LDA,accuracy,0.9166666666666666,1,chronological,48,12,64,0.2829759120941162,f0ad027786a9,0d79a81a67b3,within_subject,0.3.0.dev0,2026-09-10T20:17:20,
Miller2019-imagery_basic,jm,mot,HighGamma + LDA,balanced_accuracy,0.9285714285714286,1,chronological,48,12,64,0.2829759120941162,f0ad027786a9,0d79a81a67b3,within_subject,0.3.0.dev0,2026-09-10T20:17:20,
Miller2019-imagery_basic,jm,mot,LogBandPower + LDA,kappa,0.3846153846153846,1,chronological,48,12,64,0.2924611568450928,ad4c2abc31c8,0d79a81a67b3,within_subject,0.3.0.dev0,2026-09-10T20:17:20,
Miller2019-imagery_basic,jm,mot,LogBandPower + LDA,accuracy,0.6666666666666666,1,chronological,48,12,64,0.2924611568450928,ad4c2abc31c8,0d79a81a67b3,within_subject,0.3.0.dev0,2026-09-10T20:17:20,
Miller2019-imagery_basic,jm,mot,LogBandPower + LDA,balanced_accuracy,0.7142857142857143,1,chronological,48,12,64,0.2924611568450928,ad4c2abc31c8,0d79a81a67b3,within_subject,0.3.0.dev0,2026-09-10T20:17:20,
Miller2019-imagery_basic,jm,mot,LogBandPower + LogReg,kappa,0.3846153846153846,1,chronological,48,12,64,0.2761731147766113,688f919f3ab0,0d79a81a67b3,within_subject,0.3.0.dev0,2026-09-10T20:17:20,
Miller2019-imagery_basic,jm,mot,LogBandPower + LogReg,accuracy,0.6666666666666666,1,chronological,48,12,64,0.2761731147766113,688f919f3ab0,0d79a81a67b3,within_subject,0.3.0.dev0,2026-09-10T20:17:20,
Miller2019-imagery_basic,jm,mot,LogBandPower + LogReg,balanced_accuracy,0.7142857142857143,1,chronological,48,12,64,0.2761731147766113,688f919f3ab0,0d79a81a67b3,within_subject,0.3.0.dev0,2026-09-10T20:17:20,
Miller2019-imagery_basic,jm,mot,Riemann TS + LogReg,kappa,0.5,1,chronological,48,12,64,0.4140069484710693,b4736e60e22e,0d79a81a67b3,within_subject,0.3.0.dev0,2026-09-10T20:17:20,
Miller2019-imagery_basic,jm,mot,Riemann TS + LogReg,accuracy,0.75,1,chronological,48,12,64,0.4140069484710693,b4736e60e22e,0d79a81a67b3,within_subject,0.3.0.dev0,2026-09-10T20:17:20,
Miller2019-imagery_basic,jm,mot,Riemann TS + LogReg,balanced_accuracy,0.7571428571428571,1,chronological,48,12,64,0.4140069484710693,b4736e60e22e,0d79a81a67b3,within_subject,0.3.0.dev0,2026-09-10T20:17:20,
Miller2019-imagery_basic,jm,mot,HighGamma + LDA,kappa,1.0,2,chronological,48,12,64,0.2598228454589844,f0ad027786a9,0d79a81a67b3,within_subject,0.3.0.dev0,2026-09-10T20:17:20,
Miller2019-imagery_basic,jm,mot,HighGamma + LDA,accuracy,1.0,2,chronological,48,12,64,0.2598228454589844,f0ad027786a9,0d79a81a67b3,within_subject,0.3.0.dev0,2026-09-10T20:17:20,
Miller2019-imagery_basic,jm,mot,HighGamma + LDA,balanced_accuracy,1.0,2,chronological,48,12,64,0.2598228454589844,f0ad027786a9,0d79a81a67b3,within_subject,0.3.0.dev0,2026-09-10T20:17:20,
Miller2019-imagery_basic,jm,mot,LogBandPower + LDA,kappa,1.0,2,chronological,48,12,64,0.2805602550506592,ad4c2abc31c8,0d79a81a67b3,within_subject,0.3.0.dev0,2026-09-10T20:17:20,
Miller2019-imagery_basic,jm,mot,LogBandPower + LDA,accuracy,1.0,2,chronological,48,12,64,0.2805602550506592,ad4c2abc31c8,0d79a81a67b3,within_subject,0.3.0.dev0,2026-09-10T20:17:20,
Miller2019-imagery_basic,jm,mot,LogBandPower + LDA,balanced_accuracy,1.0,2,chronological,48,12,64,0.2805602550506592,ad4c2abc31c8,0d79a81a67b3,within_subject,0.3.0.dev0,2026-09-10T20:17:20,
Miller2019-imagery_basic,jm,mot,LogBandPower + LogReg,kappa,1.0,2,chronological,48,12,64,0.2514169216156006,688f919f3ab0,0d79a81a67b3,within_subject,0.3.0.dev0,2026-09-10T20:17:20,
Miller2019-imagery_basic,jm,mot,LogBandPower + LogReg,accuracy,1.0,2,chronological,48,12,64,0.2514169216156006,688f919f3ab0,0d79a81a67b3,within_subject,0.3.0.dev0,2026-09-10T20:17:20,
Miller2019-imagery_basic,jm,mot,LogBandPower + LogReg,balanced_accuracy,1.0,2,chronological,48,12,64,0.2514169216156006,688f919f3ab0,0d79a81a67b3,within_subject,0.3.0.dev0,2026-09-10T20:17:20,
Miller2019-imagery_basic,jm,mot,Riemann TS + LogReg,kappa,0.2857142857142857,2,chronological,48,12,64,0.4995827674865722,b4736e60e22e,0d79a81a67b3,within_subject,0.3.0.dev0,2026-09-10T20:17:20,
Miller2019-imagery_basic,jm,mot,Riemann TS + LogReg,accuracy,0.5833333333333334,2,chronological,48,12,64,0.4995827674865722,b4736e60e22e,0d79a81a67b3,within_subject,0.3.0.dev0,2026-09-10T20:17:20,
Miller2019-imagery_basic,jm,mot,Riemann TS + LogReg,balanced_accuracy,0.6875,2,chronological,48,12,64,0.4995827674865722,b4736e60e22e,0d79a81a67b3,within_subject,0.3.0.dev0,2026-09-10T20:17:20,
Miller2019-imagery_basic,jm,mot,HighGamma + LDA,kappa,0.8333333333333334,3,chronological,48,12,64,0.2530322074890136,f0ad027786a9,0d79a81a67b3,within_subject,0.3.0.dev0,2026-09-10T20:17:20,
Miller2019-imagery_basic,jm,mot,HighGamma + LDA,accuracy,0.9166666666666666,3,chronological,48,12,64,0.2530322074890136,f0ad027786a9,0d79a81a67b3,within_subject,0.3.0.dev0,2026-09-10T20:17:20,
Miller2019-imagery_basic,jm,mot,HighGamma + LDA,balanced_accuracy,0.9285714285714286,3,chronological,48,12,64,0.2530322074890136,f0ad027786a9,0d79a81a67b3,within_subject,0.3.0.dev0,2026-09-10T20:17:20,
Miller2019-imagery_basic,jm,mot,LogBandPower + LDA,kappa,0.8333333333333334,3,chronological,48,12,64,0.2749650478363037,ad4c2abc31c8,0d79a81a67b3,within_subject,0.3.0.dev0,2026-09-10T20:17:20,
Miller2019-imagery_basic,jm,mot,LogBandPower + LDA,accuracy,0.9166666666666666,3,chronological,48,12,64,0.2749650478363037,ad4c2abc31c8,0d79a81a67b3,within_subject,0.3.0.dev0,2026-09-10T20:17:20,
Miller2019-imagery_basic,jm,mot,LogBandPower + LDA,balanced_accuracy,0.9285714285714286,3,chronological,48,12,64,0.2749650478363037,ad4c2abc31c8,0d79a81a67b3,within_subject,0.3.0.dev0,2026-09-10T20:17:20,
Miller2019-imagery_basic,jm,mot,LogBandPower + LogReg,kappa,0.6571428571428571,3,chronological,48,12,64,0.3015518188476562,688f919f3ab0,0d79a81a67b3,within_subject,0.3.0.dev0,2026-09-10T20:17:20,
Miller2019-imagery_basic,jm,mot,LogBandPower + LogReg,accuracy,0.8333333333333334,3,chronological,48,12,64,0.3015518188476562,688f919f3ab0,0d79a81a67b3,within_subject,0.3.0.dev0,2026-09-10T20:17:20,
Miller2019-imagery_basic,jm,mot,LogBandPower + LogReg,balanced_accuracy,0.8285714285714285,3,chronological,48,12,64,0.3015518188476562,688f919f3ab0,0d79a81a67b3,within_subject,0.3.0.dev0,2026-09-10T20:17:20,
Miller2019-imagery_basic,jm,mot,Riemann TS + LogReg,kappa,0.3846153846153846,3,chronological,48,12,64,0.4745149612426758,b4736e60e22e,0d79a81a67b3,within_subject,0.3.0.dev0,2026-09-10T20:17:20,
Miller2019-imagery_basic,jm,mot,Riemann TS + LogReg,accuracy,0.6666666666666666,3,chronological,48,12,64,0.4745149612426758,b4736e60e22e,0d79a81a67b3,within_subject,0.3.0.dev0,2026-09-10T20:17:20,
Miller2019-imagery_basic,jm,mot,Riemann TS + LogReg,balanced_accuracy,0.7142857142857143,3,chronological,48,12,64,0.4745149612426758,b4736e60e22e,0d79a81a67b3,within_subject,0.3.0.dev0,2026-09-10T20:17:20,
Miller2019-imagery_basic,jm,mot,HighGamma + LDA,kappa,0.625,4,chronological,48,12,64,0.2522773742675781,f0ad027786a9,0d79a81a67b3,within_subject,0.3.0.dev0,2026-09-10T20:17:20,
Miller2019-imagery_basic,jm,mot,HighGamma + LDA,accuracy,0.8333333333333334,4,chronological,48,12,64,0.2522773742675781,f0ad027786a9,0d79a81a67b3,within_subject,0.3.0.dev0,2026-09-10T20:17:20,
Miller2019-imagery_basic,jm,mot,HighGamma + LDA,balanced_accuracy,0.8125,4,chronological,48,12,64,0.2522773742675781,f0ad027786a9,0d79a81a67b3,within_subject,0.3.0.dev0,2026-09-10T20:17:20,
Miller2019-imagery_basic,jm,mot,LogBandPower + LDA,kappa,0.625,4,chronological,48,12,64,0.2594130039215088,ad4c2abc31c8,0d79a81a67b3,within_subject,0.3.0.dev0,2026-09-10T20:17:20,
Miller2019-imagery_basic,jm,mot,LogBandPower + LDA,accuracy,0.8333333333333334,4,chronological,48,12,64,0.2594130039215088,ad4c2abc31c8,0d79a81a67b3,within_subject,0.3.0.dev0,2026-09-10T20:17:20,
Miller2019-imagery_basic,jm,mot,LogBandPower + LDA,balanced_accuracy,0.8125,4,chronological,48,12,64,0.2594130039215088,ad4c2abc31c8,0d79a81a67b3,within_subject,0.3.0.dev0,2026-09-10T20:17:20,
Miller2019-imagery_basic,jm,mot,LogBandPower + LogReg,kappa,0.6666666666666667,4,chronological,48,12,64,0.2906920909881592,688f919f3ab0,0d79a81a67b3,within_subject,0.3.0.dev0,2026-09-10T20:17:20,
Miller2019-imagery_basic,jm,mot,LogBandPower + LogReg,accuracy,0.8333333333333334,4,chronological,48,12,64,0.2906920909881592,688f919f3ab0,0d79a81a67b3,within_subject,0.3.0.dev0,2026-09-10T20:17:20,
Miller2019-imagery_basic,jm,mot,LogBandPower + LogReg,balanced_accuracy,0.875,4,chronological,48,12,64,0.2906920909881592,688f919f3ab0,0d79a81a67b3,within_subject,0.3.0.dev0,2026-09-10T20:17:20,
Miller2019-imagery_basic,jm,mot,Riemann TS + LogReg,kappa,0.4,4,chronological,48,12,64,0.4699587821960449,b4736e60e22e,0d79a81a67b3,within_subject,0.3.0.dev0,2026-09-10T20:17:20,
Miller2019-imagery_basic,jm,mot,Riemann TS + LogReg,accuracy,0.75,4,chronological,48,12,64,0.4699587821960449,b4736e60e22e,0d79a81a67b3,within_subject,0.3.0.dev0,2026-09-10T20:17:20,
Miller2019-imagery_basic,jm,mot,Riemann TS + LogReg,balanced_accuracy,0.6875,4,chronological,48,12,64,0.4699587821960449,b4736e60e22e,0d79a81a67b3,within_subject,0.3.0.dev0,2026-09-10T20:17:20,
Miller2019-imagery_basic,jm,im,HighGamma + LDA,kappa,0.3142857142857143,0,chronological,48,12,64,0.2961931228637695,f0ad027786a9,0d79a81a67b3,within_subject,0.3.0.dev0,2026-09-10T20:17:20,
Miller2019-imagery_basic,jm,im,HighGamma + LDA,accuracy,0.6666666666666666,0,chronological,48,12,64,0.2961931228637695,f0ad027786a9,0d79a81a67b3,within_subject,0.3.0.dev0,2026-09-10T20:17:20,
Miller2019-imagery_basic,jm,im,HighGamma + LDA,balanced_accuracy,0.6571428571428571,0,chronological,48,12,64,0.2961931228637695,f0ad027786a9,0d79a81a67b3,within_subject,0.3.0.dev0,2026-09-10T20:17:20,
Miller2019-imagery_basic,jm,im,LogBandPower + LDA,kappa,0.5,0,chronological,48,12,64,0.2740840911865234,ad4c2abc31c8,0d79a81a67b3,within_subject,0.3.0.dev0,2026-09-10T20:17:20,
Miller2019-imagery_basic,jm,im,LogBandPower + LDA,accuracy,0.75,0,chronological,48,12,64,0.2740840911865234,ad4c2abc31c8,0d79a81a67b3,within_subject,0.3.0.dev0,2026-09-10T20:17:20,
Miller2019-imagery_basic,jm,im,LogBandPower + LDA,balanced_accuracy,0.7571428571428571,0,chronological,48,12,64,0.2740840911865234,ad4c2abc31c8,0d79a81a67b3,within_subject,0.3.0.dev0,2026-09-10T20:17:20,
Miller2019-imagery_basic,jm,im,LogBandPower + LogReg,kappa,0.8235294117647058,0,chronological,48,12,64,0.267035961151123,688f919f3ab0,0d79a81a67b3,within_subject,0.3.0.dev0,2026-09-10T20:17:20,
Miller2019-imagery_basic,jm,im,LogBandPower + LogReg,accuracy,0.9166666666666666,0,chronological,48,12,64,0.267035961151123,688f919f3ab0,0d79a81a67b3,within_subject,0.3.0.dev0,2026-09-10T20:17:20,
Miller2019-imagery_basic,jm,im,LogBandPower + LogReg,balanced_accuracy,0.9,0,chronological,48,12,64,0.267035961151123,688f919f3ab0,0d79a81a67b3,within_subject,0.3.0.dev0,2026-09-10T20:17:20,
Miller2019-imagery_basic,jm,im,Riemann TS + LogReg,kappa,0.0270270270270269,0,chronological,48,12,64,0.425508975982666,b4736e60e22e,0d79a81a67b3,within_subject,0.3.0.dev0,2026-09-10T20:17:20,
Miller2019-imagery_basic,jm,im,Riemann TS + LogReg,accuracy,0.5,0,chronological,48,12,64,0.425508975982666,b4736e60e22e,0d79a81a67b3,within_subject,0.3.0.dev0,2026-09-10T20:17:20,
Miller2019-imagery_basic,jm,im,Riemann TS + LogReg,balanced_accuracy,0.5142857142857142,0,chronological,48,12,64,0.425508975982666,b4736e60e22e,0d79a81a67b3,within_subject,0.3.0.dev0,2026-09-10T20:17:20,
Miller2019-imagery_basic,jm,im,HighGamma + LDA,kappa,0.0769230769230768,1,chronological,48,12,64,0.2557740211486816,f0ad027786a9,0d79a81a67b3,within_subject,0.3.0.dev0,2026-09-10T20:17:20,
Miller2019-imagery_basic,jm,im,HighGamma + LDA,accuracy,0.5,1,chronological,48,12,64,0.2557740211486816,f0ad027786a9,0d79a81a67b3,within_subject,0.3.0.dev0,2026-09-10T20:17:20,
Miller2019-imagery_basic,jm,im,HighGamma + LDA,balanced_accuracy,0.5428571428571429,1,chronological,48,12,64,0.2557740211486816,f0ad027786a9,0d79a81a67b3,within_subject,0.3.0.dev0,2026-09-10T20:17:20,
Miller2019-imagery_basic,jm,im,LogBandPower + LDA,kappa,0.3846153846153846,1,chronological,48,12,64,0.3157386779785156,ad4c2abc31c8,0d79a81a67b3,within_subject,0.3.0.dev0,2026-09-10T20:17:20,
Miller2019-imagery_basic,jm,im,LogBandPower + LDA,accuracy,0.6666666666666666,1,chronological,48,12,64,0.3157386779785156,ad4c2abc31c8,0d79a81a67b3,within_subject,0.3.0.dev0,2026-09-10T20:17:20,
Miller2019-imagery_basic,jm,im,LogBandPower + LDA,balanced_accuracy,0.7142857142857143,1,chronological,48,12,64,0.3157386779785156,ad4c2abc31c8,0d79a81a67b3,within_subject,0.3.0.dev0,2026-09-10T20:17:20,
Miller2019-imagery_basic,jm,im,LogBandPower + LogReg,kappa,0.1219512195121952,1,chronological,48,12,64,0.2607800960540771,688f919f3ab0,0d79a81a67b3,within_subject,0.3.0.dev0,2026-09-10T20:17:20,
Miller2019-imagery_basic,jm,im,LogBandPower + LogReg,accuracy,0.5,1,chronological,48,12,64,0.2607800960540771,688f919f3ab0,0d79a81a67b3,within_subject,0.3.0.dev0,2026-09-10T20:17:20,
Miller2019-imagery_basic,jm,im,LogBandPower + LogReg,balanced_accuracy,0.5714285714285714,1,chronological,48,12,64,0.2607800960540771,688f919f3ab0,0d79a81a67b3,within_subject,0.3.0.dev0,2026-09-10T20:17:20,
Miller2019-imagery_basic,jm,im,Riemann TS + LogReg,kappa,0.1219512195121952,1,chronological,48,12,64,0.4373610019683838,b4736e60e22e,0d79a81a67b3,within_subject,0.3.0.dev0,2026-09-10T20:17:20,
Miller2019-imagery_basic,jm,im,Riemann TS + LogReg,accuracy,0.5,1,chronological,48,12,64,0.4373610019683838,b4736e60e22e,0d79a81a67b3,within_subject,0.3.0.dev0,2026-09-10T20:17:20,
Miller2019-imagery_basic,jm,im,Riemann TS + LogReg,balanced_accuracy,0.5714285714285714,1,chronological,48,12,64,0.4373610019683838,b4736e60e22e,0d79a81a67b3,within_subject,0.3.0.dev0,2026-09-10T20:17:20,
Miller2019-imagery_basic,jm,im,HighGamma + LDA,kappa,0.6666666666666667,2,chronological,48,12,64,0.2625091075897217,f0ad027786a9,0d79a81a67b3,within_subject,0.3.0.dev0,2026-09-10T20:17:20,
Miller2019-imagery_basic,jm,im,HighGamma + LDA,accuracy,0.8333333333333334,2,chronological,48,12,64,0.2625091075897217,f0ad027786a9,0d79a81a67b3,within_subject,0.3.0.dev0,2026-09-10T20:17:20,
Miller2019-imagery_basic,jm,im,HighGamma + LDA,balanced_accuracy,0.8333333333333334,2,chronological,48,12,64,0.2625091075897217,f0ad027786a9,0d79a81a67b3,within_subject,0.3.0.dev0,2026-09-10T20:17:20,
Miller2019-imagery_basic,jm,im,LogBandPower + LDA,kappa,0.5,2,chronological,48,12,64,0.2701330184936523,ad4c2abc31c8,0d79a81a67b3,within_subject,0.3.0.dev0,2026-09-10T20:17:20,
Miller2019-imagery_basic,jm,im,LogBandPower + LDA,accuracy,0.75,2,chronological,48,12,64,0.2701330184936523,ad4c2abc31c8,0d79a81a67b3,within_subject,0.3.0.dev0,2026-09-10T20:17:20,
Miller2019-imagery_basic,jm,im,LogBandPower + LDA,balanced_accuracy,0.75,2,chronological,48,12,64,0.2701330184936523,ad4c2abc31c8,0d79a81a67b3,within_subject,0.3.0.dev0,2026-09-10T20:17:20,
Miller2019-imagery_basic,jm,im,LogBandPower + LogReg,kappa,0.3333333333333333,2,chronological,48,12,64,0.2555549144744873,688f919f3ab0,0d79a81a67b3,within_subject,0.3.0.dev0,2026-09-10T20:17:20,
Miller2019-imagery_basic,jm,im,LogBandPower + LogReg,accuracy,0.6666666666666666,2,chronological,48,12,64,0.2555549144744873,688f919f3ab0,0d79a81a67b3,within_subject,0.3.0.dev0,2026-09-10T20:17:20,
Miller2019-imagery_basic,jm,im,LogBandPower + LogReg,balanced_accuracy,0.6666666666666667,2,chronological,48,12,64,0.2555549144744873,688f919f3ab0,0d79a81a67b3,within_subject,0.3.0.dev0,2026-09-10T20:17:20,
Miller2019-imagery_basic,jm,im,Riemann TS + LogReg,kappa,0.5,2,chronological,48,12,64,0.4457221031188965,b4736e60e22e,0d79a81a67b3,within_subject,0.3.0.dev0,2026-09-10T20:17:20,
Miller2019-imagery_basic,jm,im,Riemann TS + LogReg,accuracy,0.75,2,chronological,48,12,64,0.4457221031188965,b4736e60e22e,0d79a81a67b3,within_subject,0.3.0.dev0,2026-09-10T20:17:20,
Miller2019-imagery_basic,jm,im,Riemann TS + LogReg,balanced_accuracy,0.75,2,chronological,48,12,64,0.4457221031188965,b4736e60e22e,0d79a81a67b3,within_subject,0.3.0.dev0,2026-09-10T20:17:20,
Miller2019-imagery_basic,jm,im,HighGamma + LDA,kappa,0.6666666666666667,3,chronological,48,12,64,0.2620201110839844,f0ad027786a9,0d79a81a67b3,within_subject,0.3.0.dev0,2026-09-10T20:17:20,
Miller2019-imagery_basic,jm,im,HighGamma + LDA,accuracy,0.8333333333333334,3,chronological,48,12,64,0.2620201110839844,f0ad027786a9,0d79a81a67b3,within_subject,0.3.0.dev0,2026-09-10T20:17:20,
Miller2019-imagery_basic,jm,im,HighGamma + LDA,balanced_accuracy,0.8333333333333334,3,chronological,48,12,64,0.2620201110839844,f0ad027786a9,0d79a81a67b3,within_subject,0.3.0.dev0,2026-09-10T20:17:20,
Miller2019-imagery_basic,jm,im,LogBandPower + LDA,kappa,0.6666666666666667,3,chronological,48,12,64,0.3039400577545166,ad4c2abc31c8,0d79a81a67b3,within_subject,0.3.0.dev0,2026-09-10T20:17:20,
Miller2019-imagery_basic,jm,im,LogBandPower + LDA,accuracy,0.8333333333333334,3,chronological,48,12,64,0.3039400577545166,ad4c2abc31c8,0d79a81a67b3,within_subject,0.3.0.dev0,2026-09-10T20:17:20,
Miller2019-imagery_basic,jm,im,LogBandPower + LDA,balanced_accuracy,0.8333333333333334,3,chronological,48,12,64,0.3039400577545166,ad4c2abc31c8,0d79a81a67b3,within_subject,0.3.0.dev0,2026-09-10T20:17:20,
Miller2019-imagery_basic,jm,im,LogBandPower + LogReg,kappa,0.6666666666666667,3,chronological,48,12,64,0.265031099319458,688f919f3ab0,0d79a81a67b3,within_subject,0.3.0.dev0,2026-09-10T20:17:20,
Miller2019-imagery_basic,jm,im,LogBandPower + LogReg,accuracy,0.8333333333333334,3,chronological,48,12,64,0.265031099319458,688f919f3ab0,0d79a81a67b3,within_subject,0.3.0.dev0,2026-09-10T20:17:20,
Miller2019-imagery_basic,jm,im,LogBandPower + LogReg,balanced_accuracy,0.8333333333333334,3,chronological,48,12,64,0.265031099319458,688f919f3ab0,0d79a81a67b3,within_subject,0.3.0.dev0,2026-09-10T20:17:20,
Miller2019-imagery_basic,jm,im,Riemann TS + LogReg,kappa,0.1666666666666666,3,chronological,48,12,64,0.4269070625305176,b4736e60e22e,0d79a81a67b3,within_subject,0.3.0.dev0,2026-09-10T20:17:20,
Miller2019-imagery_basic,jm,im,Riemann TS + LogReg,accuracy,0.5833333333333334,3,chronological,48,12,64,0.4269070625305176,b4736e60e22e,0d79a81a67b3,within_subject,0.3.0.dev0,2026-09-10T20:17:20,
Miller2019-imagery_basic,jm,im,Riemann TS + LogReg,balanced_accuracy,0.5833333333333333,3,chronological,48,12,64,0.4269070625305176,b4736e60e22e,0d79a81a67b3,within_subject,0.3.0.dev0,2026-09-10T20:17:20,
Miller2019-imagery_basic,jm,im,HighGamma + LDA,kappa,0.8333333333333334,4,chronological,48,12,64,0.2430469989776611,f0ad027786a9,0d79a81a67b3,within_subject,0.3.0.dev0,2026-09-10T20:17:20,
Miller2019-imagery_basic,jm,im,HighGamma + LDA,accuracy,0.9166666666666666,4,chronological,48,12,64,0.2430469989776611,f0ad027786a9,0d79a81a67b3,within_subject,0.3.0.dev0,2026-09-10T20:17:20,
Miller2019-imagery_basic,jm,im,HighGamma + LDA,balanced_accuracy,0.9166666666666669,4,chronological,48,12,64,0.2430469989776611,f0ad027786a9,0d79a81a67b3,within_subject,0.3.0.dev0,2026-09-10T20:17:20,
Miller2019-imagery_basic,jm,im,LogBandPower + LDA,kappa,0.3333333333333333,4,chronological,48,12,64,0.2673840522766113,ad4c2abc31c8,0d79a81a67b3,within_subject,0.3.0.dev0,2026-09-10T20:17:20,
Miller2019-imagery_basic,jm,im,LogBandPower + LDA,accuracy,0.6666666666666666,4,chronological,48,12,64,0.2673840522766113,ad4c2abc31c8,0d79a81a67b3,within_subject,0.3.0.dev0,2026-09-10T20:17:20,
Miller2019-imagery_basic,jm,im,LogBandPower + LDA,balanced_accuracy,0.6666666666666667,4,chronological,48,12,64,0.2673840522766113,ad4c2abc31c8,0d79a81a67b3,within_subject,0.3.0.dev0,2026-09-10T20:17:20,
Miller2019-imagery_basic,jm,im,LogBandPower + LogReg,kappa,0.3333333333333333,4,chronological,48,12,64,0.238685131072998,688f919f3ab0,0d79a81a67b3,within_subject,0.3.0.dev0,2026-09-10T20:17:20,
Miller2019-imagery_basic,jm,im,LogBandPower + LogReg,accuracy,0.6666666666666666,4,chronological,48,12,64,0.238685131072998,688f919f3ab0,0d79a81a67b3,within_subject,0.3.0.dev0,2026-09-10T20:17:20,
Miller2019-imagery_basic,jm,im,LogBandPower + LogReg,balanced_accuracy,0.6666666666666667,4,chronological,48,12,64,0.238685131072998,688f919f3ab0,0d79a81a67b3,within_subject,0.3.0.dev0,2026-09-10T20:17:20,
Miller2019-imagery_basic,jm,im,Riemann TS + LogReg,kappa,0.3333333333333333,4,chronological,48,12,64,0.3471407890319824,b4736e60e22e,0d79a81a67b3,within_subject,0.3.0.dev0,2026-09-10T20:17:20,
Miller2019-imagery_basic,jm,im,Riemann TS + LogReg,accuracy,0.6666666666666666,4,chronological,48,12,64,0.3471407890319824,b4736e60e22e,0d79a81a67b3,within_subject,0.3.0.dev0,2026-09-10T20:17:20,
Miller2019-imagery_basic,jm,im,Riemann TS + LogReg,balanced_accuracy,0.6666666666666667,4,chronological,48,12,64,0.3471407890319824,b4736e60e22e,0d79a81a67b3,within_subject,0.3.0.dev0,2026-09-10T20:17:20,
Miller2019-imagery_basic,rh,mot,HighGamma + LDA,kappa,0.8235294117647058,0,chronological,48,12,64,0.2612779140472412,f0ad027786a9,0d79a81a67b3,within_subject,0.3.0.dev0,2026-09-10T20:17:35,
Miller2019-imagery_basic,rh,mot,HighGamma + LDA,accuracy,0.9166666666666666,0,chronological,48,12,64,0.2612779140472412,f0ad027786a9,0d79a81a67b3,within_subject,0.3.0.dev0,2026-09-10T20:17:35,
Miller2019-imagery_basic,rh,mot,HighGamma + LDA,balanced_accuracy,0.9375,0,chronological,48,12,64,0.2612779140472412,f0ad027786a9,0d79a81a67b3,within_subject,0.3.0.dev0,2026-09-10T20:17:35,
Miller2019-imagery_basic,rh,mot,LogBandPower + LDA,kappa,1.0,0,chronological,48,12,64,0.2753491401672363,ad4c2abc31c8,0d79a81a67b3,within_subject,0.3.0.dev0,2026-09-10T20:17:35,
Miller2019-imagery_basic,rh,mot,LogBandPower + LDA,accuracy,1.0,0,chronological,48,12,64,0.2753491401672363,ad4c2abc31c8,0d79a81a67b3,within_subject,0.3.0.dev0,2026-09-10T20:17:35,
Miller2019-imagery_basic,rh,mot,LogBandPower + LDA,balanced_accuracy,1.0,0,chronological,48,12,64,0.2753491401672363,ad4c2abc31c8,0d79a81a67b3,within_subject,0.3.0.dev0,2026-09-10T20:17:35,
Miller2019-imagery_basic,rh,mot,LogBandPower + LogReg,kappa,0.6666666666666667,0,chronological,48,12,64,0.2711160182952881,688f919f3ab0,0d79a81a67b3,within_subject,0.3.0.dev0,2026-09-10T20:17:35,
Miller2019-imagery_basic,rh,mot,LogBandPower + LogReg,accuracy,0.8333333333333334,0,chronological,48,12,64,0.2711160182952881,688f919f3ab0,0d79a81a67b3,within_subject,0.3.0.dev0,2026-09-10T20:17:35,
Miller2019-imagery_basic,rh,mot,LogBandPower + LogReg,balanced_accuracy,0.875,0,chronological,48,12,64,0.2711160182952881,688f919f3ab0,0d79a81a67b3,within_subject,0.3.0.dev0,2026-09-10T20:17:35,
Miller2019-imagery_basic,rh,mot,Riemann TS + LogReg,kappa,0.3999999999999999,0,chronological,48,12,64,0.4406499862670898,b4736e60e22e,0d79a81a67b3,within_subject,0.3.0.dev0,2026-09-10T20:17:35,
Miller2019-imagery_basic,rh,mot,Riemann TS + LogReg,accuracy,0.6666666666666666,0,chronological,48,12,64,0.4406499862670898,b4736e60e22e,0d79a81a67b3,within_subject,0.3.0.dev0,2026-09-10T20:17:35,
Miller2019-imagery_basic,rh,mot,Riemann TS + LogReg,balanced_accuracy,0.75,0,chronological,48,12,64,0.4406499862670898,b4736e60e22e,0d79a81a67b3,within_subject,0.3.0.dev0,2026-09-10T20:17:35,
Miller2019-imagery_basic,rh,mot,HighGamma + LDA,kappa,0.8333333333333334,1,chronological,48,12,64,0.2426991462707519,f0ad027786a9,0d79a81a67b3,within_subject,0.3.0.dev0,2026-09-10T20:17:35,
Miller2019-imagery_basic,rh,mot,HighGamma + LDA,accuracy,0.9166666666666666,1,chronological,48,12,64,0.2426991462707519,f0ad027786a9,0d79a81a67b3,within_subject,0.3.0.dev0,2026-09-10T20:17:35,
Miller2019-imagery_basic,rh,mot,HighGamma + LDA,balanced_accuracy,0.9285714285714286,1,chronological,48,12,64,0.2426991462707519,f0ad027786a9,0d79a81a67b3,within_subject,0.3.0.dev0,2026-09-10T20:17:35,
Miller2019-imagery_basic,rh,mot,LogBandPower + LDA,kappa,0.8333333333333334,1,chronological,48,12,64,0.2822878360748291,ad4c2abc31c8,0d79a81a67b3,within_subject,0.3.0.dev0,2026-09-10T20:17:35,
Miller2019-imagery_basic,rh,mot,LogBandPower + LDA,accuracy,0.9166666666666666,1,chronological,48,12,64,0.2822878360748291,ad4c2abc31c8,0d79a81a67b3,within_subject,0.3.0.dev0,2026-09-10T20:17:35,
Miller2019-imagery_basic,rh,mot,LogBandPower + LDA,balanced_accuracy,0.9285714285714286,1,chronological,48,12,64,0.2822878360748291,ad4c2abc31c8,0d79a81a67b3,within_subject,0.3.0.dev0,2026-09-10T20:17:35,
Miller2019-imagery_basic,rh,mot,LogBandPower + LogReg,kappa,0.8333333333333334,1,chronological,48,12,64,0.2690541744232178,688f919f3ab0,0d79a81a67b3,within_subject,0.3.0.dev0,2026-09-10T20:17:35,
Miller2019-imagery_basic,rh,mot,LogBandPower + LogReg,accuracy,0.9166666666666666,1,chronological,48,12,64,0.2690541744232178,688f919f3ab0,0d79a81a67b3,within_subject,0.3.0.dev0,2026-09-10T20:17:35,
Miller2019-imagery_basic,rh,mot,LogBandPower + LogReg,balanced_accuracy,0.9285714285714286,1,chronological,48,12,64,0.2690541744232178,688f919f3ab0,0d79a81a67b3,within_subject,0.3.0.dev0,2026-09-10T20:17:35,
Miller2019-imagery_basic,rh,mot,Riemann TS + LogReg,kappa,0.5,1,chronological,48,12,64,0.4412567615509033,b4736e60e22e,0d79a81a67b3,within_subject,0.3.0.dev0,2026-09-10T20:17:35,
Miller2019-imagery_basic,rh,mot,Riemann TS + LogReg,accuracy,0.75,1,chronological,48,12,64,0.4412567615509033,b4736e60e22e,0d79a81a67b3,within_subject,0.3.0.dev0,2026-09-10T20:17:35,
Miller2019-imagery_basic,rh,mot,Riemann TS + LogReg,balanced_accuracy,0.7571428571428571,1,chronological,48,12,64,0.4412567615509033,b4736e60e22e,0d79a81a67b3,within_subject,0.3.0.dev0,2026-09-10T20:17:35,
Miller2019-imagery_basic,rh,mot,HighGamma + LDA,kappa,1.0,2,chronological,48,12,64,0.2534298896789551,f0ad027786a9,0d79a81a67b3,within_subject,0.3.0.dev0,2026-09-10T20:17:35,
Miller2019-imagery_basic,rh,mot,HighGamma + LDA,accuracy,1.0,2,chronological,48,12,64,0.2534298896789551,f0ad027786a9,0d79a81a67b3,within_subject,0.3.0.dev0,2026-09-10T20:17:35,
Miller2019-imagery_basic,rh,mot,HighGamma + LDA,balanced_accuracy,1.0,2,chronological,48,12,64,0.2534298896789551,f0ad027786a9,0d79a81a67b3,within_subject,0.3.0.dev0,2026-09-10T20:17:35,
Miller2019-imagery_basic,rh,mot,LogBandPower + LDA,kappa,1.0,2,chronological,48,12,64,0.2664699554443359,ad4c2abc31c8,0d79a81a67b3,within_subject,0.3.0.dev0,2026-09-10T20:17:35,
Miller2019-imagery_basic,rh,mot,LogBandPower + LDA,accuracy,1.0,2,chronological,48,12,64,0.2664699554443359,ad4c2abc31c8,0d79a81a67b3,within_subject,0.3.0.dev0,2026-09-10T20:17:35,
Miller2019-imagery_basic,rh,mot,LogBandPower + LDA,balanced_accuracy,1.0,2,chronological,48,12,64,0.2664699554443359,ad4c2abc31c8,0d79a81a67b3,within_subject,0.3.0.dev0,2026-09-10T20:17:35,
Miller2019-imagery_basic,rh,mot,LogBandPower + LogReg,kappa,1.0,2,chronological,48,12,64,0.2830710411071777,688f919f3ab0,0d79a81a67b3,within_subject,0.3.0.dev0,2026-09-10T20:17:35,
Miller2019-imagery_basic,rh,mot,LogBandPower + LogReg,accuracy,1.0,2,chronological,48,12,64,0.2830710411071777,688f919f3ab0,0d79a81a67b3,within_subject,0.3.0.dev0,2026-09-10T20:17:35,
Miller2019-imagery_basic,rh,mot,LogBandPower + LogReg,balanced_accuracy,1.0,2,chronological,48,12,64,0.2830710411071777,688f919f3ab0,0d79a81a67b3,within_subject,0.3.0.dev0,2026-09-10T20:17:35,
Miller2019-imagery_basic,rh,mot,Riemann TS + LogReg,kappa,0.2857142857142857,2,chronological,48,12,64,0.5062780380249023,b4736e60e22e,0d79a81a67b3,within_subject,0.3.0.dev0,2026-09-10T20:17:35,
Miller2019-imagery_basic,rh,mot,Riemann TS + LogReg,accuracy,0.5833333333333334,2,chronological,48,12,64,0.5062780380249023,b4736e60e22e,0d79a81a67b3,within_subject,0.3.0.dev0,2026-09-10T20:17:35,
Miller2019-imagery_basic,rh,mot,Riemann TS + LogReg,balanced_accuracy,0.7222222222222222,2,chronological,48,12,64,0.5062780380249023,b4736e60e22e,0d79a81a67b3,within_subject,0.3.0.dev0,2026-09-10T20:17:35,
Miller2019-imagery_basic,rh,mot,HighGamma + LDA,kappa,1.0,3,chronological,48,12,64,0.2453832626342773,f0ad027786a9,0d79a81a67b3,within_subject,0.3.0.dev0,2026-09-10T20:17:35,
Miller2019-imagery_basic,rh,mot,HighGamma + LDA,accuracy,1.0,3,chronological,48,12,64,0.2453832626342773,f0ad027786a9,0d79a81a67b3,within_subject,0.3.0.dev0,2026-09-10T20:17:35,
Miller2019-imagery_basic,rh,mot,HighGamma + LDA,balanced_accuracy,1.0,3,chronological,48,12,64,0.2453832626342773,f0ad027786a9,0d79a81a67b3,within_subject,0.3.0.dev0,2026-09-10T20:17:35,
Miller2019-imagery_basic,rh,mot,LogBandPower + LDA,kappa,1.0,3,chronological,48,12,64,0.2965350151062011,ad4c2abc31c8,0d79a81a67b3,within_subject,0.3.0.dev0,2026-09-10T20:17:35,
Miller2019-imagery_basic,rh,mot,LogBandPower + LDA,accuracy,1.0,3,chronological,48,12,64,0.2965350151062011,ad4c2abc31c8,0d79a81a67b3,within_subject,0.3.0.dev0,2026-09-10T20:17:35,
Miller2019-imagery_basic,rh,mot,LogBandPower + LDA,balanced_accuracy,1.0,3,chronological,48,12,64,0.2965350151062011,ad4c2abc31c8,0d79a81a67b3,within_subject,0.3.0.dev0,2026-09-10T20:17:35,
Miller2019-imagery_basic,rh,mot,LogBandPower + LogReg,kappa,1.0,3,chronological,48,12,64,0.2737970352172851,688f919f3ab0,0d79a81a67b3,within_subject,0.3.0.dev0,2026-09-10T20:17:35,
Miller2019-imagery_basic,rh,mot,LogBandPower + LogReg,accuracy,1.0,3,chronological,48,12,64,0.2737970352172851,688f919f3ab0,0d79a81a67b3,within_subject,0.3.0.dev0,2026-09-10T20:17:35,
Miller2019-imagery_basic,rh,mot,LogBandPower + LogReg,balanced_accuracy,1.0,3,chronological,48,12,64,0.2737970352172851,688f919f3ab0,0d79a81a67b3,within_subject,0.3.0.dev0,2026-09-10T20:17:35,
Miller2019-imagery_basic,rh,mot,Riemann TS + LogReg,kappa,0.3999999999999999,3,chronological,48,12,64,0.5155351161956787,b4736e60e22e,0d79a81a67b3,within_subject,0.3.0.dev0,2026-09-10T20:17:35,
Miller2019-imagery_basic,rh,mot,Riemann TS + LogReg,accuracy,0.6666666666666666,3,chronological,48,12,64,0.5155351161956787,b4736e60e22e,0d79a81a67b3,within_subject,0.3.0.dev0,2026-09-10T20:17:35,
Miller2019-imagery_basic,rh,mot,Riemann TS + LogReg,balanced_accuracy,0.75,3,chronological,48,12,64,0.5155351161956787,b4736e60e22e,0d79a81a67b3,within_subject,0.3.0.dev0,2026-09-10T20:17:35,
Miller2019-imagery_basic,rh,mot,HighGamma + LDA,kappa,0.8333333333333334,4,chronological,48,12,64,0.2462499141693115,f0ad027786a9,0d79a81a67b3,within_subject,0.3.0.dev0,2026-09-10T20:17:35,
Miller2019-imagery_basic,rh,mot,HighGamma + LDA,accuracy,0.9166666666666666,4,chronological,48,12,64,0.2462499141693115,f0ad027786a9,0d79a81a67b3,within_subject,0.3.0.dev0,2026-09-10T20:17:35,
Miller2019-imagery_basic,rh,mot,HighGamma + LDA,balanced_accuracy,0.9166666666666669,4,chronological,48,12,64,0.2462499141693115,f0ad027786a9,0d79a81a67b3,within_subject,0.3.0.dev0,2026-09-10T20:17:35,
Miller2019-imagery_basic,rh,mot,LogBandPower + LDA,kappa,0.5,4,chronological,48,12,64,0.3206601142883301,ad4c2abc31c8,0d79a81a67b3,within_subject,0.3.0.dev0,2026-09-10T20:17:35,
Miller2019-imagery_basic,rh,mot,LogBandPower + LDA,accuracy,0.75,4,chronological,48,12,64,0.3206601142883301,ad4c2abc31c8,0d79a81a67b3,within_subject,0.3.0.dev0,2026-09-10T20:17:35,
Miller2019-imagery_basic,rh,mot,LogBandPower + LDA,balanced_accuracy,0.75,4,chronological,48,12,64,0.3206601142883301,ad4c2abc31c8,0d79a81a67b3,within_subject,0.3.0.dev0,2026-09-10T20:17:35,
Miller2019-imagery_basic,rh,mot,LogBandPower + LogReg,kappa,0.5,4,chronological,48,12,64,0.2770800590515136,688f919f3ab0,0d79a81a67b3,within_subject,0.3.0.dev0,2026-09-10T20:17:35,
Miller2019-imagery_basic,rh,mot,LogBandPower + LogReg,accuracy,0.75,4,chronological,48,12,64,0.2770800590515136,688f919f3ab0,0d79a81a67b3,within_subject,0.3.0.dev0,2026-09-10T20:17:35,
Miller2019-imagery_basic,rh,mot,LogBandPower + LogReg,balanced_accuracy,0.75,4,chronological,48,12,64,0.2770800590515136,688f919f3ab0,0d79a81a67b3,within_subject,0.3.0.dev0,2026-09-10T20:17:35,
Miller2019-imagery_basic,rh,mot,Riemann TS + LogReg,kappa,1.0,4,chronological,48,12,64,0.4545788764953613,b4736e60e22e,0d79a81a67b3,within_subject,0.3.0.dev0,2026-09-10T20:17:35,
Miller2019-imagery_basic,rh,mot,Riemann TS + LogReg,accuracy,1.0,4,chronological,48,12,64,0.4545788764953613,b4736e60e22e,0d79a81a67b3,within_subject,0.3.0.dev0,2026-09-10T20:17:35,
Miller2019-imagery_basic,rh,mot,Riemann TS + LogReg,balanced_accuracy,1.0,4,chronological,48,12,64,0.4545788764953613,b4736e60e22e,0d79a81a67b3,within_subject,0.3.0.dev0,2026-09-10T20:17:35,
Miller2019-imagery_basic,rh,im,HighGamma + LDA,kappa,0.6363636363636364,0,chronological,48,12,64,0.2451481819152832,f0ad027786a9,0d79a81a67b3,within_subject,0.3.0.dev0,2026-09-10T20:17:35,
Miller2019-imagery_basic,rh,im,HighGamma + LDA,accuracy,0.8333333333333334,0,chronological,48,12,64,0.2451481819152832,f0ad027786a9,0d79a81a67b3,within_subject,0.3.0.dev0,2026-09-10T20:17:35,
Miller2019-imagery_basic,rh,im,HighGamma + LDA,balanced_accuracy,0.8,0,chronological,48,12,64,0.2451481819152832,f0ad027786a9,0d79a81a67b3,within_subject,0.3.0.dev0,2026-09-10T20:17:35,
Miller2019-imagery_basic,rh,im,LogBandPower + LDA,kappa,0.4375000000000001,0,chronological,48,12,64,0.2723679542541504,ad4c2abc31c8,0d79a81a67b3,within_subject,0.3.0.dev0,2026-09-10T20:17:35,
Miller2019-imagery_basic,rh,im,LogBandPower + LDA,accuracy,0.75,0,chronological,48,12,64,0.2723679542541504,ad4c2abc31c8,0d79a81a67b3,within_subject,0.3.0.dev0,2026-09-10T20:17:35,
Miller2019-imagery_basic,rh,im,LogBandPower + LDA,balanced_accuracy,0.7,0,chronological,48,12,64,0.2723679542541504,ad4c2abc31c8,0d79a81a67b3,within_subject,0.3.0.dev0,2026-09-10T20:17:35,
Miller2019-imagery_basic,rh,im,LogBandPower + LogReg,kappa,0.4375000000000001,0,chronological,48,12,64,0.2753081321716308,688f919f3ab0,0d79a81a67b3,within_subject,0.3.0.dev0,2026-09-10T20:17:35,
Miller2019-imagery_basic,rh,im,LogBandPower + LogReg,accuracy,0.75,0,chronological,48,12,64,0.2753081321716308,688f919f3ab0,0d79a81a67b3,within_subject,0.3.0.dev0,2026-09-10T20:17:35,
Miller2019-imagery_basic,rh,im,LogBandPower + LogReg,balanced_accuracy,0.7,0,chronological,48,12,64,0.2753081321716308,688f919f3ab0,0d79a81a67b3,within_subject,0.3.0.dev0,2026-09-10T20:17:35,
Miller2019-imagery_basic,rh,im,Riemann TS + LogReg,kappa,0.0,0,chronological,48,12,64,0.5533089637756348,b4736e60e22e,0d79a81a67b3,within_subject,0.3.0.dev0,2026-09-10T20:17:35,
Miller2019-imagery_basic,rh,im,Riemann TS + LogReg,accuracy,0.5833333333333334,0,chronological,48,12,64,0.5533089637756348,b4736e60e22e,0d79a81a67b3,within_subject,0.3.0.dev0,2026-09-10T20:17:35,
Miller2019-imagery_basic,rh,im,Riemann TS + LogReg,balanced_accuracy,0.5,0,chronological,48,12,64,0.5533089637756348,b4736e60e22e,0d79a81a67b3,within_subject,0.3.0.dev0,2026-09-10T20:17:35,
Miller2019-imagery_basic,rh,im,HighGamma + LDA,kappa,0.3513513513513513,1,chronological,48,12,64,0.2572081089019775,f0ad027786a9,0d79a81a67b3,within_subject,0.3.0.dev0,2026-09-10T20:17:35,
Miller2019-imagery_basic,rh,im,HighGamma + LDA,accuracy,0.6666666666666666,1,chronological,48,12,64,0.2572081089019775,f0ad027786a9,0d79a81a67b3,within_subject,0.3.0.dev0,2026-09-10T20:17:35,
Miller2019-imagery_basic,rh,im,HighGamma + LDA,balanced_accuracy,0.6857142857142857,1,chronological,48,12,64,0.2572081089019775,f0ad027786a9,0d79a81a67b3,within_subject,0.3.0.dev0,2026-09-10T20:17:35,
Miller2019-imagery_basic,rh,im,LogBandPower + LDA,kappa,0.2105263157894737,1,chronological,48,12,64,0.2838139533996582,ad4c2abc31c8,0d79a81a67b3,within_subject,0.3.0.dev0,2026-09-10T20:17:35,
Miller2019-imagery_basic,rh,im,LogBandPower + LDA,accuracy,0.5833333333333334,1,chronological,48,12,64,0.2838139533996582,ad4c2abc31c8,0d79a81a67b3,within_subject,0.3.0.dev0,2026-09-10T20:17:35,
Miller2019-imagery_basic,rh,im,LogBandPower + LDA,balanced_accuracy,0.6142857142857143,1,chronological,48,12,64,0.2838139533996582,ad4c2abc31c8,0d79a81a67b3,within_subject,0.3.0.dev0,2026-09-10T20:17:35,
Miller2019-imagery_basic,rh,im,LogBandPower + LogReg,kappa,0.2105263157894737,1,chronological,48,12,64,0.2657737731933594,688f919f3ab0,0d79a81a67b3,within_subject,0.3.0.dev0,2026-09-10T20:17:35,
Miller2019-imagery_basic,rh,im,LogBandPower + LogReg,accuracy,0.5833333333333334,1,chronological,48,12,64,0.2657737731933594,688f919f3ab0,0d79a81a67b3,within_subject,0.3.0.dev0,2026-09-10T20:17:35,
Miller2019-imagery_basic,rh,im,LogBandPower + LogReg,balanced_accuracy,0.6142857142857143,1,chronological,48,12,64,0.2657737731933594,688f919f3ab0,0d79a81a67b3,within_subject,0.3.0.dev0,2026-09-10T20:17:35,
Miller2019-imagery_basic,rh,im,Riemann TS + LogReg,kappa,-0.1707317073170731,1,chronological,48,12,64,0.4975781440734863,b4736e60e22e,0d79a81a67b3,within_subject,0.3.0.dev0,2026-09-10T20:17:35,
Miller2019-imagery_basic,rh,im,Riemann TS + LogReg,accuracy,0.3333333333333333,1,chronological,48,12,64,0.4975781440734863,b4736e60e22e,0d79a81a67b3,within_subject,0.3.0.dev0,2026-09-10T20:17:35,
Miller2019-imagery_basic,rh,im,Riemann TS + LogReg,balanced_accuracy,0.4,1,chronological,48,12,64,0.4975781440734863,b4736e60e22e,0d79a81a67b3,within_subject,0.3.0.dev0,2026-09-10T20:17:35,
Miller2019-imagery_basic,rh,im,HighGamma + LDA,kappa,0.3846153846153846,2,chronological,48,12,64,0.2570319175720215,f0ad027786a9,0d79a81a67b3,within_subject,0.3.0.dev0,2026-09-10T20:17:35,
Miller2019-imagery_basic,rh,im,HighGamma + LDA,accuracy,0.6666666666666666,2,chronological,48,12,64,0.2570319175720215,f0ad027786a9,0d79a81a67b3,within_subject,0.3.0.dev0,2026-09-10T20:17:35,
Miller2019-imagery_basic,rh,im,HighGamma + LDA,balanced_accuracy,0.7142857142857143,2,chronological,48,12,64,0.2570319175720215,f0ad027786a9,0d79a81a67b3,within_subject,0.3.0.dev0,2026-09-10T20:17:35,
Miller2019-imagery_basic,rh,im,LogBandPower + LDA,kappa,0.2727272727272727,2,chronological,48,12,64,0.2576041221618652,ad4c2abc31c8,0d79a81a67b3,within_subject,0.3.0.dev0,2026-09-10T20:17:35,
Miller2019-imagery_basic,rh,im,LogBandPower + LDA,accuracy,0.6666666666666666,2,chronological,48,12,64,0.2576041221618652,ad4c2abc31c8,0d79a81a67b3,within_subject,0.3.0.dev0,2026-09-10T20:17:35,
Miller2019-imagery_basic,rh,im,LogBandPower + LDA,balanced_accuracy,0.6285714285714286,2,chronological,48,12,64,0.2576041221618652,ad4c2abc31c8,0d79a81a67b3,within_subject,0.3.0.dev0,2026-09-10T20:17:35,
Miller2019-imagery_basic,rh,im,LogBandPower + LogReg,kappa,0.2727272727272727,2,chronological,48,12,64,0.2529847621917724,688f919f3ab0,0d79a81a67b3,within_subject,0.3.0.dev0,2026-09-10T20:17:35,
Miller2019-imagery_basic,rh,im,LogBandPower + LogReg,accuracy,0.6666666666666666,2,chronological,48,12,64,0.2529847621917724,688f919f3ab0,0d79a81a67b3,within_subject,0.3.0.dev0,2026-09-10T20:17:35,
Miller2019-imagery_basic,rh,im,LogBandPower + LogReg,balanced_accuracy,0.6285714285714286,2,chronological,48,12,64,0.2529847621917724,688f919f3ab0,0d79a81a67b3,within_subject,0.3.0.dev0,2026-09-10T20:17:35,
Miller2019-imagery_basic,rh,im,Riemann TS + LogReg,kappa,0.0270270270270269,2,chronological,48,12,64,0.508328914642334,b4736e60e22e,0d79a81a67b3,within_subject,0.3.0.dev0,2026-09-10T20:17:35,
Miller2019-imagery_basic,rh,im,Riemann TS + LogReg,accuracy,0.5,2,chronological,48,12,64,0.508328914642334,b4736e60e22e,0d79a81a67b3,within_subject,0.3.0.dev0,2026-09-10T20:17:35,
Miller2019-imagery_basic,rh,im,Riemann TS + LogReg,balanced_accuracy,0.5142857142857142,2,chronological,48,12,64,0.508328914642334,b4736e60e22e,0d79a81a67b3,within_subject,0.3.0.dev0,2026-09-10T20:17:35,
Miller2019-imagery_basic,rh,im,HighGamma + LDA,kappa,0.6666666666666667,3,chronological,48,12,64,0.2550122737884521,f0ad027786a9,0d79a81a67b3,within_subject,0.3.0.dev0,2026-09-10T20:17:35,
Miller2019-imagery_basic,rh,im,HighGamma + LDA,accuracy,0.8333333333333334,3,chronological,48,12,64,0.2550122737884521,f0ad027786a9,0d79a81a67b3,within_subject,0.3.0.dev0,2026-09-10T20:17:35,
Miller2019-imagery_basic,rh,im,HighGamma + LDA,balanced_accuracy,0.8333333333333334,3,chronological,48,12,64,0.2550122737884521,f0ad027786a9,0d79a81a67b3,within_subject,0.3.0.dev0,2026-09-10T20:17:35,
Miller2019-imagery_basic,rh,im,LogBandPower + LDA,kappa,0.5,3,chronological,48,12,64,0.2655749320983886,ad4c2abc31c8,0d79a81a67b3,within_subject,0.3.0.dev0,2026-09-10T20:17:35,
Miller2019-imagery_basic,rh,im,LogBandPower + LDA,accuracy,0.75,3,chronological,48,12,64,0.2655749320983886,ad4c2abc31c8,0d79a81a67b3,within_subject,0.3.0.dev0,2026-09-10T20:17:35,
Miller2019-imagery_basic,rh,im,LogBandPower + LDA,balanced_accuracy,0.75,3,chronological,48,12,64,0.2655749320983886,ad4c2abc31c8,0d79a81a67b3,within_subject,0.3.0.dev0,2026-09-10T20:17:35,
Miller2019-imagery_basic,rh,im,LogBandPower + LogReg,kappa,0.1666666666666666,3,chronological,48,12,64,0.2763800621032715,688f919f3ab0,0d79a81a67b3,within_subject,0.3.0.dev0,2026-09-10T20:17:35,
Miller2019-imagery_basic,rh,im,LogBandPower + LogReg,accuracy,0.5833333333333334,3,chronological,48,12,64,0.2763800621032715,688f919f3ab0,0d79a81a67b3,within_subject,0.3.0.dev0,2026-09-10T20:17:35,
Miller2019-imagery_basic,rh,im,LogBandPower + LogReg,balanced_accuracy,0.5833333333333333,3,chronological,48,12,64,0.2763800621032715,688f919f3ab0,0d79a81a67b3,within_subject,0.3.0.dev0,2026-09-10T20:17:35,
Miller2019-imagery_basic,rh,im,Riemann TS + LogReg,kappa,0.1666666666666666,3,chronological,48,12,64,0.5388069152832031,b4736e60e22e,0d79a81a67b3,within_subject,0.3.0.dev0,2026-09-10T20:17:35,
Miller2019-imagery_basic,rh,im,Riemann TS + LogReg,accuracy,0.5833333333333334,3,chronological,48,12,64,0.5388069152832031,b4736e60e22e,0d79a81a67b3,within_subject,0.3.0.dev0,2026-09-10T20:17:35,
Miller2019-imagery_basic,rh,im,Riemann TS + LogReg,balanced_accuracy,0.5833333333333333,3,chronological,48,12,64,0.5388069152832031,b4736e60e22e,0d79a81a67b3,within_subject,0.3.0.dev0,2026-09-10T20:17:35,
Miller2019-imagery_basic,rh,im,HighGamma + LDA,kappa,-0.3124999999999998,4,chronological,48,12,64,0.2527308464050293,f0ad027786a9,0d79a81a67b3,within_subject,0.3.0.dev0,2026-09-10T20:17:35,
Miller2019-imagery_basic,rh,im,HighGamma + LDA,accuracy,0.4166666666666667,4,chronological,48,12,64,0.2527308464050293,f0ad027786a9,0d79a81a67b3,within_subject,0.3.0.dev0,2026-09-10T20:17:35,
Miller2019-imagery_basic,rh,im,HighGamma + LDA,balanced_accuracy,0.3571428571428571,4,chronological,48,12,64,0.2527308464050293,f0ad027786a9,0d79a81a67b3,within_subject,0.3.0.dev0,2026-09-10T20:17:35,
Miller2019-imagery_basic,rh,im,LogBandPower + LDA,kappa,0.1176470588235294,4,chronological,48,12,64,0.2560529708862304,ad4c2abc31c8,0d79a81a67b3,within_subject,0.3.0.dev0,2026-09-10T20:17:35,
Miller2019-imagery_basic,rh,im,LogBandPower + LDA,accuracy,0.5833333333333334,4,chronological,48,12,64,0.2560529708862304,ad4c2abc31c8,0d79a81a67b3,within_subject,0.3.0.dev0,2026-09-10T20:17:35,
Miller2019-imagery_basic,rh,im,LogBandPower + LDA,balanced_accuracy,0.5571428571428572,4,chronological,48,12,64,0.2560529708862304,ad4c2abc31c8,0d79a81a67b3,within_subject,0.3.0.dev0,2026-09-10T20:17:35,
Miller2019-imagery_basic,rh,im,LogBandPower + LogReg,kappa,-0.0285714285714286,4,chronological,48,12,64,0.2356688976287841,688f919f3ab0,0d79a81a67b3,within_subject,0.3.0.dev0,2026-09-10T20:17:35,
Miller2019-imagery_basic,rh,im,LogBandPower + LogReg,accuracy,0.5,4,chronological,48,12,64,0.2356688976287841,688f919f3ab0,0d79a81a67b3,within_subject,0.3.0.dev0,2026-09-10T20:17:35,
Miller2019-imagery_basic,rh,im,LogBandPower + LogReg,balanced_accuracy,0.4857142857142857,4,chronological,48,12,64,0.2356688976287841,688f919f3ab0,0d79a81a67b3,within_subject,0.3.0.dev0,2026-09-10T20:17:35,
Miller2019-imagery_basic,rh,im,Riemann TS + LogReg,kappa,-0.0909090909090908,4,chronological,48,12,64,0.4682378768920898,b4736e60e22e,0d79a81a67b3,within_subject,0.3.0.dev0,2026-09-10T20:17:35,
Miller2019-imagery_basic,rh,im,Riemann TS + LogReg,accuracy,0.5,4,chronological,48,12,64,0.4682378768920898,b4736e60e22e,0d79a81a67b3,within_subject,0.3.0.dev0,2026-09-10T20:17:35,
Miller2019-imagery_basic,rh,im,Riemann TS + LogReg,balanced_accuracy,0.4571428571428572,4,chronological,48,12,64,0.4682378768920898,b4736e60e22e,0d79a81a67b3,within_subject,0.3.0.dev0,2026-09-10T20:17:35,
Miller2019-imagery_basic,rr,mot,HighGamma + LDA,kappa,1.0,0,chronological,48,12,64,0.2630400657653808,f0ad027786a9,0d79a81a67b3,within_subject,0.3.0.dev0,2026-09-10T20:17:50,
Miller2019-imagery_basic,rr,mot,HighGamma + LDA,accuracy,1.0,0,chronological,48,12,64,0.2630400657653808,f0ad027786a9,0d79a81a67b3,within_subject,0.3.0.dev0,2026-09-10T20:17:50,
Miller2019-imagery_basic,rr,mot,HighGamma + LDA,balanced_accuracy,1.0,0,chronological,48,12,64,0.2630400657653808,f0ad027786a9,0d79a81a67b3,within_subject,0.3.0.dev0,2026-09-10T20:17:50,
Miller2019-imagery_basic,rr,mot,LogBandPower + LDA,kappa,0.8333333333333334,0,chronological,48,12,64,0.2807259559631347,ad4c2abc31c8,0d79a81a67b3,within_subject,0.3.0.dev0,2026-09-10T20:17:50,
Miller2019-imagery_basic,rr,mot,LogBandPower + LDA,accuracy,0.9166666666666666,0,chronological,48,12,64,0.2807259559631347,ad4c2abc31c8,0d79a81a67b3,within_subject,0.3.0.dev0,2026-09-10T20:17:50,
Miller2019-imagery_basic,rr,mot,LogBandPower + LDA,balanced_accuracy,0.9166666666666669,0,chronological,48,12,64,0.2807259559631347,ad4c2abc31c8,0d79a81a67b3,within_subject,0.3.0.dev0,2026-09-10T20:17:50,
Miller2019-imagery_basic,rr,mot,LogBandPower + LogReg,kappa,0.6666666666666667,0,chronological,48,12,64,0.3236758708953857,688f919f3ab0,0d79a81a67b3,within_subject,0.3.0.dev0,2026-09-10T20:17:50,
Miller2019-imagery_basic,rr,mot,LogBandPower + LogReg,accuracy,0.8333333333333334,0,chronological,48,12,64,0.3236758708953857,688f919f3ab0,0d79a81a67b3,within_subject,0.3.0.dev0,2026-09-10T20:17:50,
Miller2019-imagery_basic,rr,mot,LogBandPower + LogReg,balanced_accuracy,0.8333333333333333,0,chronological,48,12,64,0.3236758708953857,688f919f3ab0,0d79a81a67b3,within_subject,0.3.0.dev0,2026-09-10T20:17:50,
Miller2019-imagery_basic,rr,mot,Riemann TS + LogReg,kappa,1.0,0,chronological,48,12,64,0.417490005493164,b4736e60e22e,0d79a81a67b3,within_subject,0.3.0.dev0,2026-09-10T20:17:50,
Miller2019-imagery_basic,rr,mot,Riemann TS + LogReg,accuracy,1.0,0,chronological,48,12,64,0.417490005493164,b4736e60e22e,0d79a81a67b3,within_subject,0.3.0.dev0,2026-09-10T20:17:50,
Miller2019-imagery_basic,rr,mot,Riemann TS + LogReg,balanced_accuracy,1.0,0,chronological,48,12,64,0.417490005493164,b4736e60e22e,0d79a81a67b3,within_subject,0.3.0.dev0,2026-09-10T20:17:50,
Miller2019-imagery_basic,rr,mot,HighGamma + LDA,kappa,1.0,1,chronological,48,12,64,0.2744560241699219,f0ad027786a9,0d79a81a67b3,within_subject,0.3.0.dev0,2026-09-10T20:17:50,
Miller2019-imagery_basic,rr,mot,HighGamma + LDA,accuracy,1.0,1,chronological,48,12,64,0.2744560241699219,f0ad027786a9,0d79a81a67b3,within_subject,0.3.0.dev0,2026-09-10T20:17:50,
Miller2019-imagery_basic,rr,mot,HighGamma + LDA,balanced_accuracy,1.0,1,chronological,48,12,64,0.2744560241699219,f0ad027786a9,0d79a81a67b3,within_subject,0.3.0.dev0,2026-09-10T20:17:50,
Miller2019-imagery_basic,rr,mot,LogBandPower + LDA,kappa,0.8333333333333334,1,chronological,48,12,64,0.2747619152069092,ad4c2abc31c8,0d79a81a67b3,within_subject,0.3.0.dev0,2026-09-10T20:17:50,
Miller2019-imagery_basic,rr,mot,LogBandPower + LDA,accuracy,0.9166666666666666,1,chronological,48,12,64,0.2747619152069092,ad4c2abc31c8,0d79a81a67b3,within_subject,0.3.0.dev0,2026-09-10T20:17:50,
Miller2019-imagery_basic,rr,mot,LogBandPower + LDA,balanced_accuracy,0.9166666666666669,1,chronological,48,12,64,0.2747619152069092,ad4c2abc31c8,0d79a81a67b3,within_subject,0.3.0.dev0,2026-09-10T20:17:50,
Miller2019-imagery_basic,rr,mot,LogBandPower + LogReg,kappa,0.8333333333333334,1,chronological,48,12,64,0.2551097869873047,688f919f3ab0,0d79a81a67b3,within_subject,0.3.0.dev0,2026-09-10T20:17:50,
Miller2019-imagery_basic,rr,mot,LogBandPower + LogReg,accuracy,0.9166666666666666,1,chronological,48,12,64,0.2551097869873047,688f919f3ab0,0d79a81a67b3,within_subject,0.3.0.dev0,2026-09-10T20:17:50,
Miller2019-imagery_basic,rr,mot,LogBandPower + LogReg,balanced_accuracy,0.9166666666666669,1,chronological,48,12,64,0.2551097869873047,688f919f3ab0,0d79a81a67b3,within_subject,0.3.0.dev0,2026-09-10T20:17:50,
Miller2019-imagery_basic,rr,mot,Riemann TS + LogReg,kappa,1.0,1,chronological,48,12,64,0.4226727485656738,b4736e60e22e,0d79a81a67b3,within_subject,0.3.0.dev0,2026-09-10T20:17:50,
Miller2019-imagery_basic,rr,mot,Riemann TS + LogReg,accuracy,1.0,1,chronological,48,12,64,0.4226727485656738,b4736e60e22e,0d79a81a67b3,within_subject,0.3.0.dev0,2026-09-10T20:17:50,
Miller2019-imagery_basic,rr,mot,Riemann TS + LogReg,balanced_accuracy,1.0,1,chronological,48,12,64,0.4226727485656738,b4736e60e22e,0d79a81a67b3,within_subject,0.3.0.dev0,2026-09-10T20:17:50,
Miller2019-imagery_basic,rr,mot,HighGamma + LDA,kappa,1.0,2,chronological,48,12,64,0.2512998580932617,f0ad027786a9,0d79a81a67b3,within_subject,0.3.0.dev0,2026-09-10T20:17:50,
Miller2019-imagery_basic,rr,mot,HighGamma + LDA,accuracy,1.0,2,chronological,48,12,64,0.2512998580932617,f0ad027786a9,0d79a81a67b3,within_subject,0.3.0.dev0,2026-09-10T20:17:50,
Miller2019-imagery_basic,rr,mot,HighGamma + LDA,balanced_accuracy,1.0,2,chronological,48,12,64,0.2512998580932617,f0ad027786a9,0d79a81a67b3,within_subject,0.3.0.dev0,2026-09-10T20:17:50,
Miller2019-imagery_basic,rr,mot,LogBandPower + LDA,kappa,1.0,2,chronological,48,12,64,0.3146178722381592,ad4c2abc31c8,0d79a81a67b3,within_subject,0.3.0.dev0,2026-09-10T20:17:50,
Miller2019-imagery_basic,rr,mot,LogBandPower + LDA,accuracy,1.0,2,chronological,48,12,64,0.3146178722381592,ad4c2abc31c8,0d79a81a67b3,within_subject,0.3.0.dev0,2026-09-10T20:17:50,
Miller2019-imagery_basic,rr,mot,LogBandPower + LDA,balanced_accuracy,1.0,2,chronological,48,12,64,0.3146178722381592,ad4c2abc31c8,0d79a81a67b3,within_subject,0.3.0.dev0,2026-09-10T20:17:50,
Miller2019-imagery_basic,rr,mot,LogBandPower + LogReg,kappa,1.0,2,chronological,48,12,64,0.2998850345611572,688f919f3ab0,0d79a81a67b3,within_subject,0.3.0.dev0,2026-09-10T20:17:50,
Miller2019-imagery_basic,rr,mot,LogBandPower + LogReg,accuracy,1.0,2,chronological,48,12,64,0.2998850345611572,688f919f3ab0,0d79a81a67b3,within_subject,0.3.0.dev0,2026-09-10T20:17:50,
Miller2019-imagery_basic,rr,mot,LogBandPower + LogReg,balanced_accuracy,1.0,2,chronological,48,12,64,0.2998850345611572,688f919f3ab0,0d79a81a67b3,within_subject,0.3.0.dev0,2026-09-10T20:17:50,
Miller2019-imagery_basic,rr,mot,Riemann TS + LogReg,kappa,0.6756756756756757,2,chronological,48,12,64,0.4145116806030273,b4736e60e22e,0d79a81a67b3,within_subject,0.3.0.dev0,2026-09-10T20:17:50,
Miller2019-imagery_basic,rr,mot,Riemann TS + LogReg,accuracy,0.8333333333333334,2,chronological,48,12,64,0.4145116806030273,b4736e60e22e,0d79a81a67b3,within_subject,0.3.0.dev0,2026-09-10T20:17:50,
Miller2019-imagery_basic,rr,mot,Riemann TS + LogReg,balanced_accuracy,0.8571428571428572,2,chronological,48,12,64,0.4145116806030273,b4736e60e22e,0d79a81a67b3,within_subject,0.3.0.dev0,2026-09-10T20:17:50,
Miller2019-imagery_basic,rr,mot,HighGamma + LDA,kappa,1.0,3,chronological,48,12,64,0.2931828498840332,f0ad027786a9,0d79a81a67b3,within_subject,0.3.0.dev0,2026-09-10T20:17:50,
Miller2019-imagery_basic,rr,mot,HighGamma + LDA,accuracy,1.0,3,chronological,48,12,64,0.2931828498840332,f0ad027786a9,0d79a81a67b3,within_subject,0.3.0.dev0,2026-09-10T20:17:50,
Miller2019-imagery_basic,rr,mot,HighGamma + LDA,balanced_accuracy,1.0,3,chronological,48,12,64,0.2931828498840332,f0ad027786a9,0d79a81a67b3,within_subject,0.3.0.dev0,2026-09-10T20:17:50,
Miller2019-imagery_basic,rr,mot,LogBandPower + LDA,kappa,0.8333333333333334,3,chronological,48,12,64,0.2824420928955078,ad4c2abc31c8,0d79a81a67b3,within_subject,0.3.0.dev0,2026-09-10T20:17:50,
Miller2019-imagery_basic,rr,mot,LogBandPower + LDA,accuracy,0.9166666666666666,3,chronological,48,12,64,0.2824420928955078,ad4c2abc31c8,0d79a81a67b3,within_subject,0.3.0.dev0,2026-09-10T20:17:50,
Miller2019-imagery_basic,rr,mot,LogBandPower + LDA,balanced_accuracy,0.9285714285714286,3,chronological,48,12,64,0.2824420928955078,ad4c2abc31c8,0d79a81a67b3,within_subject,0.3.0.dev0,2026-09-10T20:17:50,
Miller2019-imagery_basic,rr,mot,LogBandPower + LogReg,kappa,0.6756756756756757,3,chronological,48,12,64,0.3229742050170898,688f919f3ab0,0d79a81a67b3,within_subject,0.3.0.dev0,2026-09-10T20:17:50,
Miller2019-imagery_basic,rr,mot,LogBandPower + LogReg,accuracy,0.8333333333333334,3,chronological,48,12,64,0.3229742050170898,688f919f3ab0,0d79a81a67b3,within_subject,0.3.0.dev0,2026-09-10T20:17:50,
Miller2019-imagery_basic,rr,mot,LogBandPower + LogReg,balanced_accuracy,0.8571428571428572,3,chronological,48,12,64,0.3229742050170898,688f919f3ab0,0d79a81a67b3,within_subject,0.3.0.dev0,2026-09-10T20:17:50,
Miller2019-imagery_basic,rr,mot,Riemann TS + LogReg,kappa,0.8235294117647058,3,chronological,48,12,64,0.4097230434417724,b4736e60e22e,0d79a81a67b3,within_subject,0.3.0.dev0,2026-09-10T20:17:50,
Miller2019-imagery_basic,rr,mot,Riemann TS + LogReg,accuracy,0.9166666666666666,3,chronological,48,12,64,0.4097230434417724,b4736e60e22e,0d79a81a67b3,within_subject,0.3.0.dev0,2026-09-10T20:17:50,
Miller2019-imagery_basic,rr,mot,Riemann TS + LogReg,balanced_accuracy,0.9,3,chronological,48,12,64,0.4097230434417724,b4736e60e22e,0d79a81a67b3,within_subject,0.3.0.dev0,2026-09-10T20:17:50,
Miller2019-imagery_basic,rr,mot,HighGamma + LDA,kappa,1.0,4,chronological,48,12,64,0.2487130165100097,f0ad027786a9,0d79a81a67b3,within_subject,0.3.0.dev0,2026-09-10T20:17:50,
Miller2019-imagery_basic,rr,mot,HighGamma + LDA,accuracy,1.0,4,chronological,48,12,64,0.2487130165100097,f0ad027786a9,0d79a81a67b3,within_subject,0.3.0.dev0,2026-09-10T20:17:50,
Miller2019-imagery_basic,rr,mot,HighGamma + LDA,balanced_accuracy,1.0,4,chronological,48,12,64,0.2487130165100097,f0ad027786a9,0d79a81a67b3,within_subject,0.3.0.dev0,2026-09-10T20:17:50,
Miller2019-imagery_basic,rr,mot,LogBandPower + LDA,kappa,0.5,4,chronological,48,12,64,0.310870885848999,ad4c2abc31c8,0d79a81a67b3,within_subject,0.3.0.dev0,2026-09-10T20:17:50,
Miller2019-imagery_basic,rr,mot,LogBandPower + LDA,accuracy,0.75,4,chronological,48,12,64,0.310870885848999,ad4c2abc31c8,0d79a81a67b3,within_subject,0.3.0.dev0,2026-09-10T20:17:50,
Miller2019-imagery_basic,rr,mot,LogBandPower + LDA,balanced_accuracy,0.75,4,chronological,48,12,64,0.310870885848999,ad4c2abc31c8,0d79a81a67b3,within_subject,0.3.0.dev0,2026-09-10T20:17:50,
Miller2019-imagery_basic,rr,mot,LogBandPower + LogReg,kappa,0.5,4,chronological,48,12,64,0.271665096282959,688f919f3ab0,0d79a81a67b3,within_subject,0.3.0.dev0,2026-09-10T20:17:50,
Miller2019-imagery_basic,rr,mot,LogBandPower + LogReg,accuracy,0.75,4,chronological,48,12,64,0.271665096282959,688f919f3ab0,0d79a81a67b3,within_subject,0.3.0.dev0,2026-09-10T20:17:50,
Miller2019-imagery_basic,rr,mot,LogBandPower + LogReg,balanced_accuracy,0.75,4,chronological,48,12,64,0.271665096282959,688f919f3ab0,0d79a81a67b3,within_subject,0.3.0.dev0,2026-09-10T20:17:50,
Miller2019-imagery_basic,rr,mot,Riemann TS + LogReg,kappa,0.6666666666666667,4,chronological,48,12,64,0.4090549945831299,b4736e60e22e,0d79a81a67b3,within_subject,0.3.0.dev0,2026-09-10T20:17:50,
Miller2019-imagery_basic,rr,mot,Riemann TS + LogReg,accuracy,0.8333333333333334,4,chronological,48,12,64,0.4090549945831299,b4736e60e22e,0d79a81a67b3,within_subject,0.3.0.dev0,2026-09-10T20:17:50,
Miller2019-imagery_basic,rr,mot,Riemann TS + LogReg,balanced_accuracy,0.8333333333333333,4,chronological,48,12,64,0.4090549945831299,b4736e60e22e,0d79a81a67b3,within_subject,0.3.0.dev0,2026-09-10T20:17:50,
Miller2019-imagery_basic,rr,im,HighGamma + LDA,kappa,0.3333333333333333,0,chronological,48,12,64,0.2718498706817627,f0ad027786a9,0d79a81a67b3,within_subject,0.3.0.dev0,2026-09-10T20:17:50,
Miller2019-imagery_basic,rr,im,HighGamma + LDA,accuracy,0.6666666666666666,0,chronological,48,12,64,0.2718498706817627,f0ad027786a9,0d79a81a67b3,within_subject,0.3.0.dev0,2026-09-10T20:17:50,
Miller2019-imagery_basic,rr,im,HighGamma + LDA,balanced_accuracy,0.6666666666666667,0,chronological,48,12,64,0.2718498706817627,f0ad027786a9,0d79a81a67b3,within_subject,0.3.0.dev0,2026-09-10T20:17:50,
Miller2019-imagery_basic,rr,im,LogBandPower + LDA,kappa,0.5,0,chronological,48,12,64,0.2737531661987304,ad4c2abc31c8,0d79a81a67b3,within_subject,0.3.0.dev0,2026-09-10T20:17:50,
Miller2019-imagery_basic,rr,im,LogBandPower + LDA,accuracy,0.75,0,chronological,48,12,64,0.2737531661987304,ad4c2abc31c8,0d79a81a67b3,within_subject,0.3.0.dev0,2026-09-10T20:17:50,
Miller2019-imagery_basic,rr,im,LogBandPower + LDA,balanced_accuracy,0.75,0,chronological,48,12,64,0.2737531661987304,ad4c2abc31c8,0d79a81a67b3,within_subject,0.3.0.dev0,2026-09-10T20:17:50,
Miller2019-imagery_basic,rr,im,LogBandPower + LogReg,kappa,0.5,0,chronological,48,12,64,0.2826559543609619,688f919f3ab0,0d79a81a67b3,within_subject,0.3.0.dev0,2026-09-10T20:17:50,
Miller2019-imagery_basic,rr,im,LogBandPower + LogReg,accuracy,0.75,0,chronological,48,12,64,0.2826559543609619,688f919f3ab0,0d79a81a67b3,within_subject,0.3.0.dev0,2026-09-10T20:17:50,
Miller2019-imagery_basic,rr,im,LogBandPower + LogReg,balanced_accuracy,0.75,0,chronological,48,12,64,0.2826559543609619,688f919f3ab0,0d79a81a67b3,within_subject,0.3.0.dev0,2026-09-10T20:17:50,
Miller2019-imagery_basic,rr,im,Riemann TS + LogReg,kappa,0.5,0,chronological,48,12,64,0.4623210430145263,b4736e60e22e,0d79a81a67b3,within_subject,0.3.0.dev0,2026-09-10T20:17:50,
Miller2019-imagery_basic,rr,im,Riemann TS + LogReg,accuracy,0.75,0,chronological,48,12,64,0.4623210430145263,b4736e60e22e,0d79a81a67b3,within_subject,0.3.0.dev0,2026-09-10T20:17:50,
Miller2019-imagery_basic,rr,im,Riemann TS + LogReg,balanced_accuracy,0.75,0,chronological,48,12,64,0.4623210430145263,b4736e60e22e,0d79a81a67b3,within_subject,0.3.0.dev0,2026-09-10T20:17:50,
Miller2019-imagery_basic,rr,im,HighGamma + LDA,kappa,0.1666666666666666,1,chronological,48,12,64,0.251899242401123,f0ad027786a9,0d79a81a67b3,within_subject,0.3.0.dev0,2026-09-10T20:17:50,
Miller2019-imagery_basic,rr,im,HighGamma + LDA,accuracy,0.5833333333333334,1,chronological,48,12,64,0.251899242401123,f0ad027786a9,0d79a81a67b3,within_subject,0.3.0.dev0,2026-09-10T20:17:50,
Miller2019-imagery_basic,rr,im,HighGamma + LDA,balanced_accuracy,0.5833333333333333,1,chronological,48,12,64,0.251899242401123,f0ad027786a9,0d79a81a67b3,within_subject,0.3.0.dev0,2026-09-10T20:17:50,
Miller2019-imagery_basic,rr,im,LogBandPower + LDA,kappa,0.5,1,chronological,48,12,64,0.3274660110473633,ad4c2abc31c8,0d79a81a67b3,within_subject,0.3.0.dev0,2026-09-10T20:17:50,
Miller2019-imagery_basic,rr,im,LogBandPower + LDA,accuracy,0.75,1,chronological,48,12,64,0.3274660110473633,ad4c2abc31c8,0d79a81a67b3,within_subject,0.3.0.dev0,2026-09-10T20:17:50,
Miller2019-imagery_basic,rr,im,LogBandPower + LDA,balanced_accuracy,0.75,1,chronological,48,12,64,0.3274660110473633,ad4c2abc31c8,0d79a81a67b3,within_subject,0.3.0.dev0,2026-09-10T20:17:50,
Miller2019-imagery_basic,rr,im,LogBandPower + LogReg,kappa,0.6666666666666667,1,chronological,48,12,64,0.3046920299530029,688f919f3ab0,0d79a81a67b3,within_subject,0.3.0.dev0,2026-09-10T20:17:50,
Miller2019-imagery_basic,rr,im,LogBandPower + LogReg,accuracy,0.8333333333333334,1,chronological,48,12,64,0.3046920299530029,688f919f3ab0,0d79a81a67b3,within_subject,0.3.0.dev0,2026-09-10T20:17:50,
Miller2019-imagery_basic,rr,im,LogBandPower + LogReg,balanced_accuracy,0.8333333333333333,1,chronological,48,12,64,0.3046920299530029,688f919f3ab0,0d79a81a67b3,within_subject,0.3.0.dev0,2026-09-10T20:17:50,
Miller2019-imagery_basic,rr,im,Riemann TS + LogReg,kappa,0.6666666666666667,1,chronological,48,12,64,0.3930938243865967,b4736e60e22e,0d79a81a67b3,within_subject,0.3.0.dev0,2026-09-10T20:17:50,
Miller2019-imagery_basic,rr,im,Riemann TS + LogReg,accuracy,0.8333333333333334,1,chronological,48,12,64,0.3930938243865967,b4736e60e22e,0d79a81a67b3,within_subject,0.3.0.dev0,2026-09-10T20:17:50,
Miller2019-imagery_basic,rr,im,Riemann TS + LogReg,balanced_accuracy,0.8333333333333334,1,chronological,48,12,64,0.3930938243865967,b4736e60e22e,0d79a81a67b3,within_subject,0.3.0.dev0,2026-09-10T20:17:50,
Miller2019-imagery_basic,rr,im,HighGamma + LDA,kappa,0.1666666666666666,2,chronological,48,12,64,0.2871239185333252,f0ad027786a9,0d79a81a67b3,within_subject,0.3.0.dev0,2026-09-10T20:17:50,
Miller2019-imagery_basic,rr,im,HighGamma + LDA,accuracy,0.5833333333333334,2,chronological,48,12,64,0.2871239185333252,f0ad027786a9,0d79a81a67b3,within_subject,0.3.0.dev0,2026-09-10T20:17:50,
Miller2019-imagery_basic,rr,im,HighGamma + LDA,balanced_accuracy,0.5833333333333333,2,chronological,48,12,64,0.2871239185333252,f0ad027786a9,0d79a81a67b3,within_subject,0.3.0.dev0,2026-09-10T20:17:50,
Miller2019-imagery_basic,rr,im,LogBandPower + LDA,kappa,0.8333333333333334,2,chronological,48,12,64,0.2905309200286865,ad4c2abc31c8,0d79a81a67b3,within_subject,0.3.0.dev0,2026-09-10T20:17:50,
Miller2019-imagery_basic,rr,im,LogBandPower + LDA,accuracy,0.9166666666666666,2,chronological,48,12,64,0.2905309200286865,ad4c2abc31c8,0d79a81a67b3,within_subject,0.3.0.dev0,2026-09-10T20:17:50,
Miller2019-imagery_basic,rr,im,LogBandPower + LDA,balanced_accuracy,0.9166666666666669,2,chronological,48,12,64,0.2905309200286865,ad4c2abc31c8,0d79a81a67b3,within_subject,0.3.0.dev0,2026-09-10T20:17:50,
Miller2019-imagery_basic,rr,im,LogBandPower + LogReg,kappa,0.6666666666666667,2,chronological,48,12,64,0.263247013092041,688f919f3ab0,0d79a81a67b3,within_subject,0.3.0.dev0,2026-09-10T20:17:50,
Miller2019-imagery_basic,rr,im,LogBandPower + LogReg,accuracy,0.8333333333333334,2,chronological,48,12,64,0.263247013092041,688f919f3ab0,0d79a81a67b3,within_subject,0.3.0.dev0,2026-09-10T20:17:50,
Miller2019-imagery_basic,rr,im,LogBandPower + LogReg,balanced_accuracy,0.8333333333333333,2,chronological,48,12,64,0.263247013092041,688f919f3ab0,0d79a81a67b3,within_subject,0.3.0.dev0,2026-09-10T20:17:50,
Miller2019-imagery_basic,rr,im,Riemann TS + LogReg,kappa,0.5,2,chronological,48,12,64,0.4174849987030029,b4736e60e22e,0d79a81a67b3,within_subject,0.3.0.dev0,2026-09-10T20:17:50,
Miller2019-imagery_basic,rr,im,Riemann TS + LogReg,accuracy,0.75,2,chronological,48,12,64,0.4174849987030029,b4736e60e22e,0d79a81a67b3,within_subject,0.3.0.dev0,2026-09-10T20:17:50,
Miller2019-imagery_basic,rr,im,Riemann TS + LogReg,balanced_accuracy,0.75,2,chronological,48,12,64,0.4174849987030029,b4736e60e22e,0d79a81a67b3,within_subject,0.3.0.dev0,2026-09-10T20:17:50,
Miller2019-imagery_basic,rr,im,HighGamma + LDA,kappa,0.2105263157894737,3,chronological,48,12,64,0.2752289772033691,f0ad027786a9,0d79a81a67b3,within_subject,0.3.0.dev0,2026-09-10T20:17:50,
Miller2019-imagery_basic,rr,im,HighGamma + LDA,accuracy,0.5833333333333334,3,chronological,48,12,64,0.2752289772033691,f0ad027786a9,0d79a81a67b3,within_subject,0.3.0.dev0,2026-09-10T20:17:50,
Miller2019-imagery_basic,rr,im,HighGamma + LDA,balanced_accuracy,0.6142857142857143,3,chronological,48,12,64,0.2752289772033691,f0ad027786a9,0d79a81a67b3,within_subject,0.3.0.dev0,2026-09-10T20:17:50,
Miller2019-imagery_basic,rr,im,LogBandPower + LDA,kappa,0.2105263157894737,3,chronological,48,12,64,0.2785308361053467,ad4c2abc31c8,0d79a81a67b3,within_subject,0.3.0.dev0,2026-09-10T20:17:50,
Miller2019-imagery_basic,rr,im,LogBandPower + LDA,accuracy,0.5833333333333334,3,chronological,48,12,64,0.2785308361053467,ad4c2abc31c8,0d79a81a67b3,within_subject,0.3.0.dev0,2026-09-10T20:17:50,
Miller2019-imagery_basic,rr,im,LogBandPower + LDA,balanced_accuracy,0.6142857142857143,3,chronological,48,12,64,0.2785308361053467,ad4c2abc31c8,0d79a81a67b3,within_subject,0.3.0.dev0,2026-09-10T20:17:50,
Miller2019-imagery_basic,rr,im,LogBandPower + LogReg,kappa,0.2105263157894737,3,chronological,48,12,64,0.3028550148010254,688f919f3ab0,0d79a81a67b3,within_subject,0.3.0.dev0,2026-09-10T20:17:50,
Miller2019-imagery_basic,rr,im,LogBandPower + LogReg,accuracy,0.5833333333333334,3,chronological,48,12,64,0.3028550148010254,688f919f3ab0,0d79a81a67b3,within_subject,0.3.0.dev0,2026-09-10T20:17:50,
Miller2019-imagery_basic,rr,im,LogBandPower + LogReg,balanced_accuracy,0.6142857142857143,3,chronological,48,12,64,0.3028550148010254,688f919f3ab0,0d79a81a67b3,within_subject,0.3.0.dev0,2026-09-10T20:17:50,
Miller2019-imagery_basic,rr,im,Riemann TS + LogReg,kappa,0.3513513513513513,3,chronological,48,12,64,0.4260859489440918,b4736e60e22e,0d79a81a67b3,within_subject,0.3.0.dev0,2026-09-10T20:17:50,
Miller2019-imagery_basic,rr,im,Riemann TS + LogReg,accuracy,0.6666666666666666,3,chronological,48,12,64,0.4260859489440918,b4736e60e22e,0d79a81a67b3,within_subject,0.3.0.dev0,2026-09-10T20:17:50,
Miller2019-imagery_basic,rr,im,Riemann TS + LogReg,balanced_accuracy,0.6857142857142857,3,chronological,48,12,64,0.4260859489440918,b4736e60e22e,0d79a81a67b3,within_subject,0.3.0.dev0,2026-09-10T20:17:50,
Miller2019-imagery_basic,rr,im,HighGamma + LDA,kappa,0.8333333333333334,4,chronological,48,12,64,0.2780086994171142,f0ad027786a9,0d79a81a67b3,within_subject,0.3.0.dev0,2026-09-10T20:17:50,
Miller2019-imagery_basic,rr,im,HighGamma + LDA,accuracy,0.9166666666666666,4,chronological,48,12,64,0.2780086994171142,f0ad027786a9,0d79a81a67b3,within_subject,0.3.0.dev0,2026-09-10T20:17:50,
Miller2019-imagery_basic,rr,im,HighGamma + LDA,balanced_accuracy,0.9285714285714286,4,chronological,48,12,64,0.2780086994171142,f0ad027786a9,0d79a81a67b3,within_subject,0.3.0.dev0,2026-09-10T20:17:50,
Miller2019-imagery_basic,rr,im,LogBandPower + LDA,kappa,0.6363636363636364,4,chronological,48,12,64,0.2678320407867431,ad4c2abc31c8,0d79a81a67b3,within_subject,0.3.0.dev0,2026-09-10T20:17:50,
Miller2019-imagery_basic,rr,im,LogBandPower + LDA,accuracy,0.8333333333333334,4,chronological,48,12,64,0.2678320407867431,ad4c2abc31c8,0d79a81a67b3,within_subject,0.3.0.dev0,2026-09-10T20:17:50,
Miller2019-imagery_basic,rr,im,LogBandPower + LDA,balanced_accuracy,0.8,4,chronological,48,12,64,0.2678320407867431,ad4c2abc31c8,0d79a81a67b3,within_subject,0.3.0.dev0,2026-09-10T20:17:50,
Miller2019-imagery_basic,rr,im,LogBandPower + LogReg,kappa,0.6363636363636364,4,chronological,48,12,64,0.2628998756408691,688f919f3ab0,0d79a81a67b3,within_subject,0.3.0.dev0,2026-09-10T20:17:50,
Miller2019-imagery_basic,rr,im,LogBandPower + LogReg,accuracy,0.8333333333333334,4,chronological,48,12,64,0.2628998756408691,688f919f3ab0,0d79a81a67b3,within_subject,0.3.0.dev0,2026-09-10T20:17:50,
Miller2019-imagery_basic,rr,im,LogBandPower + LogReg,balanced_accuracy,0.8,4,chronological,48,12,64,0.2628998756408691,688f919f3ab0,0d79a81a67b3,within_subject,0.3.0.dev0,2026-09-10T20:17:50,
Miller2019-imagery_basic,rr,im,Riemann TS + LogReg,kappa,0.1666666666666666,4,chronological,48,12,64,0.4237489700317383,b4736e60e22e,0d79a81a67b3,within_subject,0.3.0.dev0,2026-09-10T20:17:50,
Miller2019-imagery_basic,rr,im,Riemann TS + LogReg,accuracy,0.5833333333333334,4,chronological,48,12,64,0.4237489700317383,b4736e60e22e,0d79a81a67b3,within_subject,0.3.0.dev0,2026-09-10T20:17:50,
Miller2019-imagery_basic,rr,im,Riemann TS + LogReg,balanced_accuracy,0.5857142857142856,4,chronological,48,12,64,0.4237489700317383,b4736e60e22e,0d79a81a67b3,within_subject,0.3.0.dev0,2026-09-10T20:17:50,
Miller2019-imagery_basic,bp,mot,ShallowFBCSPNet s0,kappa,0.2105263157894737,0,chronological,48,12,46,19.28533816337585,1f0c6e52b117,8468b414e125,within_subject,0.3.0.dev0,2026-09-10T21:38:17,
Miller2019-imagery_basic,bp,mot,ShallowFBCSPNet s0,accuracy,0.5833333333333334,0,chronological,48,12,46,19.28533816337585,1f0c6e52b117,8468b414e125,within_subject,0.3.0.dev0,2026-09-10T21:38:17,
Miller2019-imagery_basic,bp,mot,ShallowFBCSPNet s0,balanced_accuracy,0.625,0,chronological,48,12,46,19.28533816337585,1f0c6e52b117,8468b414e125,within_subject,0.3.0.dev0,2026-09-10T21:38:17,
Miller2019-imagery_basic,bp,mot,ShallowFBCSPNet s0,kappa,0.8235294117647058,1,chronological,48,12,46,17.104134798049927,1f0c6e52b117,8468b414e125,within_subject,0.3.0.dev0,2026-09-10T21:38:17,
Miller2019-imagery_basic,bp,mot,ShallowFBCSPNet s0,accuracy,0.9166666666666666,1,chronological,48,12,46,17.104134798049927,1f0c6e52b117,8468b414e125,within_subject,0.3.0.dev0,2026-09-10T21:38:17,
Miller2019-imagery_basic,bp,mot,ShallowFBCSPNet s0,balanced_accuracy,0.9375,1,chronological,48,12,46,17.104134798049927,1f0c6e52b117,8468b414e125,within_subject,0.3.0.dev0,2026-09-10T21:38:17,
Miller2019-imagery_basic,bp,mot,ShallowFBCSPNet s0,kappa,0.8235294117647058,2,chronological,48,12,46,17.327077865600586,1f0c6e52b117,8468b414e125,within_subject,0.3.0.dev0,2026-09-10T21:38:17,
Miller2019-imagery_basic,bp,mot,ShallowFBCSPNet s0,accuracy,0.9166666666666666,2,chronological,48,12,46,17.327077865600586,1f0c6e52b117,8468b414e125,within_subject,0.3.0.dev0,2026-09-10T21:38:17,
Miller2019-imagery_basic,bp,mot,ShallowFBCSPNet s0,balanced_accuracy,0.9375,2,chronological,48,12,46,17.327077865600586,1f0c6e52b117,8468b414e125,within_subject,0.3.0.dev0,2026-09-10T21:38:17,
Miller2019-imagery_basic,bp,mot,ShallowFBCSPNet s0,kappa,0.6666666666666667,3,chronological,48,12,46,17.770607233047485,1f0c6e52b117,8468b414e125,within_subject,0.3.0.dev0,2026-09-10T21:38:17,
Miller2019-imagery_basic,bp,mot,ShallowFBCSPNet s0,accuracy,0.8333333333333334,3,chronological,48,12,46,17.770607233047485,1f0c6e52b117,8468b414e125,within_subject,0.3.0.dev0,2026-09-10T21:38:17,
Miller2019-imagery_basic,bp,mot,ShallowFBCSPNet s0,balanced_accuracy,0.875,3,chronological,48,12,46,17.770607233047485,1f0c6e52b117,8468b414e125,within_subject,0.3.0.dev0,2026-09-10T21:38:17,
Miller2019-imagery_basic,bp,mot,ShallowFBCSPNet s0,kappa,0.6666666666666667,4,chronological,48,12,46,17.23895025253296,1f0c6e52b117,8468b414e125,within_subject,0.3.0.dev0,2026-09-10T21:38:17,
Miller2019-imagery_basic,bp,mot,ShallowFBCSPNet s0,accuracy,0.8333333333333334,4,chronological,48,12,46,17.23895025253296,1f0c6e52b117,8468b414e125,within_subject,0.3.0.dev0,2026-09-10T21:38:17,
Miller2019-imagery_basic,bp,mot,ShallowFBCSPNet s0,balanced_accuracy,0.8333333333333334,4,chronological,48,12,46,17.23895025253296,1f0c6e52b117,8468b414e125,within_subject,0.3.0.dev0,2026-09-10T21:38:17,
Miller2019-imagery_basic,bp,im,ShallowFBCSPNet s0,kappa,-0.05,0,chronological,48,12,46,17.288912773132324,1f0c6e52b117,8468b414e125,within_subject,0.3.0.dev0,2026-09-10T21:38:17,
Miller2019-imagery_basic,bp,im,ShallowFBCSPNet s0,accuracy,0.4166666666666667,0,chronological,48,12,46,17.288912773132324,1f0c6e52b117,8468b414e125,within_subject,0.3.0.dev0,2026-09-10T21:38:17,
Miller2019-imagery_basic,bp,im,ShallowFBCSPNet s0,balanced_accuracy,0.4714285714285714,0,chronological,48,12,46,17.288912773132324,1f0c6e52b117,8468b414e125,within_subject,0.3.0.dev0,2026-09-10T21:38:17,
Miller2019-imagery_basic,bp,im,ShallowFBCSPNet s0,kappa,-0.3500000000000001,1,chronological,48,12,46,17.390877962112427,1f0c6e52b117,8468b414e125,within_subject,0.3.0.dev0,2026-09-10T21:38:17,
Miller2019-imagery_basic,bp,im,ShallowFBCSPNet s0,accuracy,0.25,1,chronological,48,12,46,17.390877962112427,1f0c6e52b117,8468b414e125,within_subject,0.3.0.dev0,2026-09-10T21:38:17,
Miller2019-imagery_basic,bp,im,ShallowFBCSPNet s0,balanced_accuracy,0.3,1,chronological,48,12,46,17.390877962112427,1f0c6e52b117,8468b414e125,within_subject,0.3.0.dev0,2026-09-10T21:38:17,
Miller2019-imagery_basic,bp,im,ShallowFBCSPNet s0,kappa,0.0,2,chronological,48,12,46,17.11642098426819,1f0c6e52b117,8468b414e125,within_subject,0.3.0.dev0,2026-09-10T21:38:17,
Miller2019-imagery_basic,bp,im,ShallowFBCSPNet s0,accuracy,0.5,2,chronological,48,12,46,17.11642098426819,1f0c6e52b117,8468b414e125,within_subject,0.3.0.dev0,2026-09-10T21:38:17,
Miller2019-imagery_basic,bp,im,ShallowFBCSPNet s0,balanced_accuracy,0.5,2,chronological,48,12,46,17.11642098426819,1f0c6e52b117,8468b414e125,within_subject,0.3.0.dev0,2026-09-10T21:38:17,
Miller2019-imagery_basic,bp,im,ShallowFBCSPNet s0,kappa,-0.5,3,chronological,48,12,46,16.998894691467285,1f0c6e52b117,8468b414e125,within_subject,0.3.0.dev0,2026-09-10T21:38:17,
Miller2019-imagery_basic,bp,im,ShallowFBCSPNet s0,accuracy,0.25,3,chronological,48,12,46,16.998894691467285,1f0c6e52b117,8468b414e125,within_subject,0.3.0.dev0,2026-09-10T21:38:17,
Miller2019-imagery_basic,bp,im,ShallowFBCSPNet s0,balanced_accuracy,0.25,3,chronological,48,12,46,16.998894691467285,1f0c6e52b117,8468b414e125,within_subject,0.3.0.dev0,2026-09-10T21:38:17,
Miller2019-imagery_basic,bp,im,ShallowFBCSPNet s0,kappa,-0.5,4,chronological,48,12,46,17.31668972969055,1f0c6e52b117,8468b414e125,within_subject,0.3.0.dev0,2026-09-10T21:38:17,
Miller2019-imagery_basic,bp,im,ShallowFBCSPNet s0,accuracy,0.25,4,chronological,48,12,46,17.31668972969055,1f0c6e52b117,8468b414e125,within_subject,0.3.0.dev0,2026-09-10T21:38:17,
Miller2019-imagery_basic,bp,im,ShallowFBCSPNet s0,balanced_accuracy,0.25,4,chronological,48,12,46,17.31668972969055,1f0c6e52b117,8468b414e125,within_subject,0.3.0.dev0,2026-09-10T21:38:17,
Miller2019-imagery_basic,fp,mot,ShallowFBCSPNet s0,kappa,0.5263157894736843,0,chronological,48,12,64,21.625813007354736,1f0c6e52b117,8468b414e125,within_subject,0.3.0.dev0,2026-09-10T21:41:57,
Miller2019-imagery_basic,fp,mot,ShallowFBCSPNet s0,accuracy,0.75,0,chronological,48,12,64,21.625813007354736,1f0c6e52b117,8468b414e125,within_subject,0.3.0.dev0,2026-09-10T21:41:57,
Miller2019-imagery_basic,fp,mot,ShallowFBCSPNet s0,balanced_accuracy,0.7857142857142857,0,chronological,48,12,64,21.625813007354736,1f0c6e52b117,8468b414e125,within_subject,0.3.0.dev0,2026-09-10T21:41:57,
Miller2019-imagery_basic,fp,mot,ShallowFBCSPNet s0,kappa,0.8333333333333334,1,chronological,48,12,64,21.93465805053711,1f0c6e52b117,8468b414e125,within_subject,0.3.0.dev0,2026-09-10T21:41:57,
Miller2019-imagery_basic,fp,mot,ShallowFBCSPNet s0,accuracy,0.9166666666666666,1,chronological,48,12,64,21.93465805053711,1f0c6e52b117,8468b414e125,within_subject,0.3.0.dev0,2026-09-10T21:41:57,
Miller2019-imagery_basic,fp,mot,ShallowFBCSPNet s0,balanced_accuracy,0.9285714285714286,1,chronological,48,12,64,21.93465805053711,1f0c6e52b117,8468b414e125,within_subject,0.3.0.dev0,2026-09-10T21:41:57,
Miller2019-imagery_basic,fp,mot,ShallowFBCSPNet s0,kappa,0.6666666666666667,2,chronological,48,12,64,21.554722785949707,1f0c6e52b117,8468b414e125,within_subject,0.3.0.dev0,2026-09-10T21:41:57,
Miller2019-imagery_basic,fp,mot,ShallowFBCSPNet s0,accuracy,0.8333333333333334,2,chronological,48,12,64,21.554722785949707,1f0c6e52b117,8468b414e125,within_subject,0.3.0.dev0,2026-09-10T21:41:57,
Miller2019-imagery_basic,fp,mot,ShallowFBCSPNet s0,balanced_accuracy,0.8333333333333334,2,chronological,48,12,64,21.554722785949707,1f0c6e52b117,8468b414e125,within_subject,0.3.0.dev0,2026-09-10T21:41:57,
Miller2019-imagery_basic,fp,mot,ShallowFBCSPNet s0,kappa,0.5,3,chronological,48,12,64,21.631165981292725,1f0c6e52b117,8468b414e125,within_subject,0.3.0.dev0,2026-09-10T21:41:57,
Miller2019-imagery_basic,fp,mot,ShallowFBCSPNet s0,accuracy,0.75,3,chronological,48,12,64,21.631165981292725,1f0c6e52b117,8468b414e125,within_subject,0.3.0.dev0,2026-09-10T21:41:57,
Miller2019-imagery_basic,fp,mot,ShallowFBCSPNet s0,balanced_accuracy,0.75,3,chronological,48,12,64,21.631165981292725,1f0c6e52b117,8468b414e125,within_subject,0.3.0.dev0,2026-09-10T21:41:57,
Miller2019-imagery_basic,fp,mot,ShallowFBCSPNet s0,kappa,0.6666666666666667,4,chronological,48,12,64,21.39579606056213,1f0c6e52b117,8468b414e125,within_subject,0.3.0.dev0,2026-09-10T21:41:57,
Miller2019-imagery_basic,fp,mot,ShallowFBCSPNet s0,accuracy,0.8333333333333334,4,chronological,48,12,64,21.39579606056213,1f0c6e52b117,8468b414e125,within_subject,0.3.0.dev0,2026-09-10T21:41:57,
Miller2019-imagery_basic,fp,mot,ShallowFBCSPNet s0,balanced_accuracy,0.875,4,chronological,48,12,64,21.39579606056213,1f0c6e52b117,8468b414e125,within_subject,0.3.0.dev0,2026-09-10T21:41:57,
Miller2019-imagery_basic,fp,im,ShallowFBCSPNet s0,kappa,0.1666666666666666,0,chronological,48,12,64,21.456371307373047,1f0c6e52b117,8468b414e125,within_subject,0.3.0.dev0,2026-09-10T21:41:57,
Miller2019-imagery_basic,fp,im,ShallowFBCSPNet s0,accuracy,0.5833333333333334,0,chronological,48,12,64,21.456371307373047,1f0c6e52b117,8468b414e125,within_subject,0.3.0.dev0,2026-09-10T21:41:57,
Miller2019-imagery_basic,fp,im,ShallowFBCSPNet s0,balanced_accuracy,0.5857142857142856,0,chronological,48,12,64,21.456371307373047,1f0c6e52b117,8468b414e125,within_subject,0.3.0.dev0,2026-09-10T21:41:57,
Miller2019-imagery_basic,fp,im,ShallowFBCSPNet s0,kappa,-0.0285714285714286,1,chronological,48,12,64,21.93459415435791,1f0c6e52b117,8468b414e125,within_subject,0.3.0.dev0,2026-09-10T21:41:57,
Miller2019-imagery_basic,fp,im,ShallowFBCSPNet s0,accuracy,0.5,1,chronological,48,12,64,21.93459415435791,1f0c6e52b117,8468b414e125,within_subject,0.3.0.dev0,2026-09-10T21:41:57,
Miller2019-imagery_basic,fp,im,ShallowFBCSPNet s0,balanced_accuracy,0.4857142857142857,1,chronological,48,12,64,21.93459415435791,1f0c6e52b117,8468b414e125,within_subject,0.3.0.dev0,2026-09-10T21:41:57,
Miller2019-imagery_basic,fp,im,ShallowFBCSPNet s0,kappa,0.5,2,chronological,48,12,64,22.15391993522644,1f0c6e52b117,8468b414e125,within_subject,0.3.0.dev0,2026-09-10T21:41:57,
Miller2019-imagery_basic,fp,im,ShallowFBCSPNet s0,accuracy,0.75,2,chronological,48,12,64,22.15391993522644,1f0c6e52b117,8468b414e125,within_subject,0.3.0.dev0,2026-09-10T21:41:57,
Miller2019-imagery_basic,fp,im,ShallowFBCSPNet s0,balanced_accuracy,0.8333333333333333,2,chronological,48,12,64,22.15391993522644,1f0c6e52b117,8468b414e125,within_subject,0.3.0.dev0,2026-09-10T21:41:57,
Miller2019-imagery_basic,fp,im,ShallowFBCSPNet s0,kappa,-0.1666666666666667,3,chronological,48,12,64,21.755101919174194,1f0c6e52b117,8468b414e125,within_subject,0.3.0.dev0,2026-09-10T21:41:57,
Miller2019-imagery_basic,fp,im,ShallowFBCSPNet s0,accuracy,0.4166666666666667,3,chronological,48,12,64,21.755101919174194,1f0c6e52b117,8468b414e125,within_subject,0.3.0.dev0,2026-09-10T21:41:57,
Miller2019-imagery_basic,fp,im,ShallowFBCSPNet s0,balanced_accuracy,0.4142857142857142,3,chronological,48,12,64,21.755101919174194,1f0c6e52b117,8468b414e125,within_subject,0.3.0.dev0,2026-09-10T21:41:57,
Miller2019-imagery_basic,fp,im,ShallowFBCSPNet s0,kappa,0.3333333333333333,4,chronological,48,12,64,21.89813995361328,1f0c6e52b117,8468b414e125,within_subject,0.3.0.dev0,2026-09-10T21:41:57,
Miller2019-imagery_basic,fp,im,ShallowFBCSPNet s0,accuracy,0.6666666666666666,4,chronological,48,12,64,21.89813995361328,1f0c6e52b117,8468b414e125,within_subject,0.3.0.dev0,2026-09-10T21:41:57,
Miller2019-imagery_basic,fp,im,ShallowFBCSPNet s0,balanced_accuracy,0.6666666666666666,4,chronological,48,12,64,21.89813995361328,1f0c6e52b117,8468b414e125,within_subject,0.3.0.dev0,2026-09-10T21:41:57,
Miller2019-imagery_basic,hh,mot,ShallowFBCSPNet s0,kappa,-0.1707317073170731,0,chronological,48,12,48,18.28001308441162,1f0c6e52b117,8468b414e125,within_subject,0.3.0.dev0,2026-09-10T21:45:02,
Miller2019-imagery_basic,hh,mot,ShallowFBCSPNet s0,accuracy,0.3333333333333333,0,chronological,48,12,48,18.28001308441162,1f0c6e52b117,8468b414e125,within_subject,0.3.0.dev0,2026-09-10T21:45:02,
Miller2019-imagery_basic,hh,mot,ShallowFBCSPNet s0,balanced_accuracy,0.4,0,chronological,48,12,48,18.28001308441162,1f0c6e52b117,8468b414e125,within_subject,0.3.0.dev0,2026-09-10T21:45:02,
Miller2019-imagery_basic,hh,mot,ShallowFBCSPNet s0,kappa,-0.2972972972972973,1,chronological,48,12,48,17.93432378768921,1f0c6e52b117,8468b414e125,within_subject,0.3.0.dev0,2026-09-10T21:45:02,
Miller2019-imagery_basic,hh,mot,ShallowFBCSPNet s0,accuracy,0.3333333333333333,1,chronological,48,12,48,17.93432378768921,1f0c6e52b117,8468b414e125,within_subject,0.3.0.dev0,2026-09-10T21:45:02,
Miller2019-imagery_basic,hh,mot,ShallowFBCSPNet s0,balanced_accuracy,0.3428571428571428,1,chronological,48,12,48,17.93432378768921,1f0c6e52b117,8468b414e125,within_subject,0.3.0.dev0,2026-09-10T21:45:02,
Miller2019-imagery_basic,hh,mot,ShallowFBCSPNet s0,kappa,-0.2000000000000001,2,chronological,48,12,48,17.556928157806396,1f0c6e52b117,8468b414e125,within_subject,0.3.0.dev0,2026-09-10T21:45:02,
Miller2019-imagery_basic,hh,mot,ShallowFBCSPNet s0,accuracy,0.3333333333333333,2,chronological,48,12,48,17.556928157806396,1f0c6e52b117,8468b414e125,within_subject,0.3.0.dev0,2026-09-10T21:45:02,
Miller2019-imagery_basic,hh,mot,ShallowFBCSPNet s0,balanced_accuracy,0.375,2,chronological,48,12,48,17.556928157806396,1f0c6e52b117,8468b414e125,within_subject,0.3.0.dev0,2026-09-10T21:45:02,
Miller2019-imagery_basic,hh,mot,ShallowFBCSPNet s0,kappa,0.0270270270270269,3,chronological,48,12,48,18.22467684745789,1f0c6e52b117,8468b414e125,within_subject,0.3.0.dev0,2026-09-10T21:45:02,
Miller2019-imagery_basic,hh,mot,ShallowFBCSPNet s0,accuracy,0.5,3,chronological,48,12,48,18.22467684745789,1f0c6e52b117,8468b414e125,within_subject,0.3.0.dev0,2026-09-10T21:45:02,
Miller2019-imagery_basic,hh,mot,ShallowFBCSPNet s0,balanced_accuracy,0.5142857142857142,3,chronological,48,12,48,18.22467684745789,1f0c6e52b117,8468b414e125,within_subject,0.3.0.dev0,2026-09-10T21:45:02,
Miller2019-imagery_basic,hh,mot,ShallowFBCSPNet s0,kappa,-0.6000000000000001,4,chronological,48,12,48,18.415832996368408,1f0c6e52b117,8468b414e125,within_subject,0.3.0.dev0,2026-09-10T21:45:02,
Miller2019-imagery_basic,hh,mot,ShallowFBCSPNet s0,accuracy,0.0,4,chronological,48,12,48,18.415832996368408,1f0c6e52b117,8468b414e125,within_subject,0.3.0.dev0,2026-09-10T21:45:02,
Miller2019-imagery_basic,hh,mot,ShallowFBCSPNet s0,balanced_accuracy,0.0,4,chronological,48,12,48,18.415832996368408,1f0c6e52b117,8468b414e125,within_subject,0.3.0.dev0,2026-09-10T21:45:02,
Miller2019-imagery_basic,hh,im,ShallowFBCSPNet s0,kappa,-0.2352941176470586,0,chronological,48,12,48,18.501788854599,1f0c6e52b117,8468b414e125,within_subject,0.3.0.dev0,2026-09-10T21:45:02,
Miller2019-imagery_basic,hh,im,ShallowFBCSPNet s0,accuracy,0.4166666666666667,0,chronological,48,12,48,18.501788854599,1f0c6e52b117,8468b414e125,within_subject,0.3.0.dev0,2026-09-10T21:45:02,
Miller2019-imagery_basic,hh,im,ShallowFBCSPNet s0,balanced_accuracy,0.3857142857142857,0,chronological,48,12,48,18.501788854599,1f0c6e52b117,8468b414e125,within_subject,0.3.0.dev0,2026-09-10T21:45:02,
Miller2019-imagery_basic,hh,im,ShallowFBCSPNet s0,kappa,-0.3333333333333332,1,chronological,48,12,48,18.252538919448853,1f0c6e52b117,8468b414e125,within_subject,0.3.0.dev0,2026-09-10T21:45:02,
Miller2019-imagery_basic,hh,im,ShallowFBCSPNet s0,accuracy,0.3333333333333333,1,chronological,48,12,48,18.252538919448853,1f0c6e52b117,8468b414e125,within_subject,0.3.0.dev0,2026-09-10T21:45:02,
Miller2019-imagery_basic,hh,im,ShallowFBCSPNet s0,balanced_accuracy,0.3333333333333333,1,chronological,48,12,48,18.252538919448853,1f0c6e52b117,8468b414e125,within_subject,0.3.0.dev0,2026-09-10T21:45:02,
Miller2019-imagery_basic,hh,im,ShallowFBCSPNet s0,kappa,-0.3333333333333332,2,chronological,48,12,48,19.01269006729126,1f0c6e52b117,8468b414e125,within_subject,0.3.0.dev0,2026-09-10T21:45:02,
Miller2019-imagery_basic,hh,im,ShallowFBCSPNet s0,accuracy,0.3333333333333333,2,chronological,48,12,48,19.01269006729126,1f0c6e52b117,8468b414e125,within_subject,0.3.0.dev0,2026-09-10T21:45:02,
Miller2019-imagery_basic,hh,im,ShallowFBCSPNet s0,balanced_accuracy,0.3333333333333333,2,chronological,48,12,48,19.01269006729126,1f0c6e52b117,8468b414e125,within_subject,0.3.0.dev0,2026-09-10T21:45:02,
Miller2019-imagery_basic,hh,im,ShallowFBCSPNet s0,kappa,0.1176470588235294,3,chronological,48,12,48,18.221456289291385,1f0c6e52b117,8468b414e125,within_subject,0.3.0.dev0,2026-09-10T21:45:02,
Miller2019-imagery_basic,hh,im,ShallowFBCSPNet s0,accuracy,0.5833333333333334,3,chronological,48,12,48,18.221456289291385,1f0c6e52b117,8468b414e125,within_subject,0.3.0.dev0,2026-09-10T21:45:02,
Miller2019-imagery_basic,hh,im,ShallowFBCSPNet s0,balanced_accuracy,0.5571428571428572,3,chronological,48,12,48,18.221456289291385,1f0c6e52b117,8468b414e125,within_subject,0.3.0.dev0,2026-09-10T21:45:02,
Miller2019-imagery_basic,hh,im,ShallowFBCSPNet s0,kappa,0.3333333333333333,4,chronological,48,12,48,17.661784172058105,1f0c6e52b117,8468b414e125,within_subject,0.3.0.dev0,2026-09-10T21:45:02,
Miller2019-imagery_basic,hh,im,ShallowFBCSPNet s0,accuracy,0.6666666666666666,4,chronological,48,12,48,17.661784172058105,1f0c6e52b117,8468b414e125,within_subject,0.3.0.dev0,2026-09-10T21:45:02,
Miller2019-imagery_basic,hh,im,ShallowFBCSPNet s0,balanced_accuracy,0.6666666666666667,4,chronological,48,12,48,17.661784172058105,1f0c6e52b117,8468b414e125,within_subject,0.3.0.dev0,2026-09-10T21:45:02,
Miller2019-imagery_basic,jc,mot,ShallowFBCSPNet s0,kappa,0.1666666666666666,0,chronological,48,12,48,18.169082164764404,1f0c6e52b117,8468b414e125,within_subject,0.3.0.dev0,2026-09-10T21:48:07,
Miller2019-imagery_basic,jc,mot,ShallowFBCSPNet s0,accuracy,0.5833333333333334,0,chronological,48,12,48,18.169082164764404,1f0c6e52b117,8468b414e125,within_subject,0.3.0.dev0,2026-09-10T21:48:07,
Miller2019-imagery_basic,jc,mot,ShallowFBCSPNet s0,balanced_accuracy,0.5833333333333334,0,chronological,48,12,48,18.169082164764404,1f0c6e52b117,8468b414e125,within_subject,0.3.0.dev0,2026-09-10T21:48:07,
Miller2019-imagery_basic,jc,mot,ShallowFBCSPNet s0,kappa,0.1666666666666666,1,chronological,48,12,48,18.131036043167114,1f0c6e52b117,8468b414e125,within_subject,0.3.0.dev0,2026-09-10T21:48:07,
Miller2019-imagery_basic,jc,mot,ShallowFBCSPNet s0,accuracy,0.5833333333333334,1,chronological,48,12,48,18.131036043167114,1f0c6e52b117,8468b414e125,within_subject,0.3.0.dev0,2026-09-10T21:48:07,
Miller2019-imagery_basic,jc,mot,ShallowFBCSPNet s0,balanced_accuracy,0.5857142857142856,1,chronological,48,12,48,18.131036043167114,1f0c6e52b117,8468b414e125,within_subject,0.3.0.dev0,2026-09-10T21:48:07,
Miller2019-imagery_basic,jc,mot,ShallowFBCSPNet s0,kappa,0.8235294117647058,2,chronological,48,12,48,17.89096188545227,1f0c6e52b117,8468b414e125,within_subject,0.3.0.dev0,2026-09-10T21:48:07,
Miller2019-imagery_basic,jc,mot,ShallowFBCSPNet s0,accuracy,0.9166666666666666,2,chronological,48,12,48,17.89096188545227,1f0c6e52b117,8468b414e125,within_subject,0.3.0.dev0,2026-09-10T21:48:07,
Miller2019-imagery_basic,jc,mot,ShallowFBCSPNet s0,balanced_accuracy,0.9,2,chronological,48,12,48,17.89096188545227,1f0c6e52b117,8468b414e125,within_subject,0.3.0.dev0,2026-09-10T21:48:07,
Miller2019-imagery_basic,jc,mot,ShallowFBCSPNet s0,kappa,0.4375000000000001,3,chronological,48,12,48,18.303786993026733,1f0c6e52b117,8468b414e125,within_subject,0.3.0.dev0,2026-09-10T21:48:07,
Miller2019-imagery_basic,jc,mot,ShallowFBCSPNet s0,accuracy,0.75,3,chronological,48,12,48,18.303786993026733,1f0c6e52b117,8468b414e125,within_subject,0.3.0.dev0,2026-09-10T21:48:07,
Miller2019-imagery_basic,jc,mot,ShallowFBCSPNet s0,balanced_accuracy,0.7,3,chronological,48,12,48,18.303786993026733,1f0c6e52b117,8468b414e125,within_subject,0.3.0.dev0,2026-09-10T21:48:07,
Miller2019-imagery_basic,jc,mot,ShallowFBCSPNet s0,kappa,0.1666666666666666,4,chronological,48,12,48,18.70966410636902,1f0c6e52b117,8468b414e125,within_subject,0.3.0.dev0,2026-09-10T21:48:07,
Miller2019-imagery_basic,jc,mot,ShallowFBCSPNet s0,accuracy,0.5833333333333334,4,chronological,48,12,48,18.70966410636902,1f0c6e52b117,8468b414e125,within_subject,0.3.0.dev0,2026-09-10T21:48:07,
Miller2019-imagery_basic,jc,mot,ShallowFBCSPNet s0,balanced_accuracy,0.5857142857142856,4,chronological,48,12,48,18.70966410636902,1f0c6e52b117,8468b414e125,within_subject,0.3.0.dev0,2026-09-10T21:48:07,
Miller2019-imagery_basic,jc,im,ShallowFBCSPNet s0,kappa,0.2727272727272727,0,chronological,48,12,48,19.258604764938354,1f0c6e52b117,8468b414e125,within_subject,0.3.0.dev0,2026-09-10T21:48:07,
Miller2019-imagery_basic,jc,im,ShallowFBCSPNet s0,accuracy,0.6666666666666666,0,chronological,48,12,48,19.258604764938354,1f0c6e52b117,8468b414e125,within_subject,0.3.0.dev0,2026-09-10T21:48:07,
Miller2019-imagery_basic,jc,im,ShallowFBCSPNet s0,balanced_accuracy,0.6285714285714286,0,chronological,48,12,48,19.258604764938354,1f0c6e52b117,8468b414e125,within_subject,0.3.0.dev0,2026-09-10T21:48:07,
Miller2019-imagery_basic,jc,im,ShallowFBCSPNet s0,kappa,-0.1666666666666667,1,chronological,48,12,48,18.25630021095276,1f0c6e52b117,8468b414e125,within_subject,0.3.0.dev0,2026-09-10T21:48:07,
Miller2019-imagery_basic,jc,im,ShallowFBCSPNet s0,accuracy,0.4166666666666667,1,chronological,48,12,48,18.25630021095276,1f0c6e52b117,8468b414e125,within_subject,0.3.0.dev0,2026-09-10T21:48:07,
Miller2019-imagery_basic,jc,im,ShallowFBCSPNet s0,balanced_accuracy,0.4142857142857142,1,chronological,48,12,48,18.25630021095276,1f0c6e52b117,8468b414e125,within_subject,0.3.0.dev0,2026-09-10T21:48:07,
Miller2019-imagery_basic,jc,im,ShallowFBCSPNet s0,kappa,0.1818181818181818,2,chronological,48,12,48,17.559058904647827,1f0c6e52b117,8468b414e125,within_subject,0.3.0.dev0,2026-09-10T21:48:07,
Miller2019-imagery_basic,jc,im,ShallowFBCSPNet s0,accuracy,0.5,2,chronological,48,12,48,17.559058904647827,1f0c6e52b117,8468b414e125,within_subject,0.3.0.dev0,2026-09-10T21:48:07,
Miller2019-imagery_basic,jc,im,ShallowFBCSPNet s0,balanced_accuracy,0.7,2,chronological,48,12,48,17.559058904647827,1f0c6e52b117,8468b414e125,within_subject,0.3.0.dev0,2026-09-10T21:48:07,
Miller2019-imagery_basic,jc,im,ShallowFBCSPNet s0,kappa,0.1176470588235294,3,chronological,48,12,48,17.66624879837036,1f0c6e52b117,8468b414e125,within_subject,0.3.0.dev0,2026-09-10T21:48:07,
Miller2019-imagery_basic,jc,im,ShallowFBCSPNet s0,accuracy,0.5833333333333334,3,chronological,48,12,48,17.66624879837036,1f0c6e52b117,8468b414e125,within_subject,0.3.0.dev0,2026-09-10T21:48:07,
Miller2019-imagery_basic,jc,im,ShallowFBCSPNet s0,balanced_accuracy,0.5571428571428572,3,chronological,48,12,48,17.66624879837036,1f0c6e52b117,8468b414e125,within_subject,0.3.0.dev0,2026-09-10T21:48:07,
Miller2019-imagery_basic,jc,im,ShallowFBCSPNet s0,kappa,-0.0285714285714286,4,chronological,48,12,48,17.22295904159546,1f0c6e52b117,8468b414e125,within_subject,0.3.0.dev0,2026-09-10T21:48:07,
Miller2019-imagery_basic,jc,im,ShallowFBCSPNet s0,accuracy,0.5,4,chronological,48,12,48,17.22295904159546,1f0c6e52b117,8468b414e125,within_subject,0.3.0.dev0,2026-09-10T21:48:07,
Miller2019-imagery_basic,jc,im,ShallowFBCSPNet s0,balanced_accuracy,0.4857142857142857,4,chronological,48,12,48,17.22295904159546,1f0c6e52b117,8468b414e125,within_subject,0.3.0.dev0,2026-09-10T21:48:07,
Miller2019-imagery_basic,jm,mot,ShallowFBCSPNet s0,kappa,0.4,0,chronological,48,12,64,21.512774229049683,1f0c6e52b117,8468b414e125,within_subject,0.3.0.dev0,2026-09-10T21:51:49,
Miller2019-imagery_basic,jm,mot,ShallowFBCSPNet s0,accuracy,0.75,0,chronological,48,12,64,21.512774229049683,1f0c6e52b117,8468b414e125,within_subject,0.3.0.dev0,2026-09-10T21:51:49,
Miller2019-imagery_basic,jm,mot,ShallowFBCSPNet s0,balanced_accuracy,0.6875,0,chronological,48,12,64,21.512774229049683,1f0c6e52b117,8468b414e125,within_subject,0.3.0.dev0,2026-09-10T21:51:49,
Miller2019-imagery_basic,jm,mot,ShallowFBCSPNet s0,kappa,-0.2972972972972973,1,chronological,48,12,64,22.31428575515747,1f0c6e52b117,8468b414e125,within_subject,0.3.0.dev0,2026-09-10T21:51:49,
Miller2019-imagery_basic,jm,mot,ShallowFBCSPNet s0,accuracy,0.3333333333333333,1,chronological,48,12,64,22.31428575515747,1f0c6e52b117,8468b414e125,within_subject,0.3.0.dev0,2026-09-10T21:51:49,
Miller2019-imagery_basic,jm,mot,ShallowFBCSPNet s0,balanced_accuracy,0.3428571428571428,1,chronological,48,12,64,22.31428575515747,1f0c6e52b117,8468b414e125,within_subject,0.3.0.dev0,2026-09-10T21:51:49,
Miller2019-imagery_basic,jm,mot,ShallowFBCSPNet s0,kappa,0.1818181818181818,2,chronological,48,12,64,21.456809282302856,1f0c6e52b117,8468b414e125,within_subject,0.3.0.dev0,2026-09-10T21:51:49,
Miller2019-imagery_basic,jm,mot,ShallowFBCSPNet s0,accuracy,0.5,2,chronological,48,12,64,21.456809282302856,1f0c6e52b117,8468b414e125,within_subject,0.3.0.dev0,2026-09-10T21:51:49,
Miller2019-imagery_basic,jm,mot,ShallowFBCSPNet s0,balanced_accuracy,0.625,2,chronological,48,12,64,21.456809282302856,1f0c6e52b117,8468b414e125,within_subject,0.3.0.dev0,2026-09-10T21:51:49,
Miller2019-imagery_basic,jm,mot,ShallowFBCSPNet s0,kappa,0.3513513513513513,3,chronological,48,12,64,21.449819087982178,1f0c6e52b117,8468b414e125,within_subject,0.3.0.dev0,2026-09-10T21:51:49,
Miller2019-imagery_basic,jm,mot,ShallowFBCSPNet s0,accuracy,0.6666666666666666,3,chronological,48,12,64,21.449819087982178,1f0c6e52b117,8468b414e125,within_subject,0.3.0.dev0,2026-09-10T21:51:49,
Miller2019-imagery_basic,jm,mot,ShallowFBCSPNet s0,balanced_accuracy,0.6857142857142857,3,chronological,48,12,64,21.449819087982178,1f0c6e52b117,8468b414e125,within_subject,0.3.0.dev0,2026-09-10T21:51:49,
Miller2019-imagery_basic,jm,mot,ShallowFBCSPNet s0,kappa,0.4705882352941176,4,chronological,48,12,64,21.924983739852905,1f0c6e52b117,8468b414e125,within_subject,0.3.0.dev0,2026-09-10T21:51:49,
Miller2019-imagery_basic,jm,mot,ShallowFBCSPNet s0,accuracy,0.75,4,chronological,48,12,64,21.924983739852905,1f0c6e52b117,8468b414e125,within_subject,0.3.0.dev0,2026-09-10T21:51:49,
Miller2019-imagery_basic,jm,mot,ShallowFBCSPNet s0,balanced_accuracy,0.75,4,chronological,48,12,64,21.924983739852905,1f0c6e52b117,8468b414e125,within_subject,0.3.0.dev0,2026-09-10T21:51:49,
Miller2019-imagery_basic,jm,im,ShallowFBCSPNet s0,kappa,0.1666666666666666,0,chronological,48,12,64,21.52881622314453,1f0c6e52b117,8468b414e125,within_subject,0.3.0.dev0,2026-09-10T21:51:49,
Miller2019-imagery_basic,jm,im,ShallowFBCSPNet s0,accuracy,0.5833333333333334,0,chronological,48,12,64,21.52881622314453,1f0c6e52b117,8468b414e125,within_subject,0.3.0.dev0,2026-09-10T21:51:49,
Miller2019-imagery_basic,jm,im,ShallowFBCSPNet s0,balanced_accuracy,0.5857142857142856,0,chronological,48,12,64,21.52881622314453,1f0c6e52b117,8468b414e125,within_subject,0.3.0.dev0,2026-09-10T21:51:49,
Miller2019-imagery_basic,jm,im,ShallowFBCSPNet s0,kappa,0.1666666666666666,1,chronological,48,12,64,21.47169613838196,1f0c6e52b117,8468b414e125,within_subject,0.3.0.dev0,2026-09-10T21:51:49,
Miller2019-imagery_basic,jm,im,ShallowFBCSPNet s0,accuracy,0.5833333333333334,1,chronological,48,12,64,21.47169613838196,1f0c6e52b117,8468b414e125,within_subject,0.3.0.dev0,2026-09-10T21:51:49,
Miller2019-imagery_basic,jm,im,ShallowFBCSPNet s0,balanced_accuracy,0.5857142857142856,1,chronological,48,12,64,21.47169613838196,1f0c6e52b117,8468b414e125,within_subject,0.3.0.dev0,2026-09-10T21:51:49,
Miller2019-imagery_basic,jm,im,ShallowFBCSPNet s0,kappa,0.5,2,chronological,48,12,64,22.397035598754883,1f0c6e52b117,8468b414e125,within_subject,0.3.0.dev0,2026-09-10T21:51:49,
Miller2019-imagery_basic,jm,im,ShallowFBCSPNet s0,accuracy,0.75,2,chronological,48,12,64,22.397035598754883,1f0c6e52b117,8468b414e125,within_subject,0.3.0.dev0,2026-09-10T21:51:49,
Miller2019-imagery_basic,jm,im,ShallowFBCSPNet s0,balanced_accuracy,0.75,2,chronological,48,12,64,22.397035598754883,1f0c6e52b117,8468b414e125,within_subject,0.3.0.dev0,2026-09-10T21:51:49,
Miller2019-imagery_basic,jm,im,ShallowFBCSPNet s0,kappa,0.1666666666666666,3,chronological,48,12,64,22.15290594100952,1f0c6e52b117,8468b414e125,within_subject,0.3.0.dev0,2026-09-10T21:51:49,
Miller2019-imagery_basic,jm,im,ShallowFBCSPNet s0,accuracy,0.5833333333333334,3,chronological,48,12,64,22.15290594100952,1f0c6e52b117,8468b414e125,within_subject,0.3.0.dev0,2026-09-10T21:51:49,
Miller2019-imagery_basic,jm,im,ShallowFBCSPNet s0,balanced_accuracy,0.5833333333333334,3,chronological,48,12,64,22.15290594100952,1f0c6e52b117,8468b414e125,within_subject,0.3.0.dev0,2026-09-10T21:51:49,
Miller2019-imagery_basic,jm,im,ShallowFBCSPNet s0,kappa,0.0,4,chronological,48,12,64,22.32009029388428,1f0c6e52b117,8468b414e125,within_subject,0.3.0.dev0,2026-09-10T21:51:49,
Miller2019-imagery_basic,jm,im,ShallowFBCSPNet s0,accuracy,0.5,4,chronological,48,12,64,22.32009029388428,1f0c6e52b117,8468b414e125,within_subject,0.3.0.dev0,2026-09-10T21:51:49,
Miller2019-imagery_basic,jm,im,ShallowFBCSPNet s0,balanced_accuracy,0.5,4,chronological,48,12,64,22.32009029388428,1f0c6e52b117,8468b414e125,within_subject,0.3.0.dev0,2026-09-10T21:51:49,
Miller2019-imagery_basic,rh,mot,ShallowFBCSPNet s0,kappa,0.2105263157894737,0,chronological,48,12,64,23.03398919105529,1f0c6e52b117,8468b414e125,within_subject,0.3.0.dev0,2026-09-10T21:56:25,
Miller2019-imagery_basic,rh,mot,ShallowFBCSPNet s0,accuracy,0.5833333333333334,0,chronological,48,12,64,23.03398919105529,1f0c6e52b117,8468b414e125,within_subject,0.3.0.dev0,2026-09-10T21:56:25,
Miller2019-imagery_basic,rh,mot,ShallowFBCSPNet s0,balanced_accuracy,0.625,0,chronological,48,12,64,23.03398919105529,1f0c6e52b117,8468b414e125,within_subject,0.3.0.dev0,2026-09-10T21:56:25,
Miller2019-imagery_basic,rh,mot,ShallowFBCSPNet s0,kappa,-0.1052631578947367,1,chronological,48,12,64,22.089677095413208,1f0c6e52b117,8468b414e125,within_subject,0.3.0.dev0,2026-09-10T21:56:25,
Miller2019-imagery_basic,rh,mot,ShallowFBCSPNet s0,accuracy,0.4166666666666667,1,chronological,48,12,64,22.089677095413208,1f0c6e52b117,8468b414e125,within_subject,0.3.0.dev0,2026-09-10T21:56:25,
Miller2019-imagery_basic,rh,mot,ShallowFBCSPNet s0,balanced_accuracy,0.4428571428571428,1,chronological,48,12,64,22.089677095413208,1f0c6e52b117,8468b414e125,within_subject,0.3.0.dev0,2026-09-10T21:56:25,
Miller2019-imagery_basic,rh,mot,ShallowFBCSPNet s0,kappa,-0.125,2,chronological,48,12,64,23.15924572944641,1f0c6e52b117,8468b414e125,within_subject,0.3.0.dev0,2026-09-10T21:56:25,
Miller2019-imagery_basic,rh,mot,ShallowFBCSPNet s0,accuracy,0.25,2,chronological,48,12,64,23.15924572944641,1f0c6e52b117,8468b414e125,within_subject,0.3.0.dev0,2026-09-10T21:56:25,
Miller2019-imagery_basic,rh,mot,ShallowFBCSPNet s0,balanced_accuracy,0.3888888888888888,2,chronological,48,12,64,23.15924572944641,1f0c6e52b117,8468b414e125,within_subject,0.3.0.dev0,2026-09-10T21:56:25,
Miller2019-imagery_basic,rh,mot,ShallowFBCSPNet s0,kappa,0.2105263157894737,3,chronological,48,12,64,22.336456775665283,1f0c6e52b117,8468b414e125,within_subject,0.3.0.dev0,2026-09-10T21:56:25,
Miller2019-imagery_basic,rh,mot,ShallowFBCSPNet s0,accuracy,0.5833333333333334,3,chronological,48,12,64,22.336456775665283,1f0c6e52b117,8468b414e125,within_subject,0.3.0.dev0,2026-09-10T21:56:25,
Miller2019-imagery_basic,rh,mot,ShallowFBCSPNet s0,balanced_accuracy,0.625,3,chronological,48,12,64,22.336456775665283,1f0c6e52b117,8468b414e125,within_subject,0.3.0.dev0,2026-09-10T21:56:25,
Miller2019-imagery_basic,rh,mot,ShallowFBCSPNet s0,kappa,0.1666666666666666,4,chronological,48,12,64,23.050966024398804,1f0c6e52b117,8468b414e125,within_subject,0.3.0.dev0,2026-09-10T21:56:25,
Miller2019-imagery_basic,rh,mot,ShallowFBCSPNet s0,accuracy,0.5833333333333334,4,chronological,48,12,64,23.050966024398804,1f0c6e52b117,8468b414e125,within_subject,0.3.0.dev0,2026-09-10T21:56:25,
Miller2019-imagery_basic,rh,mot,ShallowFBCSPNet s0,balanced_accuracy,0.5833333333333333,4,chronological,48,12,64,23.050966024398804,1f0c6e52b117,8468b414e125,within_subject,0.3.0.dev0,2026-09-10T21:56:25,
Miller2019-imagery_basic,rh,im,ShallowFBCSPNet s0,kappa,-0.0285714285714286,0,chronological,48,12,64,29.705041885375977,1f0c6e52b117,8468b414e125,within_subject,0.3.0.dev0,2026-09-10T21:56:25,
Miller2019-imagery_basic,rh,im,ShallowFBCSPNet s0,accuracy,0.5,0,chronological,48,12,64,29.705041885375977,1f0c6e52b117,8468b414e125,within_subject,0.3.0.dev0,2026-09-10T21:56:25,
Miller2019-imagery_basic,rh,im,ShallowFBCSPNet s0,balanced_accuracy,0.4857142857142857,0,chronological,48,12,64,29.705041885375977,1f0c6e52b117,8468b414e125,within_subject,0.3.0.dev0,2026-09-10T21:56:25,
Miller2019-imagery_basic,rh,im,ShallowFBCSPNet s0,kappa,-0.1052631578947367,1,chronological,48,12,64,32.21865010261536,1f0c6e52b117,8468b414e125,within_subject,0.3.0.dev0,2026-09-10T21:56:25,
Miller2019-imagery_basic,rh,im,ShallowFBCSPNet s0,accuracy,0.4166666666666667,1,chronological,48,12,64,32.21865010261536,1f0c6e52b117,8468b414e125,within_subject,0.3.0.dev0,2026-09-10T21:56:25,
Miller2019-imagery_basic,rh,im,ShallowFBCSPNet s0,balanced_accuracy,0.4428571428571428,1,chronological,48,12,64,32.21865010261536,1f0c6e52b117,8468b414e125,within_subject,0.3.0.dev0,2026-09-10T21:56:25,
Miller2019-imagery_basic,rh,im,ShallowFBCSPNet s0,kappa,0.0270270270270269,2,chronological,48,12,64,33.071069955825806,1f0c6e52b117,8468b414e125,within_subject,0.3.0.dev0,2026-09-10T21:56:25,
Miller2019-imagery_basic,rh,im,ShallowFBCSPNet s0,accuracy,0.5,2,chronological,48,12,64,33.071069955825806,1f0c6e52b117,8468b414e125,within_subject,0.3.0.dev0,2026-09-10T21:56:25,
Miller2019-imagery_basic,rh,im,ShallowFBCSPNet s0,balanced_accuracy,0.5142857142857142,2,chronological,48,12,64,33.071069955825806,1f0c6e52b117,8468b414e125,within_subject,0.3.0.dev0,2026-09-10T21:56:25,
Miller2019-imagery_basic,rh,im,ShallowFBCSPNet s0,kappa,0.1666666666666666,3,chronological,48,12,64,31.901115894317627,1f0c6e52b117,8468b414e125,within_subject,0.3.0.dev0,2026-09-10T21:56:25,
Miller2019-imagery_basic,rh,im,ShallowFBCSPNet s0,accuracy,0.5833333333333334,3,chronological,48,12,64,31.901115894317627,1f0c6e52b117,8468b414e125,within_subject,0.3.0.dev0,2026-09-10T21:56:25,
Miller2019-imagery_basic,rh,im,ShallowFBCSPNet s0,balanced_accuracy,0.5833333333333333,3,chronological,48,12,64,31.901115894317627,1f0c6e52b117,8468b414e125,within_subject,0.3.0.dev0,2026-09-10T21:56:25,
Miller2019-imagery_basic,rh,im,ShallowFBCSPNet s0,kappa,0.1666666666666666,4,chronological,48,12,64,31.829346895217896,1f0c6e52b117,8468b414e125,within_subject,0.3.0.dev0,2026-09-10T21:56:25,
Miller2019-imagery_basic,rh,im,ShallowFBCSPNet s0,accuracy,0.5833333333333334,4,chronological,48,12,64,31.829346895217896,1f0c6e52b117,8468b414e125,within_subject,0.3.0.dev0,2026-09-10T21:56:25,
Miller2019-imagery_basic,rh,im,ShallowFBCSPNet s0,balanced_accuracy,0.5857142857142856,4,chronological,48,12,64,31.829346895217896,1f0c6e52b117,8468b414e125,within_subject,0.3.0.dev0,2026-09-10T21:56:25,
Miller2019-imagery_basic,rr,mot,ShallowFBCSPNet s0,kappa,1.0,0,chronological,48,12,64,30.99918293952942,1f0c6e52b117,8468b414e125,within_subject,0.3.0.dev0,2026-09-10T22:01:45,
Miller2019-imagery_basic,rr,mot,ShallowFBCSPNet s0,accuracy,1.0,0,chronological,48,12,64,30.99918293952942,1f0c6e52b117,8468b414e125,within_subject,0.3.0.dev0,2026-09-10T22:01:45,
Miller2019-imagery_basic,rr,mot,ShallowFBCSPNet s0,balanced_accuracy,1.0,0,chronological,48,12,64,30.99918293952942,1f0c6e52b117,8468b414e125,within_subject,0.3.0.dev0,2026-09-10T22:01:45,
Miller2019-imagery_basic,rr,mot,ShallowFBCSPNet s0,kappa,1.0,1,chronological,48,12,64,31.77398920059204,1f0c6e52b117,8468b414e125,within_subject,0.3.0.dev0,2026-09-10T22:01:45,
Miller2019-imagery_basic,rr,mot,ShallowFBCSPNet s0,accuracy,1.0,1,chronological,48,12,64,31.77398920059204,1f0c6e52b117,8468b414e125,within_subject,0.3.0.dev0,2026-09-10T22:01:45,
Miller2019-imagery_basic,rr,mot,ShallowFBCSPNet s0,balanced_accuracy,1.0,1,chronological,48,12,64,31.77398920059204,1f0c6e52b117,8468b414e125,within_subject,0.3.0.dev0,2026-09-10T22:01:45,
Miller2019-imagery_basic,rr,mot,ShallowFBCSPNet s0,kappa,1.0,2,chronological,48,12,64,31.452904224395752,1f0c6e52b117,8468b414e125,within_subject,0.3.0.dev0,2026-09-10T22:01:45,
Miller2019-imagery_basic,rr,mot,ShallowFBCSPNet s0,accuracy,1.0,2,chronological,48,12,64,31.452904224395752,1f0c6e52b117,8468b414e125,within_subject,0.3.0.dev0,2026-09-10T22:01:45,
Miller2019-imagery_basic,rr,mot,ShallowFBCSPNet s0,balanced_accuracy,1.0,2,chronological,48,12,64,31.452904224395752,1f0c6e52b117,8468b414e125,within_subject,0.3.0.dev0,2026-09-10T22:01:45,
Miller2019-imagery_basic,rr,mot,ShallowFBCSPNet s0,kappa,0.8235294117647058,3,chronological,48,12,64,31.57392907142639,1f0c6e52b117,8468b414e125,within_subject,0.3.0.dev0,2026-09-10T22:01:45,
Miller2019-imagery_basic,rr,mot,ShallowFBCSPNet s0,accuracy,0.9166666666666666,3,chronological,48,12,64,31.57392907142639,1f0c6e52b117,8468b414e125,within_subject,0.3.0.dev0,2026-09-10T22:01:45,
Miller2019-imagery_basic,rr,mot,ShallowFBCSPNet s0,balanced_accuracy,0.9,3,chronological,48,12,64,31.57392907142639,1f0c6e52b117,8468b414e125,within_subject,0.3.0.dev0,2026-09-10T22:01:45,
Miller2019-imagery_basic,rr,mot,ShallowFBCSPNet s0,kappa,1.0,4,chronological,48,12,64,31.719815015792847,1f0c6e52b117,8468b414e125,within_subject,0.3.0.dev0,2026-09-10T22:01:45,
Miller2019-imagery_basic,rr,mot,ShallowFBCSPNet s0,accuracy,1.0,4,chronological,48,12,64,31.719815015792847,1f0c6e52b117,8468b414e125,within_subject,0.3.0.dev0,2026-09-10T22:01:45,
Miller2019-imagery_basic,rr,mot,ShallowFBCSPNet s0,balanced_accuracy,1.0,4,chronological,48,12,64,31.719815015792847,1f0c6e52b117,8468b414e125,within_subject,0.3.0.dev0,2026-09-10T22:01:45,
Miller2019-imagery_basic,rr,im,ShallowFBCSPNet s0,kappa,0.3333333333333333,0,chronological,48,12,64,31.587100982666016,1f0c6e52b117,8468b414e125,within_subject,0.3.0.dev0,2026-09-10T22:01:45,
Miller2019-imagery_basic,rr,im,ShallowFBCSPNet s0,accuracy,0.6666666666666666,0,chronological,48,12,64,31.587100982666016,1f0c6e52b117,8468b414e125,within_subject,0.3.0.dev0,2026-09-10T22:01:45,
Miller2019-imagery_basic,rr,im,ShallowFBCSPNet s0,balanced_accuracy,0.6666666666666666,0,chronological,48,12,64,31.587100982666016,1f0c6e52b117,8468b414e125,within_subject,0.3.0.dev0,2026-09-10T22:01:45,
Miller2019-imagery_basic,rr,im,ShallowFBCSPNet s0,kappa,0.5,1,chronological,48,12,64,31.958165884017944,1f0c6e52b117,8468b414e125,within_subject,0.3.0.dev0,2026-09-10T22:01:45,
Miller2019-imagery_basic,rr,im,ShallowFBCSPNet s0,accuracy,0.75,1,chronological,48,12,64,31.958165884017944,1f0c6e52b117,8468b414e125,within_subject,0.3.0.dev0,2026-09-10T22:01:45,
Miller2019-imagery_basic,rr,im,ShallowFBCSPNet s0,balanced_accuracy,0.75,1,chronological,48,12,64,31.958165884017944,1f0c6e52b117,8468b414e125,within_subject,0.3.0.dev0,2026-09-10T22:01:45,
Miller2019-imagery_basic,rr,im,ShallowFBCSPNet s0,kappa,0.1666666666666666,2,chronological,48,12,64,32.19820475578308,1f0c6e52b117,8468b414e125,within_subject,0.3.0.dev0,2026-09-10T22:01:45,
Miller2019-imagery_basic,rr,im,ShallowFBCSPNet s0,accuracy,0.5833333333333334,2,chronological,48,12,64,32.19820475578308,1f0c6e52b117,8468b414e125,within_subject,0.3.0.dev0,2026-09-10T22:01:45,
Miller2019-imagery_basic,rr,im,ShallowFBCSPNet s0,balanced_accuracy,0.5833333333333333,2,chronological,48,12,64,32.19820475578308,1f0c6e52b117,8468b414e125,within_subject,0.3.0.dev0,2026-09-10T22:01:45,
Miller2019-imagery_basic,rr,im,ShallowFBCSPNet s0,kappa,0.2499999999999999,3,chronological,48,12,64,32.20524382591248,1f0c6e52b117,8468b414e125,within_subject,0.3.0.dev0,2026-09-10T22:01:45,
Miller2019-imagery_basic,rr,im,ShallowFBCSPNet s0,accuracy,0.5833333333333334,3,chronological,48,12,64,32.20524382591248,1f0c6e52b117,8468b414e125,within_subject,0.3.0.dev0,2026-09-10T22:01:45,
Miller2019-imagery_basic,rr,im,ShallowFBCSPNet s0,balanced_accuracy,0.6428571428571428,3,chronological,48,12,64,32.20524382591248,1f0c6e52b117,8468b414e125,within_subject,0.3.0.dev0,2026-09-10T22:01:45,
Miller2019-imagery_basic,rr,im,ShallowFBCSPNet s0,kappa,-0.0285714285714286,4,chronological,48,12,64,31.35054588317871,1f0c6e52b117,8468b414e125,within_subject,0.3.0.dev0,2026-09-10T22:01:45,
Miller2019-imagery_basic,rr,im,ShallowFBCSPNet s0,accuracy,0.5,4,chronological,48,12,64,31.35054588317871,1f0c6e52b117,8468b414e125,within_subject,0.3.0.dev0,2026-09-10T22:01:45,
Miller2019-imagery_basic,rr,im,ShallowFBCSPNet s0,balanced_accuracy,0.4857142857142857,4,chronological,48,12,64,31.35054588317871,1f0c6e52b117,8468b414e125,within_subject,0.3.0.dev0,2026-09-10T22:01:45,
Miller2019-imagery_basic,bp,mot,ShallowFBCSPNet s1,kappa,0.625,0,chronological,48,12,46,24.124823093414307,9b00584f0cc9,8468b414e125,within_subject,0.3.0.dev0,2026-09-11T16:09:59,
Miller2019-imagery_basic,bp,mot,ShallowFBCSPNet s1,accuracy,0.8333333333333334,0,chronological,48,12,46,24.124823093414307,9b00584f0cc9,8468b414e125,within_subject,0.3.0.dev0,2026-09-11T16:09:59,
Miller2019-imagery_basic,bp,mot,ShallowFBCSPNet s1,balanced_accuracy,0.8125,0,chronological,48,12,46,24.124823093414307,9b00584f0cc9,8468b414e125,within_subject,0.3.0.dev0,2026-09-11T16:09:59,
Miller2019-imagery_basic,bp,mot,ShallowFBCSPNet s1,kappa,0.8235294117647058,1,chronological,48,12,46,22.13705325126648,9b00584f0cc9,8468b414e125,within_subject,0.3.0.dev0,2026-09-11T16:09:59,
Miller2019-imagery_basic,bp,mot,ShallowFBCSPNet s1,accuracy,0.9166666666666666,1,chronological,48,12,46,22.13705325126648,9b00584f0cc9,8468b414e125,within_subject,0.3.0.dev0,2026-09-11T16:09:59,
Miller2019-imagery_basic,bp,mot,ShallowFBCSPNet s1,balanced_accuracy,0.9375,1,chronological,48,12,46,22.13705325126648,9b00584f0cc9,8468b414e125,within_subject,0.3.0.dev0,2026-09-11T16:09:59,
Miller2019-imagery_basic,bp,mot,ShallowFBCSPNet s1,kappa,0.5263157894736843,2,chronological,48,12,46,22.053805112838745,9b00584f0cc9,8468b414e125,within_subject,0.3.0.dev0,2026-09-11T16:09:59,
Miller2019-imagery_basic,bp,mot,ShallowFBCSPNet s1,accuracy,0.75,2,chronological,48,12,46,22.053805112838745,9b00584f0cc9,8468b414e125,within_subject,0.3.0.dev0,2026-09-11T16:09:59,
Miller2019-imagery_basic,bp,mot,ShallowFBCSPNet s1,balanced_accuracy,0.8125,2,chronological,48,12,46,22.053805112838745,9b00584f0cc9,8468b414e125,within_subject,0.3.0.dev0,2026-09-11T16:09:59,
Miller2019-imagery_basic,bp,mot,ShallowFBCSPNet s1,kappa,0.6666666666666667,3,chronological,48,12,46,22.706398248672485,9b00584f0cc9,8468b414e125,within_subject,0.3.0.dev0,2026-09-11T16:09:59,
Miller2019-imagery_basic,bp,mot,ShallowFBCSPNet s1,accuracy,0.8333333333333334,3,chronological,48,12,46,22.706398248672485,9b00584f0cc9,8468b414e125,within_subject,0.3.0.dev0,2026-09-11T16:09:59,
Miller2019-imagery_basic,bp,mot,ShallowFBCSPNet s1,balanced_accuracy,0.875,3,chronological,48,12,46,22.706398248672485,9b00584f0cc9,8468b414e125,within_subject,0.3.0.dev0,2026-09-11T16:09:59,
Miller2019-imagery_basic,bp,mot,ShallowFBCSPNet s1,kappa,0.6666666666666667,4,chronological,48,12,46,23.27109718322754,9b00584f0cc9,8468b414e125,within_subject,0.3.0.dev0,2026-09-11T16:09:59,
Miller2019-imagery_basic,bp,mot,ShallowFBCSPNet s1,accuracy,0.8333333333333334,4,chronological,48,12,46,23.27109718322754,9b00584f0cc9,8468b414e125,within_subject,0.3.0.dev0,2026-09-11T16:09:59,
Miller2019-imagery_basic,bp,mot,ShallowFBCSPNet s1,balanced_accuracy,0.8333333333333334,4,chronological,48,12,46,23.27109718322754,9b00584f0cc9,8468b414e125,within_subject,0.3.0.dev0,2026-09-11T16:09:59,
Miller2019-imagery_basic,bp,im,ShallowFBCSPNet s1,kappa,-0.1052631578947367,0,chronological,48,12,46,23.0208477973938,9b00584f0cc9,8468b414e125,within_subject,0.3.0.dev0,2026-09-11T16:09:59,
Miller2019-imagery_basic,bp,im,ShallowFBCSPNet s1,accuracy,0.4166666666666667,0,chronological,48,12,46,23.0208477973938,9b00584f0cc9,8468b414e125,within_subject,0.3.0.dev0,2026-09-11T16:09:59,
Miller2019-imagery_basic,bp,im,ShallowFBCSPNet s1,balanced_accuracy,0.4428571428571428,0,chronological,48,12,46,23.0208477973938,9b00584f0cc9,8468b414e125,within_subject,0.3.0.dev0,2026-09-11T16:09:59,
Miller2019-imagery_basic,bp,im,ShallowFBCSPNet s1,kappa,-0.1052631578947367,1,chronological,48,12,46,23.029705047607425,9b00584f0cc9,8468b414e125,within_subject,0.3.0.dev0,2026-09-11T16:09:59,
Miller2019-imagery_basic,bp,im,ShallowFBCSPNet s1,accuracy,0.4166666666666667,1,chronological,48,12,46,23.029705047607425,9b00584f0cc9,8468b414e125,within_subject,0.3.0.dev0,2026-09-11T16:09:59,
Miller2019-imagery_basic,bp,im,ShallowFBCSPNet s1,balanced_accuracy,0.4428571428571428,1,chronological,48,12,46,23.029705047607425,9b00584f0cc9,8468b414e125,within_subject,0.3.0.dev0,2026-09-11T16:09:59,
Miller2019-imagery_basic,bp,im,ShallowFBCSPNet s1,kappa,0.25,2,chronological,48,12,46,22.80362105369568,9b00584f0cc9,8468b414e125,within_subject,0.3.0.dev0,2026-09-11T16:09:59,
Miller2019-imagery_basic,bp,im,ShallowFBCSPNet s1,accuracy,0.6666666666666666,2,chronological,48,12,46,22.80362105369568,9b00584f0cc9,8468b414e125,within_subject,0.3.0.dev0,2026-09-11T16:09:59,
Miller2019-imagery_basic,bp,im,ShallowFBCSPNet s1,balanced_accuracy,0.625,2,chronological,48,12,46,22.80362105369568,9b00584f0cc9,8468b414e125,within_subject,0.3.0.dev0,2026-09-11T16:09:59,
Miller2019-imagery_basic,bp,im,ShallowFBCSPNet s1,kappa,-0.3333333333333332,3,chronological,48,12,46,24.906325817108154,9b00584f0cc9,8468b414e125,within_subject,0.3.0.dev0,2026-09-11T16:09:59,
Miller2019-imagery_basic,bp,im,ShallowFBCSPNet s1,accuracy,0.3333333333333333,3,chronological,48,12,46,24.906325817108154,9b00584f0cc9,8468b414e125,within_subject,0.3.0.dev0,2026-09-11T16:09:59,
Miller2019-imagery_basic,bp,im,ShallowFBCSPNet s1,balanced_accuracy,0.3333333333333333,3,chronological,48,12,46,24.906325817108154,9b00584f0cc9,8468b414e125,within_subject,0.3.0.dev0,2026-09-11T16:09:59,
Miller2019-imagery_basic,bp,im,ShallowFBCSPNet s1,kappa,-0.3333333333333332,4,chronological,48,12,46,22.82783794403076,9b00584f0cc9,8468b414e125,within_subject,0.3.0.dev0,2026-09-11T16:09:59,
Miller2019-imagery_basic,bp,im,ShallowFBCSPNet s1,accuracy,0.3333333333333333,4,chronological,48,12,46,22.82783794403076,9b00584f0cc9,8468b414e125,within_subject,0.3.0.dev0,2026-09-11T16:09:59,
Miller2019-imagery_basic,bp,im,ShallowFBCSPNet s1,balanced_accuracy,0.3333333333333333,4,chronological,48,12,46,22.82783794403076,9b00584f0cc9,8468b414e125,within_subject,0.3.0.dev0,2026-09-11T16:09:59,
Miller2019-imagery_basic,fp,mot,ShallowFBCSPNet s1,kappa,0.2499999999999999,0,chronological,48,12,64,34.786541223526,9b00584f0cc9,8468b414e125,within_subject,0.3.0.dev0,2026-09-11T16:15:47,
Miller2019-imagery_basic,fp,mot,ShallowFBCSPNet s1,accuracy,0.5833333333333334,0,chronological,48,12,64,34.786541223526,9b00584f0cc9,8468b414e125,within_subject,0.3.0.dev0,2026-09-11T16:15:47,
Miller2019-imagery_basic,fp,mot,ShallowFBCSPNet s1,balanced_accuracy,0.6428571428571428,0,chronological,48,12,64,34.786541223526,9b00584f0cc9,8468b414e125,within_subject,0.3.0.dev0,2026-09-11T16:15:47,
Miller2019-imagery_basic,fp,mot,ShallowFBCSPNet s1,kappa,0.5,1,chronological,48,12,64,34.289292097091675,9b00584f0cc9,8468b414e125,within_subject,0.3.0.dev0,2026-09-11T16:15:47,
Miller2019-imagery_basic,fp,mot,ShallowFBCSPNet s1,accuracy,0.75,1,chronological,48,12,64,34.289292097091675,9b00584f0cc9,8468b414e125,within_subject,0.3.0.dev0,2026-09-11T16:15:47,
Miller2019-imagery_basic,fp,mot,ShallowFBCSPNet s1,balanced_accuracy,0.7571428571428571,1,chronological,48,12,64,34.289292097091675,9b00584f0cc9,8468b414e125,within_subject,0.3.0.dev0,2026-09-11T16:15:47,
Miller2019-imagery_basic,fp,mot,ShallowFBCSPNet s1,kappa,0.3333333333333333,2,chronological,48,12,64,33.91745901107788,9b00584f0cc9,8468b414e125,within_subject,0.3.0.dev0,2026-09-11T16:15:47,
Miller2019-imagery_basic,fp,mot,ShallowFBCSPNet s1,accuracy,0.6666666666666666,2,chronological,48,12,64,33.91745901107788,9b00584f0cc9,8468b414e125,within_subject,0.3.0.dev0,2026-09-11T16:15:47,
Miller2019-imagery_basic,fp,mot,ShallowFBCSPNet s1,balanced_accuracy,0.6666666666666666,2,chronological,48,12,64,33.91745901107788,9b00584f0cc9,8468b414e125,within_subject,0.3.0.dev0,2026-09-11T16:15:47,
Miller2019-imagery_basic,fp,mot,ShallowFBCSPNet s1,kappa,0.5,3,chronological,48,12,64,33.39725208282471,9b00584f0cc9,8468b414e125,within_subject,0.3.0.dev0,2026-09-11T16:15:47,
Miller2019-imagery_basic,fp,mot,ShallowFBCSPNet s1,accuracy,0.75,3,chronological,48,12,64,33.39725208282471,9b00584f0cc9,8468b414e125,within_subject,0.3.0.dev0,2026-09-11T16:15:47,
Miller2019-imagery_basic,fp,mot,ShallowFBCSPNet s1,balanced_accuracy,0.75,3,chronological,48,12,64,33.39725208282471,9b00584f0cc9,8468b414e125,within_subject,0.3.0.dev0,2026-09-11T16:15:47,
Miller2019-imagery_basic,fp,mot,ShallowFBCSPNet s1,kappa,0.8235294117647058,4,chronological,48,12,64,33.82524299621582,9b00584f0cc9,8468b414e125,within_subject,0.3.0.dev0,2026-09-11T16:15:47,
Miller2019-imagery_basic,fp,mot,ShallowFBCSPNet s1,accuracy,0.9166666666666666,4,chronological,48,12,64,33.82524299621582,9b00584f0cc9,8468b414e125,within_subject,0.3.0.dev0,2026-09-11T16:15:47,
Miller2019-imagery_basic,fp,mot,ShallowFBCSPNet s1,balanced_accuracy,0.9375,4,chronological,48,12,64,33.82524299621582,9b00584f0cc9,8468b414e125,within_subject,0.3.0.dev0,2026-09-11T16:15:47,
Miller2019-imagery_basic,fp,im,ShallowFBCSPNet s1,kappa,-0.1666666666666667,0,chronological,48,12,64,37.196791648864746,9b00584f0cc9,8468b414e125,within_subject,0.3.0.dev0,2026-09-11T16:15:47,
Miller2019-imagery_basic,fp,im,ShallowFBCSPNet s1,accuracy,0.4166666666666667,0,chronological,48,12,64,37.196791648864746,9b00584f0cc9,8468b414e125,within_subject,0.3.0.dev0,2026-09-11T16:15:47,
Miller2019-imagery_basic,fp,im,ShallowFBCSPNet s1,balanced_accuracy,0.4142857142857142,0,chronological,48,12,64,37.196791648864746,9b00584f0cc9,8468b414e125,within_subject,0.3.0.dev0,2026-09-11T16:15:47,
Miller2019-imagery_basic,fp,im,ShallowFBCSPNet s1,kappa,-0.0285714285714286,1,chronological,48,12,64,30.069659948349,9b00584f0cc9,8468b414e125,within_subject,0.3.0.dev0,2026-09-11T16:15:47,
Miller2019-imagery_basic,fp,im,ShallowFBCSPNet s1,accuracy,0.5,1,chronological,48,12,64,30.069659948349,9b00584f0cc9,8468b414e125,within_subject,0.3.0.dev0,2026-09-11T16:15:47,
Miller2019-imagery_basic,fp,im,ShallowFBCSPNet s1,balanced_accuracy,0.4857142857142857,1,chronological,48,12,64,30.069659948349,9b00584f0cc9,8468b414e125,within_subject,0.3.0.dev0,2026-09-11T16:15:47,
Miller2019-imagery_basic,fp,im,ShallowFBCSPNet s1,kappa,0.2727272727272727,2,chronological,48,12,64,35.65762519836426,9b00584f0cc9,8468b414e125,within_subject,0.3.0.dev0,2026-09-11T16:15:47,
Miller2019-imagery_basic,fp,im,ShallowFBCSPNet s1,accuracy,0.6666666666666666,2,chronological,48,12,64,35.65762519836426,9b00584f0cc9,8468b414e125,within_subject,0.3.0.dev0,2026-09-11T16:15:47,
Miller2019-imagery_basic,fp,im,ShallowFBCSPNet s1,balanced_accuracy,0.6666666666666666,2,chronological,48,12,64,35.65762519836426,9b00584f0cc9,8468b414e125,within_subject,0.3.0.dev0,2026-09-11T16:15:47,
Miller2019-imagery_basic,fp,im,ShallowFBCSPNet s1,kappa,0.3142857142857143,3,chronological,48,12,64,32.03778409957886,9b00584f0cc9,8468b414e125,within_subject,0.3.0.dev0,2026-09-11T16:15:47,
Miller2019-imagery_basic,fp,im,ShallowFBCSPNet s1,accuracy,0.6666666666666666,3,chronological,48,12,64,32.03778409957886,9b00584f0cc9,8468b414e125,within_subject,0.3.0.dev0,2026-09-11T16:15:47,
Miller2019-imagery_basic,fp,im,ShallowFBCSPNet s1,balanced_accuracy,0.6571428571428571,3,chronological,48,12,64,32.03778409957886,9b00584f0cc9,8468b414e125,within_subject,0.3.0.dev0,2026-09-11T16:15:47,
Miller2019-imagery_basic,fp,im,ShallowFBCSPNet s1,kappa,0.0,4,chronological,48,12,64,33.16905117034912,9b00584f0cc9,8468b414e125,within_subject,0.3.0.dev0,2026-09-11T16:15:47,
Miller2019-imagery_basic,fp,im,ShallowFBCSPNet s1,accuracy,0.5,4,chronological,48,12,64,33.16905117034912,9b00584f0cc9,8468b414e125,within_subject,0.3.0.dev0,2026-09-11T16:15:47,
Miller2019-imagery_basic,fp,im,ShallowFBCSPNet s1,balanced_accuracy,0.5,4,chronological,48,12,64,33.16905117034912,9b00584f0cc9,8468b414e125,within_subject,0.3.0.dev0,2026-09-11T16:15:47,
Miller2019-imagery_basic,hh,mot,ShallowFBCSPNet s1,kappa,0.2105263157894737,0,chronological,48,12,48,27.06635808944702,9b00584f0cc9,8468b414e125,within_subject,0.3.0.dev0,2026-09-11T16:20:15,
Miller2019-imagery_basic,hh,mot,ShallowFBCSPNet s1,accuracy,0.5833333333333334,0,chronological,48,12,48,27.06635808944702,9b00584f0cc9,8468b414e125,within_subject,0.3.0.dev0,2026-09-11T16:20:15,
Miller2019-imagery_basic,hh,mot,ShallowFBCSPNet s1,balanced_accuracy,0.6142857142857143,0,chronological,48,12,48,27.06635808944702,9b00584f0cc9,8468b414e125,within_subject,0.3.0.dev0,2026-09-11T16:20:15,
Miller2019-imagery_basic,hh,mot,ShallowFBCSPNet s1,kappa,0.1176470588235294,1,chronological,48,12,48,26.465655088424683,9b00584f0cc9,8468b414e125,within_subject,0.3.0.dev0,2026-09-11T16:20:15,
Miller2019-imagery_basic,hh,mot,ShallowFBCSPNet s1,accuracy,0.5833333333333334,1,chronological,48,12,48,26.465655088424683,9b00584f0cc9,8468b414e125,within_subject,0.3.0.dev0,2026-09-11T16:20:15,
Miller2019-imagery_basic,hh,mot,ShallowFBCSPNet s1,balanced_accuracy,0.5571428571428572,1,chronological,48,12,48,26.465655088424683,9b00584f0cc9,8468b414e125,within_subject,0.3.0.dev0,2026-09-11T16:20:15,
Miller2019-imagery_basic,hh,mot,ShallowFBCSPNet s1,kappa,0.1176470588235294,2,chronological,48,12,48,27.90861296653748,9b00584f0cc9,8468b414e125,within_subject,0.3.0.dev0,2026-09-11T16:20:15,
Miller2019-imagery_basic,hh,mot,ShallowFBCSPNet s1,accuracy,0.5833333333333334,2,chronological,48,12,48,27.90861296653748,9b00584f0cc9,8468b414e125,within_subject,0.3.0.dev0,2026-09-11T16:20:15,
Miller2019-imagery_basic,hh,mot,ShallowFBCSPNet s1,balanced_accuracy,0.5625,2,chronological,48,12,48,27.90861296653748,9b00584f0cc9,8468b414e125,within_subject,0.3.0.dev0,2026-09-11T16:20:15,
Miller2019-imagery_basic,hh,mot,ShallowFBCSPNet s1,kappa,-0.1666666666666667,3,chronological,48,12,48,22.961275100708008,9b00584f0cc9,8468b414e125,within_subject,0.3.0.dev0,2026-09-11T16:20:15,
Miller2019-imagery_basic,hh,mot,ShallowFBCSPNet s1,accuracy,0.4166666666666667,3,chronological,48,12,48,22.961275100708008,9b00584f0cc9,8468b414e125,within_subject,0.3.0.dev0,2026-09-11T16:20:15,
Miller2019-imagery_basic,hh,mot,ShallowFBCSPNet s1,balanced_accuracy,0.4142857142857142,3,chronological,48,12,48,22.961275100708008,9b00584f0cc9,8468b414e125,within_subject,0.3.0.dev0,2026-09-11T16:20:15,
Miller2019-imagery_basic,hh,mot,ShallowFBCSPNet s1,kappa,-0.1666666666666667,4,chronological,48,12,48,24.88184499740601,9b00584f0cc9,8468b414e125,within_subject,0.3.0.dev0,2026-09-11T16:20:15,
Miller2019-imagery_basic,hh,mot,ShallowFBCSPNet s1,accuracy,0.4166666666666667,4,chronological,48,12,48,24.88184499740601,9b00584f0cc9,8468b414e125,within_subject,0.3.0.dev0,2026-09-11T16:20:15,
Miller2019-imagery_basic,hh,mot,ShallowFBCSPNet s1,balanced_accuracy,0.3888888888888888,4,chronological,48,12,48,24.88184499740601,9b00584f0cc9,8468b414e125,within_subject,0.3.0.dev0,2026-09-11T16:20:15,
Miller2019-imagery_basic,hh,im,ShallowFBCSPNet s1,kappa,-0.3124999999999998,0,chronological,48,12,48,27.679802894592285,9b00584f0cc9,8468b414e125,within_subject,0.3.0.dev0,2026-09-11T16:20:15,
Miller2019-imagery_basic,hh,im,ShallowFBCSPNet s1,accuracy,0.4166666666666667,0,chronological,48,12,48,27.679802894592285,9b00584f0cc9,8468b414e125,within_subject,0.3.0.dev0,2026-09-11T16:20:15,
Miller2019-imagery_basic,hh,im,ShallowFBCSPNet s1,balanced_accuracy,0.3571428571428571,0,chronological,48,12,48,27.679802894592285,9b00584f0cc9,8468b414e125,within_subject,0.3.0.dev0,2026-09-11T16:20:15,
Miller2019-imagery_basic,hh,im,ShallowFBCSPNet s1,kappa,-0.1666666666666667,1,chronological,48,12,48,24.54341101646424,9b00584f0cc9,8468b414e125,within_subject,0.3.0.dev0,2026-09-11T16:20:15,
Miller2019-imagery_basic,hh,im,ShallowFBCSPNet s1,accuracy,0.4166666666666667,1,chronological,48,12,48,24.54341101646424,9b00584f0cc9,8468b414e125,within_subject,0.3.0.dev0,2026-09-11T16:20:15,
Miller2019-imagery_basic,hh,im,ShallowFBCSPNet s1,balanced_accuracy,0.4166666666666666,1,chronological,48,12,48,24.54341101646424,9b00584f0cc9,8468b414e125,within_subject,0.3.0.dev0,2026-09-11T16:20:15,
Miller2019-imagery_basic,hh,im,ShallowFBCSPNet s1,kappa,0.3333333333333333,2,chronological,48,12,48,25.20481514930725,9b00584f0cc9,8468b414e125,within_subject,0.3.0.dev0,2026-09-11T16:20:15,
Miller2019-imagery_basic,hh,im,ShallowFBCSPNet s1,accuracy,0.6666666666666666,2,chronological,48,12,48,25.20481514930725,9b00584f0cc9,8468b414e125,within_subject,0.3.0.dev0,2026-09-11T16:20:15,
Miller2019-imagery_basic,hh,im,ShallowFBCSPNet s1,balanced_accuracy,0.6666666666666667,2,chronological,48,12,48,25.20481514930725,9b00584f0cc9,8468b414e125,within_subject,0.3.0.dev0,2026-09-11T16:20:15,
Miller2019-imagery_basic,hh,im,ShallowFBCSPNet s1,kappa,0.5,3,chronological,48,12,48,25.74890422821045,9b00584f0cc9,8468b414e125,within_subject,0.3.0.dev0,2026-09-11T16:20:15,
Miller2019-imagery_basic,hh,im,ShallowFBCSPNet s1,accuracy,0.75,3,chronological,48,12,48,25.74890422821045,9b00584f0cc9,8468b414e125,within_subject,0.3.0.dev0,2026-09-11T16:20:15,
Miller2019-imagery_basic,hh,im,ShallowFBCSPNet s1,balanced_accuracy,0.7571428571428571,3,chronological,48,12,48,25.74890422821045,9b00584f0cc9,8468b414e125,within_subject,0.3.0.dev0,2026-09-11T16:20:15,
Miller2019-imagery_basic,hh,im,ShallowFBCSPNet s1,kappa,0.1666666666666666,4,chronological,48,12,48,26.41702461242676,9b00584f0cc9,8468b414e125,within_subject,0.3.0.dev0,2026-09-11T16:20:15,
Miller2019-imagery_basic,hh,im,ShallowFBCSPNet s1,accuracy,0.5833333333333334,4,chronological,48,12,48,26.41702461242676,9b00584f0cc9,8468b414e125,within_subject,0.3.0.dev0,2026-09-11T16:20:15,
Miller2019-imagery_basic,hh,im,ShallowFBCSPNet s1,balanced_accuracy,0.5833333333333334,4,chronological,48,12,48,26.41702461242676,9b00584f0cc9,8468b414e125,within_subject,0.3.0.dev0,2026-09-11T16:20:15,
Miller2019-imagery_basic,jc,mot,ShallowFBCSPNet s1,kappa,0.0,0,chronological,48,12,48,25.77307391166687,9b00584f0cc9,8468b414e125,within_subject,0.3.0.dev0,2026-09-11T16:24:33,
Miller2019-imagery_basic,jc,mot,ShallowFBCSPNet s1,accuracy,0.5,0,chronological,48,12,48,25.77307391166687,9b00584f0cc9,8468b414e125,within_subject,0.3.0.dev0,2026-09-11T16:24:33,
Miller2019-imagery_basic,jc,mot,ShallowFBCSPNet s1,balanced_accuracy,0.5,0,chronological,48,12,48,25.77307391166687,9b00584f0cc9,8468b414e125,within_subject,0.3.0.dev0,2026-09-11T16:24:33,
Miller2019-imagery_basic,jc,mot,ShallowFBCSPNet s1,kappa,0.2105263157894737,1,chronological,48,12,48,25.21053171157837,9b00584f0cc9,8468b414e125,within_subject,0.3.0.dev0,2026-09-11T16:24:33,
Miller2019-imagery_basic,jc,mot,ShallowFBCSPNet s1,accuracy,0.5833333333333334,1,chronological,48,12,48,25.21053171157837,9b00584f0cc9,8468b414e125,within_subject,0.3.0.dev0,2026-09-11T16:24:33,
Miller2019-imagery_basic,jc,mot,ShallowFBCSPNet s1,balanced_accuracy,0.6142857142857143,1,chronological,48,12,48,25.21053171157837,9b00584f0cc9,8468b414e125,within_subject,0.3.0.dev0,2026-09-11T16:24:33,
Miller2019-imagery_basic,jc,mot,ShallowFBCSPNet s1,kappa,0.3513513513513513,2,chronological,48,12,48,24.425676107406616,9b00584f0cc9,8468b414e125,within_subject,0.3.0.dev0,2026-09-11T16:24:33,
Miller2019-imagery_basic,jc,mot,ShallowFBCSPNet s1,accuracy,0.6666666666666666,2,chronological,48,12,48,24.425676107406616,9b00584f0cc9,8468b414e125,within_subject,0.3.0.dev0,2026-09-11T16:24:33,
Miller2019-imagery_basic,jc,mot,ShallowFBCSPNet s1,balanced_accuracy,0.6857142857142857,2,chronological,48,12,48,24.425676107406616,9b00584f0cc9,8468b414e125,within_subject,0.3.0.dev0,2026-09-11T16:24:33,
Miller2019-imagery_basic,jc,mot,ShallowFBCSPNet s1,kappa,0.4705882352941176,3,chronological,48,12,48,22.8580961227417,9b00584f0cc9,8468b414e125,within_subject,0.3.0.dev0,2026-09-11T16:24:33,
Miller2019-imagery_basic,jc,mot,ShallowFBCSPNet s1,accuracy,0.75,3,chronological,48,12,48,22.8580961227417,9b00584f0cc9,8468b414e125,within_subject,0.3.0.dev0,2026-09-11T16:24:33,
Miller2019-imagery_basic,jc,mot,ShallowFBCSPNet s1,balanced_accuracy,0.7285714285714285,3,chronological,48,12,48,22.8580961227417,9b00584f0cc9,8468b414e125,within_subject,0.3.0.dev0,2026-09-11T16:24:33,
Miller2019-imagery_basic,jc,mot,ShallowFBCSPNet s1,kappa,0.1176470588235294,4,chronological,48,12,48,26.393610954284668,9b00584f0cc9,8468b414e125,within_subject,0.3.0.dev0,2026-09-11T16:24:33,
Miller2019-imagery_basic,jc,mot,ShallowFBCSPNet s1,accuracy,0.5833333333333334,4,chronological,48,12,48,26.393610954284668,9b00584f0cc9,8468b414e125,within_subject,0.3.0.dev0,2026-09-11T16:24:33,
Miller2019-imagery_basic,jc,mot,ShallowFBCSPNet s1,balanced_accuracy,0.5571428571428572,4,chronological,48,12,48,26.393610954284668,9b00584f0cc9,8468b414e125,within_subject,0.3.0.dev0,2026-09-11T16:24:33,
Miller2019-imagery_basic,jc,im,ShallowFBCSPNet s1,kappa,0.5263157894736843,0,chronological,48,12,48,25.103044033050537,9b00584f0cc9,8468b414e125,within_subject,0.3.0.dev0,2026-09-11T16:24:33,
Miller2019-imagery_basic,jc,im,ShallowFBCSPNet s1,accuracy,0.75,0,chronological,48,12,48,25.103044033050537,9b00584f0cc9,8468b414e125,within_subject,0.3.0.dev0,2026-09-11T16:24:33,
Miller2019-imagery_basic,jc,im,ShallowFBCSPNet s1,balanced_accuracy,0.7857142857142857,0,chronological,48,12,48,25.103044033050537,9b00584f0cc9,8468b414e125,within_subject,0.3.0.dev0,2026-09-11T16:24:33,
Miller2019-imagery_basic,jc,im,ShallowFBCSPNet s1,kappa,-0.1666666666666667,1,chronological,48,12,48,24.30911087989807,9b00584f0cc9,8468b414e125,within_subject,0.3.0.dev0,2026-09-11T16:24:33,
Miller2019-imagery_basic,jc,im,ShallowFBCSPNet s1,accuracy,0.4166666666666667,1,chronological,48,12,48,24.30911087989807,9b00584f0cc9,8468b414e125,within_subject,0.3.0.dev0,2026-09-11T16:24:33,
Miller2019-imagery_basic,jc,im,ShallowFBCSPNet s1,balanced_accuracy,0.4142857142857142,1,chronological,48,12,48,24.30911087989807,9b00584f0cc9,8468b414e125,within_subject,0.3.0.dev0,2026-09-11T16:24:33,
Miller2019-imagery_basic,jc,im,ShallowFBCSPNet s1,kappa,-0.0909090909090908,2,chronological,48,12,48,26.763634204864506,9b00584f0cc9,8468b414e125,within_subject,0.3.0.dev0,2026-09-11T16:24:33,
Miller2019-imagery_basic,jc,im,ShallowFBCSPNet s1,accuracy,0.3333333333333333,2,chronological,48,12,48,26.763634204864506,9b00584f0cc9,8468b414e125,within_subject,0.3.0.dev0,2026-09-11T16:24:33,
Miller2019-imagery_basic,jc,im,ShallowFBCSPNet s1,balanced_accuracy,0.4,2,chronological,48,12,48,26.763634204864506,9b00584f0cc9,8468b414e125,within_subject,0.3.0.dev0,2026-09-11T16:24:33,
Miller2019-imagery_basic,jc,im,ShallowFBCSPNet s1,kappa,-0.1666666666666667,3,chronological,48,12,48,23.316969871521,9b00584f0cc9,8468b414e125,within_subject,0.3.0.dev0,2026-09-11T16:24:33,
Miller2019-imagery_basic,jc,im,ShallowFBCSPNet s1,accuracy,0.4166666666666667,3,chronological,48,12,48,23.316969871521,9b00584f0cc9,8468b414e125,within_subject,0.3.0.dev0,2026-09-11T16:24:33,
Miller2019-imagery_basic,jc,im,ShallowFBCSPNet s1,balanced_accuracy,0.4142857142857142,3,chronological,48,12,48,23.316969871521,9b00584f0cc9,8468b414e125,within_subject,0.3.0.dev0,2026-09-11T16:24:33,
Miller2019-imagery_basic,jc,im,ShallowFBCSPNet s1,kappa,0.0270270270270269,4,chronological,48,12,48,25.68018913269043,9b00584f0cc9,8468b414e125,within_subject,0.3.0.dev0,2026-09-11T16:24:33,
Miller2019-imagery_basic,jc,im,ShallowFBCSPNet s1,accuracy,0.5,4,chronological,48,12,48,25.68018913269043,9b00584f0cc9,8468b414e125,within_subject,0.3.0.dev0,2026-09-11T16:24:33,
Miller2019-imagery_basic,jc,im,ShallowFBCSPNet s1,balanced_accuracy,0.5142857142857142,4,chronological,48,12,48,25.68018913269043,9b00584f0cc9,8468b414e125,within_subject,0.3.0.dev0,2026-09-11T16:24:33,
Miller2019-imagery_basic,bp,mot,Riemann HG TS + LogReg,kappa,1.0,0,chronological,48,12,46,0.5483760833740234,f55965f07628,0d79a81a67b3,within_subject,0.3.0.dev0,2026-09-11T16:10:16,
Miller2019-imagery_basic,bp,mot,Riemann HG TS + LogReg,accuracy,1.0,0,chronological,48,12,46,0.5483760833740234,f55965f07628,0d79a81a67b3,within_subject,0.3.0.dev0,2026-09-11T16:10:16,
Miller2019-imagery_basic,bp,mot,Riemann HG TS + LogReg,balanced_accuracy,1.0,0,chronological,48,12,46,0.5483760833740234,f55965f07628,0d79a81a67b3,within_subject,0.3.0.dev0,2026-09-11T16:10:16,
Miller2019-imagery_basic,bp,mot,Riemann HG TS + LogReg,kappa,1.0,1,chronological,48,12,46,0.4943442344665527,f55965f07628,0d79a81a67b3,within_subject,0.3.0.dev0,2026-09-11T16:10:16,
Miller2019-imagery_basic,bp,mot,Riemann HG TS + LogReg,accuracy,1.0,1,chronological,48,12,46,0.4943442344665527,f55965f07628,0d79a81a67b3,within_subject,0.3.0.dev0,2026-09-11T16:10:16,
Miller2019-imagery_basic,bp,mot,Riemann HG TS + LogReg,balanced_accuracy,1.0,1,chronological,48,12,46,0.4943442344665527,f55965f07628,0d79a81a67b3,within_subject,0.3.0.dev0,2026-09-11T16:10:16,
Miller2019-imagery_basic,bp,mot,Riemann HG TS + LogReg,kappa,1.0,2,chronological,48,12,46,0.4765770435333252,f55965f07628,0d79a81a67b3,within_subject,0.3.0.dev0,2026-09-11T16:10:16,
Miller2019-imagery_basic,bp,mot,Riemann HG TS + LogReg,accuracy,1.0,2,chronological,48,12,46,0.4765770435333252,f55965f07628,0d79a81a67b3,within_subject,0.3.0.dev0,2026-09-11T16:10:16,
Miller2019-imagery_basic,bp,mot,Riemann HG TS + LogReg,balanced_accuracy,1.0,2,chronological,48,12,46,0.4765770435333252,f55965f07628,0d79a81a67b3,within_subject,0.3.0.dev0,2026-09-11T16:10:16,
Miller2019-imagery_basic,bp,mot,Riemann HG TS + LogReg,kappa,1.0,3,chronological,48,12,46,0.4704561233520508,f55965f07628,0d79a81a67b3,within_subject,0.3.0.dev0,2026-09-11T16:10:16,
Miller2019-imagery_basic,bp,mot,Riemann HG TS + LogReg,accuracy,1.0,3,chronological,48,12,46,0.4704561233520508,f55965f07628,0d79a81a67b3,within_subject,0.3.0.dev0,2026-09-11T16:10:16,
Miller2019-imagery_basic,bp,mot,Riemann HG TS + LogReg,balanced_accuracy,1.0,3,chronological,48,12,46,0.4704561233520508,f55965f07628,0d79a81a67b3,within_subject,0.3.0.dev0,2026-09-11T16:10:16,
Miller2019-imagery_basic,bp,mot,Riemann HG TS + LogReg,kappa,0.8333333333333334,4,chronological,48,12,46,0.5489239692687988,f55965f07628,0d79a81a67b3,within_subject,0.3.0.dev0,2026-09-11T16:10:16,
Miller2019-imagery_basic,bp,mot,Riemann HG TS + LogReg,accuracy,0.9166666666666666,4,chronological,48,12,46,0.5489239692687988,f55965f07628,0d79a81a67b3,within_subject,0.3.0.dev0,2026-09-11T16:10:16,
Miller2019-imagery_basic,bp,mot,Riemann HG TS + LogReg,balanced_accuracy,0.9166666666666669,4,chronological,48,12,46,0.5489239692687988,f55965f07628,0d79a81a67b3,within_subject,0.3.0.dev0,2026-09-11T16:10:16,
Miller2019-imagery_basic,bp,im,Riemann HG TS + LogReg,kappa,-0.0909090909090908,0,chronological,48,12,46,0.5907211303710938,f55965f07628,0d79a81a67b3,within_subject,0.3.0.dev0,2026-09-11T16:10:16,
Miller2019-imagery_basic,bp,im,Riemann HG TS + LogReg,accuracy,0.5,0,chronological,48,12,46,0.5907211303710938,f55965f07628,0d79a81a67b3,within_subject,0.3.0.dev0,2026-09-11T16:10:16,
Miller2019-imagery_basic,bp,im,Riemann HG TS + LogReg,balanced_accuracy,0.4571428571428572,0,chronological,48,12,46,0.5907211303710938,f55965f07628,0d79a81a67b3,within_subject,0.3.0.dev0,2026-09-11T16:10:16,
Miller2019-imagery_basic,bp,im,Riemann HG TS + LogReg,kappa,0.1176470588235294,1,chronological,48,12,46,0.4660651683807373,f55965f07628,0d79a81a67b3,within_subject,0.3.0.dev0,2026-09-11T16:10:16,
Miller2019-imagery_basic,bp,im,Riemann HG TS + LogReg,accuracy,0.5833333333333334,1,chronological,48,12,46,0.4660651683807373,f55965f07628,0d79a81a67b3,within_subject,0.3.0.dev0,2026-09-11T16:10:16,
Miller2019-imagery_basic,bp,im,Riemann HG TS + LogReg,balanced_accuracy,0.5571428571428572,1,chronological,48,12,46,0.4660651683807373,f55965f07628,0d79a81a67b3,within_subject,0.3.0.dev0,2026-09-11T16:10:16,
Miller2019-imagery_basic,bp,im,Riemann HG TS + LogReg,kappa,-0.1052631578947367,2,chronological,48,12,46,0.4618911743164062,f55965f07628,0d79a81a67b3,within_subject,0.3.0.dev0,2026-09-11T16:10:16,
Miller2019-imagery_basic,bp,im,Riemann HG TS + LogReg,accuracy,0.4166666666666667,2,chronological,48,12,46,0.4618911743164062,f55965f07628,0d79a81a67b3,within_subject,0.3.0.dev0,2026-09-11T16:10:16,
Miller2019-imagery_basic,bp,im,Riemann HG TS + LogReg,balanced_accuracy,0.4375,2,chronological,48,12,46,0.4618911743164062,f55965f07628,0d79a81a67b3,within_subject,0.3.0.dev0,2026-09-11T16:10:16,
Miller2019-imagery_basic,bp,im,Riemann HG TS + LogReg,kappa,-0.1666666666666667,3,chronological,48,12,46,0.7278211116790771,f55965f07628,0d79a81a67b3,within_subject,0.3.0.dev0,2026-09-11T16:10:16,
Miller2019-imagery_basic,bp,im,Riemann HG TS + LogReg,accuracy,0.4166666666666667,3,chronological,48,12,46,0.7278211116790771,f55965f07628,0d79a81a67b3,within_subject,0.3.0.dev0,2026-09-11T16:10:16,
Miller2019-imagery_basic,bp,im,Riemann HG TS + LogReg,balanced_accuracy,0.4166666666666666,3,chronological,48,12,46,0.7278211116790771,f55965f07628,0d79a81a67b3,within_subject,0.3.0.dev0,2026-09-11T16:10:16,
Miller2019-imagery_basic,bp,im,Riemann HG TS + LogReg,kappa,0.5,4,chronological,48,12,46,0.4694118499755859,f55965f07628,0d79a81a67b3,within_subject,0.3.0.dev0,2026-09-11T16:10:16,
Miller2019-imagery_basic,bp,im,Riemann HG TS + LogReg,accuracy,0.75,4,chronological,48,12,46,0.4694118499755859,f55965f07628,0d79a81a67b3,within_subject,0.3.0.dev0,2026-09-11T16:10:16,
Miller2019-imagery_basic,bp,im,Riemann HG TS + LogReg,balanced_accuracy,0.75,4,chronological,48,12,46,0.4694118499755859,f55965f07628,0d79a81a67b3,within_subject,0.3.0.dev0,2026-09-11T16:10:16,
Miller2019-imagery_basic,fp,mot,Riemann HG TS + LogReg,kappa,1.0,0,chronological,48,12,64,0.8141767978668213,f55965f07628,0d79a81a67b3,within_subject,0.3.0.dev0,2026-09-11T16:10:46,
Miller2019-imagery_basic,fp,mot,Riemann HG TS + LogReg,accuracy,1.0,0,chronological,48,12,64,0.8141767978668213,f55965f07628,0d79a81a67b3,within_subject,0.3.0.dev0,2026-09-11T16:10:46,
Miller2019-imagery_basic,fp,mot,Riemann HG TS + LogReg,balanced_accuracy,1.0,0,chronological,48,12,64,0.8141767978668213,f55965f07628,0d79a81a67b3,within_subject,0.3.0.dev0,2026-09-11T16:10:46,
Miller2019-imagery_basic,fp,mot,Riemann HG TS + LogReg,kappa,1.0,1,chronological,48,12,64,0.8138151168823242,f55965f07628,0d79a81a67b3,within_subject,0.3.0.dev0,2026-09-11T16:10:46,
Miller2019-imagery_basic,fp,mot,Riemann HG TS + LogReg,accuracy,1.0,1,chronological,48,12,64,0.8138151168823242,f55965f07628,0d79a81a67b3,within_subject,0.3.0.dev0,2026-09-11T16:10:46,
Miller2019-imagery_basic,fp,mot,Riemann HG TS + LogReg,balanced_accuracy,1.0,1,chronological,48,12,64,0.8138151168823242,f55965f07628,0d79a81a67b3,within_subject,0.3.0.dev0,2026-09-11T16:10:46,
Miller2019-imagery_basic,fp,mot,Riemann HG TS + LogReg,kappa,1.0,2,chronological,48,12,64,0.7932920455932617,f55965f07628,0d79a81a67b3,within_subject,0.3.0.dev0,2026-09-11T16:10:46,
Miller2019-imagery_basic,fp,mot,Riemann HG TS + LogReg,accuracy,1.0,2,chronological,48,12,64,0.7932920455932617,f55965f07628,0d79a81a67b3,within_subject,0.3.0.dev0,2026-09-11T16:10:46,
Miller2019-imagery_basic,fp,mot,Riemann HG TS + LogReg,balanced_accuracy,1.0,2,chronological,48,12,64,0.7932920455932617,f55965f07628,0d79a81a67b3,within_subject,0.3.0.dev0,2026-09-11T16:10:46,
Miller2019-imagery_basic,fp,mot,Riemann HG TS + LogReg,kappa,1.0,3,chronological,48,12,64,1.4222571849822998,f55965f07628,0d79a81a67b3,within_subject,0.3.0.dev0,2026-09-11T16:10:46,
Miller2019-imagery_basic,fp,mot,Riemann HG TS + LogReg,accuracy,1.0,3,chronological,48,12,64,1.4222571849822998,f55965f07628,0d79a81a67b3,within_subject,0.3.0.dev0,2026-09-11T16:10:46,
Miller2019-imagery_basic,fp,mot,Riemann HG TS + LogReg,balanced_accuracy,1.0,3,chronological,48,12,64,1.4222571849822998,f55965f07628,0d79a81a67b3,within_subject,0.3.0.dev0,2026-09-11T16:10:46,
Miller2019-imagery_basic,fp,mot,Riemann HG TS + LogReg,kappa,0.6666666666666667,4,chronological,48,12,64,0.8984389305114746,f55965f07628,0d79a81a67b3,within_subject,0.3.0.dev0,2026-09-11T16:10:46,
Miller2019-imagery_basic,fp,mot,Riemann HG TS + LogReg,accuracy,0.8333333333333334,4,chronological,48,12,64,0.8984389305114746,f55965f07628,0d79a81a67b3,within_subject,0.3.0.dev0,2026-09-11T16:10:46,
Miller2019-imagery_basic,fp,mot,Riemann HG TS + LogReg,balanced_accuracy,0.875,4,chronological,48,12,64,0.8984389305114746,f55965f07628,0d79a81a67b3,within_subject,0.3.0.dev0,2026-09-11T16:10:46,
Miller2019-imagery_basic,fp,im,Riemann HG TS + LogReg,kappa,0.6363636363636364,0,chronological,48,12,64,0.7660562992095947,f55965f07628,0d79a81a67b3,within_subject,0.3.0.dev0,2026-09-11T16:10:46,
Miller2019-imagery_basic,fp,im,Riemann HG TS + LogReg,accuracy,0.8333333333333334,0,chronological,48,12,64,0.7660562992095947,f55965f07628,0d79a81a67b3,within_subject,0.3.0.dev0,2026-09-11T16:10:46,
Miller2019-imagery_basic,fp,im,Riemann HG TS + LogReg,balanced_accuracy,0.8,0,chronological,48,12,64,0.7660562992095947,f55965f07628,0d79a81a67b3,within_subject,0.3.0.dev0,2026-09-11T16:10:46,
Miller2019-imagery_basic,fp,im,Riemann HG TS + LogReg,kappa,0.6756756756756757,1,chronological,48,12,64,0.7429897785186768,f55965f07628,0d79a81a67b3,within_subject,0.3.0.dev0,2026-09-11T16:10:46,
Miller2019-imagery_basic,fp,im,Riemann HG TS + LogReg,accuracy,0.8333333333333334,1,chronological,48,12,64,0.7429897785186768,f55965f07628,0d79a81a67b3,within_subject,0.3.0.dev0,2026-09-11T16:10:46,
Miller2019-imagery_basic,fp,im,Riemann HG TS + LogReg,balanced_accuracy,0.8571428571428572,1,chronological,48,12,64,0.7429897785186768,f55965f07628,0d79a81a67b3,within_subject,0.3.0.dev0,2026-09-11T16:10:46,
Miller2019-imagery_basic,fp,im,Riemann HG TS + LogReg,kappa,0.3846153846153846,2,chronological,48,12,64,1.590062141418457,f55965f07628,0d79a81a67b3,within_subject,0.3.0.dev0,2026-09-11T16:10:46,
Miller2019-imagery_basic,fp,im,Riemann HG TS + LogReg,accuracy,0.6666666666666666,2,chronological,48,12,64,1.590062141418457,f55965f07628,0d79a81a67b3,within_subject,0.3.0.dev0,2026-09-11T16:10:46,
Miller2019-imagery_basic,fp,im,Riemann HG TS + LogReg,balanced_accuracy,0.7777777777777778,2,chronological,48,12,64,1.590062141418457,f55965f07628,0d79a81a67b3,within_subject,0.3.0.dev0,2026-09-11T16:10:46,
Miller2019-imagery_basic,fp,im,Riemann HG TS + LogReg,kappa,0.5263157894736843,3,chronological,48,12,64,0.8344159126281738,f55965f07628,0d79a81a67b3,within_subject,0.3.0.dev0,2026-09-11T16:10:46,
Miller2019-imagery_basic,fp,im,Riemann HG TS + LogReg,accuracy,0.75,3,chronological,48,12,64,0.8344159126281738,f55965f07628,0d79a81a67b3,within_subject,0.3.0.dev0,2026-09-11T16:10:46,
Miller2019-imagery_basic,fp,im,Riemann HG TS + LogReg,balanced_accuracy,0.7857142857142857,3,chronological,48,12,64,0.8344159126281738,f55965f07628,0d79a81a67b3,within_subject,0.3.0.dev0,2026-09-11T16:10:46,
Miller2019-imagery_basic,fp,im,Riemann HG TS + LogReg,kappa,0.1666666666666666,4,chronological,48,12,64,0.7366440296173096,f55965f07628,0d79a81a67b3,within_subject,0.3.0.dev0,2026-09-11T16:10:46,
Miller2019-imagery_basic,fp,im,Riemann HG TS + LogReg,accuracy,0.5833333333333334,4,chronological,48,12,64,0.7366440296173096,f55965f07628,0d79a81a67b3,within_subject,0.3.0.dev0,2026-09-11T16:10:46,
Miller2019-imagery_basic,fp,im,Riemann HG TS + LogReg,balanced_accuracy,0.5833333333333334,4,chronological,48,12,64,0.7366440296173096,f55965f07628,0d79a81a67b3,within_subject,0.3.0.dev0,2026-09-11T16:10:46,
Miller2019-imagery_basic,hh,mot,Riemann HG TS + LogReg,kappa,1.0,0,chronological,48,12,48,0.4917540550231933,f55965f07628,0d79a81a67b3,within_subject,0.3.0.dev0,2026-09-11T16:11:06,
Miller2019-imagery_basic,hh,mot,Riemann HG TS + LogReg,accuracy,1.0,0,chronological,48,12,48,0.4917540550231933,f55965f07628,0d79a81a67b3,within_subject,0.3.0.dev0,2026-09-11T16:11:06,
Miller2019-imagery_basic,hh,mot,Riemann HG TS + LogReg,balanced_accuracy,1.0,0,chronological,48,12,48,0.4917540550231933,f55965f07628,0d79a81a67b3,within_subject,0.3.0.dev0,2026-09-11T16:11:06,
Miller2019-imagery_basic,hh,mot,Riemann HG TS + LogReg,kappa,0.6571428571428571,1,chronological,48,12,48,0.4944322109222412,f55965f07628,0d79a81a67b3,within_subject,0.3.0.dev0,2026-09-11T16:11:06,
Miller2019-imagery_basic,hh,mot,Riemann HG TS + LogReg,accuracy,0.8333333333333334,1,chronological,48,12,48,0.4944322109222412,f55965f07628,0d79a81a67b3,within_subject,0.3.0.dev0,2026-09-11T16:11:06,
Miller2019-imagery_basic,hh,mot,Riemann HG TS + LogReg,balanced_accuracy,0.8285714285714285,1,chronological,48,12,48,0.4944322109222412,f55965f07628,0d79a81a67b3,within_subject,0.3.0.dev0,2026-09-11T16:11:06,
Miller2019-imagery_basic,hh,mot,Riemann HG TS + LogReg,kappa,1.0,2,chronological,48,12,48,0.5847256183624268,f55965f07628,0d79a81a67b3,within_subject,0.3.0.dev0,2026-09-11T16:11:06,
Miller2019-imagery_basic,hh,mot,Riemann HG TS + LogReg,accuracy,1.0,2,chronological,48,12,48,0.5847256183624268,f55965f07628,0d79a81a67b3,within_subject,0.3.0.dev0,2026-09-11T16:11:06,
Miller2019-imagery_basic,hh,mot,Riemann HG TS + LogReg,balanced_accuracy,1.0,2,chronological,48,12,48,0.5847256183624268,f55965f07628,0d79a81a67b3,within_subject,0.3.0.dev0,2026-09-11T16:11:06,
Miller2019-imagery_basic,hh,mot,Riemann HG TS + LogReg,kappa,0.6571428571428571,3,chronological,48,12,48,0.5948448181152344,f55965f07628,0d79a81a67b3,within_subject,0.3.0.dev0,2026-09-11T16:11:06,
Miller2019-imagery_basic,hh,mot,Riemann HG TS + LogReg,accuracy,0.8333333333333334,3,chronological,48,12,48,0.5948448181152344,f55965f07628,0d79a81a67b3,within_subject,0.3.0.dev0,2026-09-11T16:11:06,
Miller2019-imagery_basic,hh,mot,Riemann HG TS + LogReg,balanced_accuracy,0.8285714285714285,3,chronological,48,12,48,0.5948448181152344,f55965f07628,0d79a81a67b3,within_subject,0.3.0.dev0,2026-09-11T16:11:06,
Miller2019-imagery_basic,hh,mot,Riemann HG TS + LogReg,kappa,0.5,4,chronological,48,12,48,0.5819311141967773,f55965f07628,0d79a81a67b3,within_subject,0.3.0.dev0,2026-09-11T16:11:06,
Miller2019-imagery_basic,hh,mot,Riemann HG TS + LogReg,accuracy,0.75,4,chronological,48,12,48,0.5819311141967773,f55965f07628,0d79a81a67b3,within_subject,0.3.0.dev0,2026-09-11T16:11:06,
Miller2019-imagery_basic,hh,mot,Riemann HG TS + LogReg,balanced_accuracy,0.8333333333333333,4,chronological,48,12,48,0.5819311141967773,f55965f07628,0d79a81a67b3,within_subject,0.3.0.dev0,2026-09-11T16:11:06,
Miller2019-imagery_basic,hh,im,Riemann HG TS + LogReg,kappa,0.8235294117647058,0,chronological,48,12,48,1.1674001216888428,f55965f07628,0d79a81a67b3,within_subject,0.3.0.dev0,2026-09-11T16:11:06,
Miller2019-imagery_basic,hh,im,Riemann HG TS + LogReg,accuracy,0.9166666666666666,0,chronological,48,12,48,1.1674001216888428,f55965f07628,0d79a81a67b3,within_subject,0.3.0.dev0,2026-09-11T16:11:06,
Miller2019-imagery_basic,hh,im,Riemann HG TS + LogReg,balanced_accuracy,0.9,0,chronological,48,12,48,1.1674001216888428,f55965f07628,0d79a81a67b3,within_subject,0.3.0.dev0,2026-09-11T16:11:06,
Miller2019-imagery_basic,hh,im,Riemann HG TS + LogReg,kappa,0.6666666666666667,1,chronological,48,12,48,0.7130928039550781,f55965f07628,0d79a81a67b3,within_subject,0.3.0.dev0,2026-09-11T16:11:06,
Miller2019-imagery_basic,hh,im,Riemann HG TS + LogReg,accuracy,0.8333333333333334,1,chronological,48,12,48,0.7130928039550781,f55965f07628,0d79a81a67b3,within_subject,0.3.0.dev0,2026-09-11T16:11:06,
Miller2019-imagery_basic,hh,im,Riemann HG TS + LogReg,balanced_accuracy,0.8333333333333334,1,chronological,48,12,48,0.7130928039550781,f55965f07628,0d79a81a67b3,within_subject,0.3.0.dev0,2026-09-11T16:11:06,
Miller2019-imagery_basic,hh,im,Riemann HG TS + LogReg,kappa,0.8333333333333334,2,chronological,48,12,48,0.4689702987670898,f55965f07628,0d79a81a67b3,within_subject,0.3.0.dev0,2026-09-11T16:11:06,
Miller2019-imagery_basic,hh,im,Riemann HG TS + LogReg,accuracy,0.9166666666666666,2,chronological,48,12,48,0.4689702987670898,f55965f07628,0d79a81a67b3,within_subject,0.3.0.dev0,2026-09-11T16:11:06,
Miller2019-imagery_basic,hh,im,Riemann HG TS + LogReg,balanced_accuracy,0.9166666666666669,2,chronological,48,12,48,0.4689702987670898,f55965f07628,0d79a81a67b3,within_subject,0.3.0.dev0,2026-09-11T16:11:06,
Miller2019-imagery_basic,hh,im,Riemann HG TS + LogReg,kappa,0.1666666666666666,3,chronological,48,12,48,0.7313051223754883,f55965f07628,0d79a81a67b3,within_subject,0.3.0.dev0,2026-09-11T16:11:06,
Miller2019-imagery_basic,hh,im,Riemann HG TS + LogReg,accuracy,0.5833333333333334,3,chronological,48,12,48,0.7313051223754883,f55965f07628,0d79a81a67b3,within_subject,0.3.0.dev0,2026-09-11T16:11:06,
Miller2019-imagery_basic,hh,im,Riemann HG TS + LogReg,balanced_accuracy,0.5857142857142856,3,chronological,48,12,48,0.7313051223754883,f55965f07628,0d79a81a67b3,within_subject,0.3.0.dev0,2026-09-11T16:11:06,
Miller2019-imagery_basic,hh,im,Riemann HG TS + LogReg,kappa,0.5,4,chronological,48,12,48,0.5234439373016357,f55965f07628,0d79a81a67b3,within_subject,0.3.0.dev0,2026-09-11T16:11:06,
Miller2019-imagery_basic,hh,im,Riemann HG TS + LogReg,accuracy,0.75,4,chronological,48,12,48,0.5234439373016357,f55965f07628,0d79a81a67b3,within_subject,0.3.0.dev0,2026-09-11T16:11:06,
Miller2019-imagery_basic,hh,im,Riemann HG TS + LogReg,balanced_accuracy,0.75,4,chronological,48,12,48,0.5234439373016357,f55965f07628,0d79a81a67b3,within_subject,0.3.0.dev0,2026-09-11T16:11:06,
Miller2019-imagery_basic,jc,mot,Riemann HG TS + LogReg,kappa,1.0,0,chronological,48,12,48,0.5004680156707764,f55965f07628,0d79a81a67b3,within_subject,0.3.0.dev0,2026-09-11T16:11:24,
Miller2019-imagery_basic,jc,mot,Riemann HG TS + LogReg,accuracy,1.0,0,chronological,48,12,48,0.5004680156707764,f55965f07628,0d79a81a67b3,within_subject,0.3.0.dev0,2026-09-11T16:11:24,
Miller2019-imagery_basic,jc,mot,Riemann HG TS + LogReg,balanced_accuracy,1.0,0,chronological,48,12,48,0.5004680156707764,f55965f07628,0d79a81a67b3,within_subject,0.3.0.dev0,2026-09-11T16:11:24,
Miller2019-imagery_basic,jc,mot,Riemann HG TS + LogReg,kappa,1.0,1,chronological,48,12,48,0.5122320652008057,f55965f07628,0d79a81a67b3,within_subject,0.3.0.dev0,2026-09-11T16:11:24,
Miller2019-imagery_basic,jc,mot,Riemann HG TS + LogReg,accuracy,1.0,1,chronological,48,12,48,0.5122320652008057,f55965f07628,0d79a81a67b3,within_subject,0.3.0.dev0,2026-09-11T16:11:24,
Miller2019-imagery_basic,jc,mot,Riemann HG TS + LogReg,balanced_accuracy,1.0,1,chronological,48,12,48,0.5122320652008057,f55965f07628,0d79a81a67b3,within_subject,0.3.0.dev0,2026-09-11T16:11:24,
Miller2019-imagery_basic,jc,mot,Riemann HG TS + LogReg,kappa,1.0,2,chronological,48,12,48,0.4996421337127685,f55965f07628,0d79a81a67b3,within_subject,0.3.0.dev0,2026-09-11T16:11:24,
Miller2019-imagery_basic,jc,mot,Riemann HG TS + LogReg,accuracy,1.0,2,chronological,48,12,48,0.4996421337127685,f55965f07628,0d79a81a67b3,within_subject,0.3.0.dev0,2026-09-11T16:11:24,
Miller2019-imagery_basic,jc,mot,Riemann HG TS + LogReg,balanced_accuracy,1.0,2,chronological,48,12,48,0.4996421337127685,f55965f07628,0d79a81a67b3,within_subject,0.3.0.dev0,2026-09-11T16:11:24,
Miller2019-imagery_basic,jc,mot,Riemann HG TS + LogReg,kappa,1.0,3,chronological,48,12,48,0.4965431690216064,f55965f07628,0d79a81a67b3,within_subject,0.3.0.dev0,2026-09-11T16:11:24,
Miller2019-imagery_basic,jc,mot,Riemann HG TS + LogReg,accuracy,1.0,3,chronological,48,12,48,0.4965431690216064,f55965f07628,0d79a81a67b3,within_subject,0.3.0.dev0,2026-09-11T16:11:24,
Miller2019-imagery_basic,jc,mot,Riemann HG TS + LogReg,balanced_accuracy,1.0,3,chronological,48,12,48,0.4965431690216064,f55965f07628,0d79a81a67b3,within_subject,0.3.0.dev0,2026-09-11T16:11:24,
Miller2019-imagery_basic,jc,mot,Riemann HG TS + LogReg,kappa,1.0,4,chronological,48,12,48,0.4969780445098877,f55965f07628,0d79a81a67b3,within_subject,0.3.0.dev0,2026-09-11T16:11:24,
Miller2019-imagery_basic,jc,mot,Riemann HG TS + LogReg,accuracy,1.0,4,chronological,48,12,48,0.4969780445098877,f55965f07628,0d79a81a67b3,within_subject,0.3.0.dev0,2026-09-11T16:11:24,
Miller2019-imagery_basic,jc,mot,Riemann HG TS + LogReg,balanced_accuracy,1.0,4,chronological,48,12,48,0.4969780445098877,f55965f07628,0d79a81a67b3,within_subject,0.3.0.dev0,2026-09-11T16:11:24,
Miller2019-imagery_basic,jc,im,Riemann HG TS + LogReg,kappa,1.0,0,chronological,48,12,48,0.4852240085601806,f55965f07628,0d79a81a67b3,within_subject,0.3.0.dev0,2026-09-11T16:11:24,
Miller2019-imagery_basic,jc,im,Riemann HG TS + LogReg,accuracy,1.0,0,chronological,48,12,48,0.4852240085601806,f55965f07628,0d79a81a67b3,within_subject,0.3.0.dev0,2026-09-11T16:11:24,
Miller2019-imagery_basic,jc,im,Riemann HG TS + LogReg,balanced_accuracy,1.0,0,chronological,48,12,48,0.4852240085601806,f55965f07628,0d79a81a67b3,within_subject,0.3.0.dev0,2026-09-11T16:11:24,
Miller2019-imagery_basic,jc,im,Riemann HG TS + LogReg,kappa,1.0,1,chronological,48,12,48,0.4849269390106201,f55965f07628,0d79a81a67b3,within_subject,0.3.0.dev0,2026-09-11T16:11:24,
Miller2019-imagery_basic,jc,im,Riemann HG TS + LogReg,accuracy,1.0,1,chronological,48,12,48,0.4849269390106201,f55965f07628,0d79a81a67b3,within_subject,0.3.0.dev0,2026-09-11T16:11:24,
Miller2019-imagery_basic,jc,im,Riemann HG TS + LogReg,balanced_accuracy,1.0,1,chronological,48,12,48,0.4849269390106201,f55965f07628,0d79a81a67b3,within_subject,0.3.0.dev0,2026-09-11T16:11:24,
Miller2019-imagery_basic,jc,im,Riemann HG TS + LogReg,kappa,0.75,2,chronological,48,12,48,0.5872790813446045,f55965f07628,0d79a81a67b3,within_subject,0.3.0.dev0,2026-09-11T16:11:24,
Miller2019-imagery_basic,jc,im,Riemann HG TS + LogReg,accuracy,0.9166666666666666,2,chronological,48,12,48,0.5872790813446045,f55965f07628,0d79a81a67b3,within_subject,0.3.0.dev0,2026-09-11T16:11:24,
Miller2019-imagery_basic,jc,im,Riemann HG TS + LogReg,balanced_accuracy,0.95,2,chronological,48,12,48,0.5872790813446045,f55965f07628,0d79a81a67b3,within_subject,0.3.0.dev0,2026-09-11T16:11:24,
Miller2019-imagery_basic,jc,im,Riemann HG TS + LogReg,kappa,0.6571428571428571,3,chronological,48,12,48,0.5444169044494629,f55965f07628,0d79a81a67b3,within_subject,0.3.0.dev0,2026-09-11T16:11:24,
Miller2019-imagery_basic,jc,im,Riemann HG TS + LogReg,accuracy,0.8333333333333334,3,chronological,48,12,48,0.5444169044494629,f55965f07628,0d79a81a67b3,within_subject,0.3.0.dev0,2026-09-11T16:11:24,
Miller2019-imagery_basic,jc,im,Riemann HG TS + LogReg,balanced_accuracy,0.8285714285714285,3,chronological,48,12,48,0.5444169044494629,f55965f07628,0d79a81a67b3,within_subject,0.3.0.dev0,2026-09-11T16:11:24,
Miller2019-imagery_basic,jc,im,Riemann HG TS + LogReg,kappa,0.6756756756756757,4,chronological,48,12,48,0.6827151775360107,f55965f07628,0d79a81a67b3,within_subject,0.3.0.dev0,2026-09-11T16:11:24,
Miller2019-imagery_basic,jc,im,Riemann HG TS + LogReg,accuracy,0.8333333333333334,4,chronological,48,12,48,0.6827151775360107,f55965f07628,0d79a81a67b3,within_subject,0.3.0.dev0,2026-09-11T16:11:24,
Miller2019-imagery_basic,jc,im,Riemann HG TS + LogReg,balanced_accuracy,0.8571428571428572,4,chronological,48,12,48,0.6827151775360107,f55965f07628,0d79a81a67b3,within_subject,0.3.0.dev0,2026-09-11T16:11:24,
Miller2019-imagery_basic,jm,mot,Riemann HG TS + LogReg,kappa,1.0,0,chronological,48,12,64,0.7434360980987549,f55965f07628,0d79a81a67b3,within_subject,0.3.0.dev0,2026-09-11T16:11:52,
Miller2019-imagery_basic,jm,mot,Riemann HG TS + LogReg,accuracy,1.0,0,chronological,48,12,64,0.7434360980987549,f55965f07628,0d79a81a67b3,within_subject,0.3.0.dev0,2026-09-11T16:11:52,
Miller2019-imagery_basic,jm,mot,Riemann HG TS + LogReg,balanced_accuracy,1.0,0,chronological,48,12,64,0.7434360980987549,f55965f07628,0d79a81a67b3,within_subject,0.3.0.dev0,2026-09-11T16:11:52,
Miller2019-imagery_basic,jm,mot,Riemann HG TS + LogReg,kappa,0.6756756756756757,1,chronological,48,12,64,0.7347798347473145,f55965f07628,0d79a81a67b3,within_subject,0.3.0.dev0,2026-09-11T16:11:52,
Miller2019-imagery_basic,jm,mot,Riemann HG TS + LogReg,accuracy,0.8333333333333334,1,chronological,48,12,64,0.7347798347473145,f55965f07628,0d79a81a67b3,within_subject,0.3.0.dev0,2026-09-11T16:11:52,
Miller2019-imagery_basic,jm,mot,Riemann HG TS + LogReg,balanced_accuracy,0.8571428571428572,1,chronological,48,12,64,0.7347798347473145,f55965f07628,0d79a81a67b3,within_subject,0.3.0.dev0,2026-09-11T16:11:52,
Miller2019-imagery_basic,jm,mot,Riemann HG TS + LogReg,kappa,1.0,2,chronological,48,12,64,0.7074401378631592,f55965f07628,0d79a81a67b3,within_subject,0.3.0.dev0,2026-09-11T16:11:52,
Miller2019-imagery_basic,jm,mot,Riemann HG TS + LogReg,accuracy,1.0,2,chronological,48,12,64,0.7074401378631592,f55965f07628,0d79a81a67b3,within_subject,0.3.0.dev0,2026-09-11T16:11:52,
Miller2019-imagery_basic,jm,mot,Riemann HG TS + LogReg,balanced_accuracy,1.0,2,chronological,48,12,64,0.7074401378631592,f55965f07628,0d79a81a67b3,within_subject,0.3.0.dev0,2026-09-11T16:11:52,
Miller2019-imagery_basic,jm,mot,Riemann HG TS + LogReg,kappa,0.8333333333333334,3,chronological,48,12,64,0.7229771614074707,f55965f07628,0d79a81a67b3,within_subject,0.3.0.dev0,2026-09-11T16:11:52,
Miller2019-imagery_basic,jm,mot,Riemann HG TS + LogReg,accuracy,0.9166666666666666,3,chronological,48,12,64,0.7229771614074707,f55965f07628,0d79a81a67b3,within_subject,0.3.0.dev0,2026-09-11T16:11:52,
Miller2019-imagery_basic,jm,mot,Riemann HG TS + LogReg,balanced_accuracy,0.9285714285714286,3,chronological,48,12,64,0.7229771614074707,f55965f07628,0d79a81a67b3,within_subject,0.3.0.dev0,2026-09-11T16:11:52,
Miller2019-imagery_basic,jm,mot,Riemann HG TS + LogReg,kappa,0.625,4,chronological,48,12,64,0.7123351097106934,f55965f07628,0d79a81a67b3,within_subject,0.3.0.dev0,2026-09-11T16:11:52,
Miller2019-imagery_basic,jm,mot,Riemann HG TS + LogReg,accuracy,0.8333333333333334,4,chronological,48,12,64,0.7123351097106934,f55965f07628,0d79a81a67b3,within_subject,0.3.0.dev0,2026-09-11T16:11:52,
Miller2019-imagery_basic,jm,mot,Riemann HG TS + LogReg,balanced_accuracy,0.8125,4,chronological,48,12,64,0.7123351097106934,f55965f07628,0d79a81a67b3,within_subject,0.3.0.dev0,2026-09-11T16:11:52,
Miller2019-imagery_basic,jm,im,Riemann HG TS + LogReg,kappa,-0.5,0,chronological,48,12,64,0.6989700794219971,f55965f07628,0d79a81a67b3,within_subject,0.3.0.dev0,2026-09-11T16:11:52,
Miller2019-imagery_basic,jm,im,Riemann HG TS + LogReg,accuracy,0.25,0,chronological,48,12,64,0.6989700794219971,f55965f07628,0d79a81a67b3,within_subject,0.3.0.dev0,2026-09-11T16:11:52,
Miller2019-imagery_basic,jm,im,Riemann HG TS + LogReg,balanced_accuracy,0.2428571428571428,0,chronological,48,12,64,0.6989700794219971,f55965f07628,0d79a81a67b3,within_subject,0.3.0.dev0,2026-09-11T16:11:52,
Miller2019-imagery_basic,jm,im,Riemann HG TS + LogReg,kappa,-0.0285714285714286,1,chronological,48,12,64,1.5298638343811035,f55965f07628,0d79a81a67b3,within_subject,0.3.0.dev0,2026-09-11T16:11:52,
Miller2019-imagery_basic,jm,im,Riemann HG TS + LogReg,accuracy,0.5,1,chronological,48,12,64,1.5298638343811035,f55965f07628,0d79a81a67b3,within_subject,0.3.0.dev0,2026-09-11T16:11:52,
Miller2019-imagery_basic,jm,im,Riemann HG TS + LogReg,balanced_accuracy,0.4857142857142857,1,chronological,48,12,64,1.5298638343811035,f55965f07628,0d79a81a67b3,within_subject,0.3.0.dev0,2026-09-11T16:11:52,
Miller2019-imagery_basic,jm,im,Riemann HG TS + LogReg,kappa,-0.1666666666666667,2,chronological,48,12,64,0.7506289482116699,f55965f07628,0d79a81a67b3,within_subject,0.3.0.dev0,2026-09-11T16:11:52,
Miller2019-imagery_basic,jm,im,Riemann HG TS + LogReg,accuracy,0.4166666666666667,2,chronological,48,12,64,0.7506289482116699,f55965f07628,0d79a81a67b3,within_subject,0.3.0.dev0,2026-09-11T16:11:52,
Miller2019-imagery_basic,jm,im,Riemann HG TS + LogReg,balanced_accuracy,0.4166666666666666,2,chronological,48,12,64,0.7506289482116699,f55965f07628,0d79a81a67b3,within_subject,0.3.0.dev0,2026-09-11T16:11:52,
Miller2019-imagery_basic,jm,im,Riemann HG TS + LogReg,kappa,0.5,3,chronological,48,12,64,0.8230130672454834,f55965f07628,0d79a81a67b3,within_subject,0.3.0.dev0,2026-09-11T16:11:52,
Miller2019-imagery_basic,jm,im,Riemann HG TS + LogReg,accuracy,0.75,3,chronological,48,12,64,0.8230130672454834,f55965f07628,0d79a81a67b3,within_subject,0.3.0.dev0,2026-09-11T16:11:52,
Miller2019-imagery_basic,jm,im,Riemann HG TS + LogReg,balanced_accuracy,0.75,3,chronological,48,12,64,0.8230130672454834,f55965f07628,0d79a81a67b3,within_subject,0.3.0.dev0,2026-09-11T16:11:52,
Miller2019-imagery_basic,jm,im,Riemann HG TS + LogReg,kappa,0.3333333333333333,4,chronological,48,12,64,0.8100030422210693,f55965f07628,0d79a81a67b3,within_subject,0.3.0.dev0,2026-09-11T16:11:52,
Miller2019-imagery_basic,jm,im,Riemann HG TS + LogReg,accuracy,0.6666666666666666,4,chronological,48,12,64,0.8100030422210693,f55965f07628,0d79a81a67b3,within_subject,0.3.0.dev0,2026-09-11T16:11:52,
Miller2019-imagery_basic,jm,im,Riemann HG TS + LogReg,balanced_accuracy,0.6666666666666667,4,chronological,48,12,64,0.8100030422210693,f55965f07628,0d79a81a67b3,within_subject,0.3.0.dev0,2026-09-11T16:11:52,
Miller2019-imagery_basic,rh,mot,Riemann HG TS + LogReg,kappa,0.8235294117647058,0,chronological,48,12,64,2.107537031173706,f55965f07628,0d79a81a67b3,within_subject,0.3.0.dev0,2026-09-11T16:12:23,
Miller2019-imagery_basic,rh,mot,Riemann HG TS + LogReg,accuracy,0.9166666666666666,0,chronological,48,12,64,2.107537031173706,f55965f07628,0d79a81a67b3,within_subject,0.3.0.dev0,2026-09-11T16:12:23,
Miller2019-imagery_basic,rh,mot,Riemann HG TS + LogReg,balanced_accuracy,0.9375,0,chronological,48,12,64,2.107537031173706,f55965f07628,0d79a81a67b3,within_subject,0.3.0.dev0,2026-09-11T16:12:23,
Miller2019-imagery_basic,rh,mot,Riemann HG TS + LogReg,kappa,0.6756756756756757,1,chronological,48,12,64,0.7679200172424316,f55965f07628,0d79a81a67b3,within_subject,0.3.0.dev0,2026-09-11T16:12:23,
Miller2019-imagery_basic,rh,mot,Riemann HG TS + LogReg,accuracy,0.8333333333333334,1,chronological,48,12,64,0.7679200172424316,f55965f07628,0d79a81a67b3,within_subject,0.3.0.dev0,2026-09-11T16:12:23,
Miller2019-imagery_basic,rh,mot,Riemann HG TS + LogReg,balanced_accuracy,0.8571428571428572,1,chronological,48,12,64,0.7679200172424316,f55965f07628,0d79a81a67b3,within_subject,0.3.0.dev0,2026-09-11T16:12:23,
Miller2019-imagery_basic,rh,mot,Riemann HG TS + LogReg,kappa,0.8,2,chronological,48,12,64,1.0057389736175537,f55965f07628,0d79a81a67b3,within_subject,0.3.0.dev0,2026-09-11T16:12:23,
Miller2019-imagery_basic,rh,mot,Riemann HG TS + LogReg,accuracy,0.9166666666666666,2,chronological,48,12,64,1.0057389736175537,f55965f07628,0d79a81a67b3,within_subject,0.3.0.dev0,2026-09-11T16:12:23,
Miller2019-imagery_basic,rh,mot,Riemann HG TS + LogReg,balanced_accuracy,0.9444444444444444,2,chronological,48,12,64,1.0057389736175537,f55965f07628,0d79a81a67b3,within_subject,0.3.0.dev0,2026-09-11T16:12:23,
Miller2019-imagery_basic,rh,mot,Riemann HG TS + LogReg,kappa,1.0,3,chronological,48,12,64,0.774341344833374,f55965f07628,0d79a81a67b3,within_subject,0.3.0.dev0,2026-09-11T16:12:23,
Miller2019-imagery_basic,rh,mot,Riemann HG TS + LogReg,accuracy,1.0,3,chronological,48,12,64,0.774341344833374,f55965f07628,0d79a81a67b3,within_subject,0.3.0.dev0,2026-09-11T16:12:23,
Miller2019-imagery_basic,rh,mot,Riemann HG TS + LogReg,balanced_accuracy,1.0,3,chronological,48,12,64,0.774341344833374,f55965f07628,0d79a81a67b3,within_subject,0.3.0.dev0,2026-09-11T16:12:23,
Miller2019-imagery_basic,rh,mot,Riemann HG TS + LogReg,kappa,0.6666666666666667,4,chronological,48,12,64,0.8394160270690918,f55965f07628,0d79a81a67b3,within_subject,0.3.0.dev0,2026-09-11T16:12:23,
Miller2019-imagery_basic,rh,mot,Riemann HG TS + LogReg,accuracy,0.8333333333333334,4,chronological,48,12,64,0.8394160270690918,f55965f07628,0d79a81a67b3,within_subject,0.3.0.dev0,2026-09-11T16:12:23,
Miller2019-imagery_basic,rh,mot,Riemann HG TS + LogReg,balanced_accuracy,0.8333333333333334,4,chronological,48,12,64,0.8394160270690918,f55965f07628,0d79a81a67b3,within_subject,0.3.0.dev0,2026-09-11T16:12:23,
Miller2019-imagery_basic,rh,im,Riemann HG TS + LogReg,kappa,0.2258064516129031,0,chronological,48,12,64,1.308525800704956,f55965f07628,0d79a81a67b3,within_subject,0.3.0.dev0,2026-09-11T16:12:23,
Miller2019-imagery_basic,rh,im,Riemann HG TS + LogReg,accuracy,0.6666666666666666,0,chronological,48,12,64,1.308525800704956,f55965f07628,0d79a81a67b3,within_subject,0.3.0.dev0,2026-09-11T16:12:23,
Miller2019-imagery_basic,rh,im,Riemann HG TS + LogReg,balanced_accuracy,0.6,0,chronological,48,12,64,1.308525800704956,f55965f07628,0d79a81a67b3,within_subject,0.3.0.dev0,2026-09-11T16:12:23,
Miller2019-imagery_basic,rh,im,Riemann HG TS + LogReg,kappa,0.0769230769230768,1,chronological,48,12,64,0.7979860305786133,f55965f07628,0d79a81a67b3,within_subject,0.3.0.dev0,2026-09-11T16:12:23,
Miller2019-imagery_basic,rh,im,Riemann HG TS + LogReg,accuracy,0.5,1,chronological,48,12,64,0.7979860305786133,f55965f07628,0d79a81a67b3,within_subject,0.3.0.dev0,2026-09-11T16:12:23,
Miller2019-imagery_basic,rh,im,Riemann HG TS + LogReg,balanced_accuracy,0.5428571428571429,1,chronological,48,12,64,0.7979860305786133,f55965f07628,0d79a81a67b3,within_subject,0.3.0.dev0,2026-09-11T16:12:23,
Miller2019-imagery_basic,rh,im,Riemann HG TS + LogReg,kappa,0.3846153846153846,2,chronological,48,12,64,0.8372349739074707,f55965f07628,0d79a81a67b3,within_subject,0.3.0.dev0,2026-09-11T16:12:23,
Miller2019-imagery_basic,rh,im,Riemann HG TS + LogReg,accuracy,0.6666666666666666,2,chronological,48,12,64,0.8372349739074707,f55965f07628,0d79a81a67b3,within_subject,0.3.0.dev0,2026-09-11T16:12:23,
Miller2019-imagery_basic,rh,im,Riemann HG TS + LogReg,balanced_accuracy,0.7142857142857143,2,chronological,48,12,64,0.8372349739074707,f55965f07628,0d79a81a67b3,within_subject,0.3.0.dev0,2026-09-11T16:12:23,
Miller2019-imagery_basic,rh,im,Riemann HG TS + LogReg,kappa,0.5,3,chronological,48,12,64,0.750481128692627,f55965f07628,0d79a81a67b3,within_subject,0.3.0.dev0,2026-09-11T16:12:23,
Miller2019-imagery_basic,rh,im,Riemann HG TS + LogReg,accuracy,0.75,3,chronological,48,12,64,0.750481128692627,f55965f07628,0d79a81a67b3,within_subject,0.3.0.dev0,2026-09-11T16:12:23,
Miller2019-imagery_basic,rh,im,Riemann HG TS + LogReg,balanced_accuracy,0.75,3,chronological,48,12,64,0.750481128692627,f55965f07628,0d79a81a67b3,within_subject,0.3.0.dev0,2026-09-11T16:12:23,
Miller2019-imagery_basic,rh,im,Riemann HG TS + LogReg,kappa,0.0625000000000001,4,chronological,48,12,64,0.7218730449676514,f55965f07628,0d79a81a67b3,within_subject,0.3.0.dev0,2026-09-11T16:12:23,
Miller2019-imagery_basic,rh,im,Riemann HG TS + LogReg,accuracy,0.5833333333333334,4,chronological,48,12,64,0.7218730449676514,f55965f07628,0d79a81a67b3,within_subject,0.3.0.dev0,2026-09-11T16:12:23,
Miller2019-imagery_basic,rh,im,Riemann HG TS + LogReg,balanced_accuracy,0.5285714285714286,4,chronological,48,12,64,0.7218730449676514,f55965f07628,0d79a81a67b3,within_subject,0.3.0.dev0,2026-09-11T16:12:23,
Miller2019-imagery_basic,rr,mot,Riemann HG TS + LogReg,kappa,1.0,0,chronological,48,12,64,0.8569660186767578,f55965f07628,0d79a81a67b3,within_subject,0.3.0.dev0,2026-09-11T16:12:56,
Miller2019-imagery_basic,rr,mot,Riemann HG TS + LogReg,accuracy,1.0,0,chronological,48,12,64,0.8569660186767578,f55965f07628,0d79a81a67b3,within_subject,0.3.0.dev0,2026-09-11T16:12:56,
Miller2019-imagery_basic,rr,mot,Riemann HG TS + LogReg,balanced_accuracy,1.0,0,chronological,48,12,64,0.8569660186767578,f55965f07628,0d79a81a67b3,within_subject,0.3.0.dev0,2026-09-11T16:12:56,
Miller2019-imagery_basic,rr,mot,Riemann HG TS + LogReg,kappa,1.0,1,chronological,48,12,64,0.7444307804107666,f55965f07628,0d79a81a67b3,within_subject,0.3.0.dev0,2026-09-11T16:12:56,
Miller2019-imagery_basic,rr,mot,Riemann HG TS + LogReg,accuracy,1.0,1,chronological,48,12,64,0.7444307804107666,f55965f07628,0d79a81a67b3,within_subject,0.3.0.dev0,2026-09-11T16:12:56,
Miller2019-imagery_basic,rr,mot,Riemann HG TS + LogReg,balanced_accuracy,1.0,1,chronological,48,12,64,0.7444307804107666,f55965f07628,0d79a81a67b3,within_subject,0.3.0.dev0,2026-09-11T16:12:56,
Miller2019-imagery_basic,rr,mot,Riemann HG TS + LogReg,kappa,1.0,2,chronological,48,12,64,0.7389490604400635,f55965f07628,0d79a81a67b3,within_subject,0.3.0.dev0,2026-09-11T16:12:56,
Miller2019-imagery_basic,rr,mot,Riemann HG TS + LogReg,accuracy,1.0,2,chronological,48,12,64,0.7389490604400635,f55965f07628,0d79a81a67b3,within_subject,0.3.0.dev0,2026-09-11T16:12:56,
Miller2019-imagery_basic,rr,mot,Riemann HG TS + LogReg,balanced_accuracy,1.0,2,chronological,48,12,64,0.7389490604400635,f55965f07628,0d79a81a67b3,within_subject,0.3.0.dev0,2026-09-11T16:12:56,
Miller2019-imagery_basic,rr,mot,Riemann HG TS + LogReg,kappa,1.0,3,chronological,48,12,64,0.734623908996582,f55965f07628,0d79a81a67b3,within_subject,0.3.0.dev0,2026-09-11T16:12:56,
Miller2019-imagery_basic,rr,mot,Riemann HG TS + LogReg,accuracy,1.0,3,chronological,48,12,64,0.734623908996582,f55965f07628,0d79a81a67b3,within_subject,0.3.0.dev0,2026-09-11T16:12:56,
Miller2019-imagery_basic,rr,mot,Riemann HG TS + LogReg,balanced_accuracy,1.0,3,chronological,48,12,64,0.734623908996582,f55965f07628,0d79a81a67b3,within_subject,0.3.0.dev0,2026-09-11T16:12:56,
Miller2019-imagery_basic,rr,mot,Riemann HG TS + LogReg,kappa,1.0,4,chronological,48,12,64,1.0682058334350586,f55965f07628,0d79a81a67b3,within_subject,0.3.0.dev0,2026-09-11T16:12:56,
Miller2019-imagery_basic,rr,mot,Riemann HG TS + LogReg,accuracy,1.0,4,chronological,48,12,64,1.0682058334350586,f55965f07628,0d79a81a67b3,within_subject,0.3.0.dev0,2026-09-11T16:12:56,
Miller2019-imagery_basic,rr,mot,Riemann HG TS + LogReg,balanced_accuracy,1.0,4,chronological,48,12,64,1.0682058334350586,f55965f07628,0d79a81a67b3,within_subject,0.3.0.dev0,2026-09-11T16:12:56,
Miller2019-imagery_basic,rr,im,Riemann HG TS + LogReg,kappa,0.3333333333333333,0,chronological,48,12,64,0.9117779731750488,f55965f07628,0d79a81a67b3,within_subject,0.3.0.dev0,2026-09-11T16:12:56,
Miller2019-imagery_basic,rr,im,Riemann HG TS + LogReg,accuracy,0.6666666666666666,0,chronological,48,12,64,0.9117779731750488,f55965f07628,0d79a81a67b3,within_subject,0.3.0.dev0,2026-09-11T16:12:56,
Miller2019-imagery_basic,rr,im,Riemann HG TS + LogReg,balanced_accuracy,0.6666666666666666,0,chronological,48,12,64,0.9117779731750488,f55965f07628,0d79a81a67b3,within_subject,0.3.0.dev0,2026-09-11T16:12:56,
Miller2019-imagery_basic,rr,im,Riemann HG TS + LogReg,kappa,0.3333333333333333,1,chronological,48,12,64,0.7069978713989258,f55965f07628,0d79a81a67b3,within_subject,0.3.0.dev0,2026-09-11T16:12:56,
Miller2019-imagery_basic,rr,im,Riemann HG TS + LogReg,accuracy,0.6666666666666666,1,chronological,48,12,64,0.7069978713989258,f55965f07628,0d79a81a67b3,within_subject,0.3.0.dev0,2026-09-11T16:12:56,
Miller2019-imagery_basic,rr,im,Riemann HG TS + LogReg,balanced_accuracy,0.6666666666666667,1,chronological,48,12,64,0.7069978713989258,f55965f07628,0d79a81a67b3,within_subject,0.3.0.dev0,2026-09-11T16:12:56,
Miller2019-imagery_basic,rr,im,Riemann HG TS + LogReg,kappa,0.3333333333333333,2,chronological,48,12,64,0.7163567543029785,f55965f07628,0d79a81a67b3,within_subject,0.3.0.dev0,2026-09-11T16:12:56,
Miller2019-imagery_basic,rr,im,Riemann HG TS + LogReg,accuracy,0.6666666666666666,2,chronological,48,12,64,0.7163567543029785,f55965f07628,0d79a81a67b3,within_subject,0.3.0.dev0,2026-09-11T16:12:56,
Miller2019-imagery_basic,rr,im,Riemann HG TS + LogReg,balanced_accuracy,0.6666666666666666,2,chronological,48,12,64,0.7163567543029785,f55965f07628,0d79a81a67b3,within_subject,0.3.0.dev0,2026-09-11T16:12:56,
Miller2019-imagery_basic,rr,im,Riemann HG TS + LogReg,kappa,0.0769230769230768,3,chronological,48,12,64,0.7448828220367432,f55965f07628,0d79a81a67b3,within_subject,0.3.0.dev0,2026-09-11T16:12:56,
Miller2019-imagery_basic,rr,im,Riemann HG TS + LogReg,accuracy,0.5,3,chronological,48,12,64,0.7448828220367432,f55965f07628,0d79a81a67b3,within_subject,0.3.0.dev0,2026-09-11T16:12:56,
Miller2019-imagery_basic,rr,im,Riemann HG TS + LogReg,balanced_accuracy,0.5428571428571429,3,chronological,48,12,64,0.7448828220367432,f55965f07628,0d79a81a67b3,within_subject,0.3.0.dev0,2026-09-11T16:12:56,
Miller2019-imagery_basic,rr,im,Riemann HG TS + LogReg,kappa,-0.2972972972972973,4,chronological,48,12,64,0.7120208740234375,f55965f07628,0d79a81a67b3,within_subject,0.3.0.dev0,2026-09-11T16:12:56,
Miller2019-imagery_basic,rr,im,Riemann HG TS + LogReg,accuracy,0.3333333333333333,4,chronological,48,12,64,0.7120208740234375,f55965f07628,0d79a81a67b3,within_subject,0.3.0.dev0,2026-09-11T16:12:56,
Miller2019-imagery_basic,rr,im,Riemann HG TS + LogReg,balanced_accuracy,0.3428571428571428,4,chronological,48,12,64,0.7120208740234375,f55965f07628,0d79a81a67b3,within_subject,0.3.0.dev0,2026-09-11T16:12:56,
Miller2019-imagery_basic,bp,mot,HighGamma + LDA,kappa,0.8333333333333334,0,learning_curve,5,12,46,0.0747182369232177,f0ad027786a9,0d79a81a67b3,learning_curve,0.3.0.dev0,2026-09-11T16:06:17,0.1
Miller2019-imagery_basic,bp,mot,HighGamma + LDA,accuracy,0.9166666666666666,0,learning_curve,5,12,46,0.0747182369232177,f0ad027786a9,0d79a81a67b3,learning_curve,0.3.0.dev0,2026-09-11T16:06:17,0.1
Miller2019-imagery_basic,bp,mot,HighGamma + LDA,balanced_accuracy,0.9166666666666669,0,learning_curve,5,12,46,0.0747182369232177,f0ad027786a9,0d79a81a67b3,learning_curve,0.3.0.dev0,2026-09-11T16:06:17,0.1
Miller2019-imagery_basic,bp,mot,LogBandPower + LDA,kappa,1.0,0,learning_curve,5,12,46,0.0481102466583251,ad4c2abc31c8,0d79a81a67b3,learning_curve,0.3.0.dev0,2026-09-11T16:06:17,0.1
Miller2019-imagery_basic,bp,mot,LogBandPower + LDA,accuracy,1.0,0,learning_curve,5,12,46,0.0481102466583251,ad4c2abc31c8,0d79a81a67b3,learning_curve,0.3.0.dev0,2026-09-11T16:06:17,0.1
Miller2019-imagery_basic,bp,mot,LogBandPower + LDA,balanced_accuracy,1.0,0,learning_curve,5,12,46,0.0481102466583251,ad4c2abc31c8,0d79a81a67b3,learning_curve,0.3.0.dev0,2026-09-11T16:06:17,0.1
Miller2019-imagery_basic,bp,mot,LogBandPower + LogReg,kappa,0.8333333333333334,0,learning_curve,5,12,46,0.0461428165435791,688f919f3ab0,0d79a81a67b3,learning_curve,0.3.0.dev0,2026-09-11T16:06:17,0.1
Miller2019-imagery_basic,bp,mot,LogBandPower + LogReg,accuracy,0.9166666666666666,0,learning_curve,5,12,46,0.0461428165435791,688f919f3ab0,0d79a81a67b3,learning_curve,0.3.0.dev0,2026-09-11T16:06:17,0.1
Miller2019-imagery_basic,bp,mot,LogBandPower + LogReg,balanced_accuracy,0.9166666666666669,0,learning_curve,5,12,46,0.0461428165435791,688f919f3ab0,0d79a81a67b3,learning_curve,0.3.0.dev0,2026-09-11T16:06:17,0.1
Miller2019-imagery_basic,bp,mot,Riemann HG TS + LogReg,kappa,0.0,0,learning_curve,5,12,46,0.134671926498413,f55965f07628,0d79a81a67b3,learning_curve,0.3.0.dev0,2026-09-11T16:06:17,0.1
Miller2019-imagery_basic,bp,mot,Riemann HG TS + LogReg,accuracy,0.5,0,learning_curve,5,12,46,0.134671926498413,f55965f07628,0d79a81a67b3,learning_curve,0.3.0.dev0,2026-09-11T16:06:17,0.1
Miller2019-imagery_basic,bp,mot,Riemann HG TS + LogReg,balanced_accuracy,0.5,0,learning_curve,5,12,46,0.134671926498413,f55965f07628,0d79a81a67b3,learning_curve,0.3.0.dev0,2026-09-11T16:06:17,0.1
Miller2019-imagery_basic,bp,mot,Riemann TS + LogReg,kappa,0.0,0,learning_curve,5,12,46,0.0552420616149902,b4736e60e22e,0d79a81a67b3,learning_curve,0.3.0.dev0,2026-09-11T16:06:17,0.1
Miller2019-imagery_basic,bp,mot,Riemann TS + LogReg,accuracy,0.5,0,learning_curve,5,12,46,0.0552420616149902,b4736e60e22e,0d79a81a67b3,learning_curve,0.3.0.dev0,2026-09-11T16:06:17,0.1
Miller2019-imagery_basic,bp,mot,Riemann TS + LogReg,balanced_accuracy,0.5,0,learning_curve,5,12,46,0.0552420616149902,b4736e60e22e,0d79a81a67b3,learning_curve,0.3.0.dev0,2026-09-11T16:06:17,0.1
Miller2019-imagery_basic,bp,mot,HighGamma + LDA,kappa,0.8333333333333334,0,learning_curve,12,12,46,0.0598108768463134,f0ad027786a9,0d79a81a67b3,learning_curve,0.3.0.dev0,2026-09-11T16:06:17,0.25
Miller2019-imagery_basic,bp,mot,HighGamma + LDA,accuracy,0.9166666666666666,0,learning_curve,12,12,46,0.0598108768463134,f0ad027786a9,0d79a81a67b3,learning_curve,0.3.0.dev0,2026-09-11T16:06:17,0.25
Miller2019-imagery_basic,bp,mot,HighGamma + LDA,balanced_accuracy,0.9166666666666669,0,learning_curve,12,12,46,0.0598108768463134,f0ad027786a9,0d79a81a67b3,learning_curve,0.3.0.dev0,2026-09-11T16:06:17,0.25
Miller2019-imagery_basic,bp,mot,LogBandPower + LDA,kappa,0.8333333333333334,0,learning_curve,12,12,46,0.0644671916961669,ad4c2abc31c8,0d79a81a67b3,learning_curve,0.3.0.dev0,2026-09-11T16:06:17,0.25
Miller2019-imagery_basic,bp,mot,LogBandPower + LDA,accuracy,0.9166666666666666,0,learning_curve,12,12,46,0.0644671916961669,ad4c2abc31c8,0d79a81a67b3,learning_curve,0.3.0.dev0,2026-09-11T16:06:17,0.25
Miller2019-imagery_basic,bp,mot,LogBandPower + LDA,balanced_accuracy,0.9166666666666669,0,learning_curve,12,12,46,0.0644671916961669,ad4c2abc31c8,0d79a81a67b3,learning_curve,0.3.0.dev0,2026-09-11T16:06:17,0.25
Miller2019-imagery_basic,bp,mot,LogBandPower + LogReg,kappa,0.8333333333333334,0,learning_curve,12,12,46,0.0587050914764404,688f919f3ab0,0d79a81a67b3,learning_curve,0.3.0.dev0,2026-09-11T16:06:17,0.25
Miller2019-imagery_basic,bp,mot,LogBandPower + LogReg,accuracy,0.9166666666666666,0,learning_curve,12,12,46,0.0587050914764404,688f919f3ab0,0d79a81a67b3,learning_curve,0.3.0.dev0,2026-09-11T16:06:17,0.25
Miller2019-imagery_basic,bp,mot,LogBandPower + LogReg,balanced_accuracy,0.9166666666666669,0,learning_curve,12,12,46,0.0587050914764404,688f919f3ab0,0d79a81a67b3,learning_curve,0.3.0.dev0,2026-09-11T16:06:17,0.25
Miller2019-imagery_basic,bp,mot,Riemann HG TS + LogReg,kappa,0.8333333333333334,0,learning_curve,12,12,46,0.1828100681304931,f55965f07628,0d79a81a67b3,learning_curve,0.3.0.dev0,2026-09-11T16:06:17,0.25
Miller2019-imagery_basic,bp,mot,Riemann HG TS + LogReg,accuracy,0.9166666666666666,0,learning_curve,12,12,46,0.1828100681304931,f55965f07628,0d79a81a67b3,learning_curve,0.3.0.dev0,2026-09-11T16:06:17,0.25
Miller2019-imagery_basic,bp,mot,Riemann HG TS + LogReg,balanced_accuracy,0.9166666666666669,0,learning_curve,12,12,46,0.1828100681304931,f55965f07628,0d79a81a67b3,learning_curve,0.3.0.dev0,2026-09-11T16:06:17,0.25
Miller2019-imagery_basic,bp,mot,Riemann TS + LogReg,kappa,0.0,0,learning_curve,12,12,46,0.0843050479888916,b4736e60e22e,0d79a81a67b3,learning_curve,0.3.0.dev0,2026-09-11T16:06:17,0.25
Miller2019-imagery_basic,bp,mot,Riemann TS + LogReg,accuracy,0.5,0,learning_curve,12,12,46,0.0843050479888916,b4736e60e22e,0d79a81a67b3,learning_curve,0.3.0.dev0,2026-09-11T16:06:17,0.25
Miller2019-imagery_basic,bp,mot,Riemann TS + LogReg,balanced_accuracy,0.5,0,learning_curve,12,12,46,0.0843050479888916,b4736e60e22e,0d79a81a67b3,learning_curve,0.3.0.dev0,2026-09-11T16:06:17,0.25
Miller2019-imagery_basic,bp,mot,HighGamma + LDA,kappa,0.8333333333333334,0,learning_curve,24,12,46,0.1045398712158203,f0ad027786a9,0d79a81a67b3,learning_curve,0.3.0.dev0,2026-09-11T16:06:17,0.5
Miller2019-imagery_basic,bp,mot,HighGamma + LDA,accuracy,0.9166666666666666,0,learning_curve,24,12,46,0.1045398712158203,f0ad027786a9,0d79a81a67b3,learning_curve,0.3.0.dev0,2026-09-11T16:06:17,0.5
Miller2019-imagery_basic,bp,mot,HighGamma + LDA,balanced_accuracy,0.9166666666666669,0,learning_curve,24,12,46,0.1045398712158203,f0ad027786a9,0d79a81a67b3,learning_curve,0.3.0.dev0,2026-09-11T16:06:17,0.5
Miller2019-imagery_basic,bp,mot,LogBandPower + LDA,kappa,0.8333333333333334,0,learning_curve,24,12,46,0.0987257957458496,ad4c2abc31c8,0d79a81a67b3,learning_curve,0.3.0.dev0,2026-09-11T16:06:17,0.5
Miller2019-imagery_basic,bp,mot,LogBandPower + LDA,accuracy,0.9166666666666666,0,learning_curve,24,12,46,0.0987257957458496,ad4c2abc31c8,0d79a81a67b3,learning_curve,0.3.0.dev0,2026-09-11T16:06:17,0.5
Miller2019-imagery_basic,bp,mot,LogBandPower + LDA,balanced_accuracy,0.9166666666666669,0,learning_curve,24,12,46,0.0987257957458496,ad4c2abc31c8,0d79a81a67b3,learning_curve,0.3.0.dev0,2026-09-11T16:06:17,0.5
Miller2019-imagery_basic,bp,mot,LogBandPower + LogReg,kappa,0.8333333333333334,0,learning_curve,24,12,46,0.0851681232452392,688f919f3ab0,0d79a81a67b3,learning_curve,0.3.0.dev0,2026-09-11T16:06:17,0.5
Miller2019-imagery_basic,bp,mot,LogBandPower + LogReg,accuracy,0.9166666666666666,0,learning_curve,24,12,46,0.0851681232452392,688f919f3ab0,0d79a81a67b3,learning_curve,0.3.0.dev0,2026-09-11T16:06:17,0.5
Miller2019-imagery_basic,bp,mot,LogBandPower + LogReg,balanced_accuracy,0.9166666666666669,0,learning_curve,24,12,46,0.0851681232452392,688f919f3ab0,0d79a81a67b3,learning_curve,0.3.0.dev0,2026-09-11T16:06:17,0.5
Miller2019-imagery_basic,bp,mot,Riemann HG TS + LogReg,kappa,0.8333333333333334,0,learning_curve,24,12,46,0.2830541133880615,f55965f07628,0d79a81a67b3,learning_curve,0.3.0.dev0,2026-09-11T16:06:17,0.5
Miller2019-imagery_basic,bp,mot,Riemann HG TS + LogReg,accuracy,0.9166666666666666,0,learning_curve,24,12,46,0.2830541133880615,f55965f07628,0d79a81a67b3,learning_curve,0.3.0.dev0,2026-09-11T16:06:17,0.5
Miller2019-imagery_basic,bp,mot,Riemann HG TS + LogReg,balanced_accuracy,0.9166666666666669,0,learning_curve,24,12,46,0.2830541133880615,f55965f07628,0d79a81a67b3,learning_curve,0.3.0.dev0,2026-09-11T16:06:17,0.5
Miller2019-imagery_basic,bp,mot,Riemann TS + LogReg,kappa,0.8333333333333334,0,learning_curve,24,12,46,0.1194958686828613,b4736e60e22e,0d79a81a67b3,learning_curve,0.3.0.dev0,2026-09-11T16:06:17,0.5
Miller2019-imagery_basic,bp,mot,Riemann TS + LogReg,accuracy,0.9166666666666666,0,learning_curve,24,12,46,0.1194958686828613,b4736e60e22e,0d79a81a67b3,learning_curve,0.3.0.dev0,2026-09-11T16:06:17,0.5
Miller2019-imagery_basic,bp,mot,Riemann TS + LogReg,balanced_accuracy,0.9166666666666669,0,learning_curve,24,12,46,0.1194958686828613,b4736e60e22e,0d79a81a67b3,learning_curve,0.3.0.dev0,2026-09-11T16:06:17,0.5
Miller2019-imagery_basic,bp,mot,HighGamma + LDA,kappa,0.8333333333333334,0,learning_curve,48,12,46,0.202894926071167,f0ad027786a9,0d79a81a67b3,learning_curve,0.3.0.dev0,2026-09-11T16:06:17,1.0
Miller2019-imagery_basic,bp,mot,HighGamma + LDA,accuracy,0.9166666666666666,0,learning_curve,48,12,46,0.202894926071167,f0ad027786a9,0d79a81a67b3,learning_curve,0.3.0.dev0,2026-09-11T16:06:17,1.0
Miller2019-imagery_basic,bp,mot,HighGamma + LDA,balanced_accuracy,0.9166666666666669,0,learning_curve,48,12,46,0.202894926071167,f0ad027786a9,0d79a81a67b3,learning_curve,0.3.0.dev0,2026-09-11T16:06:17,1.0
Miller2019-imagery_basic,bp,mot,LogBandPower + LDA,kappa,0.8333333333333334,0,learning_curve,48,12,46,0.1675589084625244,ad4c2abc31c8,0d79a81a67b3,learning_curve,0.3.0.dev0,2026-09-11T16:06:17,1.0
Miller2019-imagery_basic,bp,mot,LogBandPower + LDA,accuracy,0.9166666666666666,0,learning_curve,48,12,46,0.1675589084625244,ad4c2abc31c8,0d79a81a67b3,learning_curve,0.3.0.dev0,2026-09-11T16:06:17,1.0
Miller2019-imagery_basic,bp,mot,LogBandPower + LDA,balanced_accuracy,0.9166666666666669,0,learning_curve,48,12,46,0.1675589084625244,ad4c2abc31c8,0d79a81a67b3,learning_curve,0.3.0.dev0,2026-09-11T16:06:17,1.0
Miller2019-imagery_basic,bp,mot,LogBandPower + LogReg,kappa,0.8333333333333334,0,learning_curve,48,12,46,0.1634619235992431,688f919f3ab0,0d79a81a67b3,learning_curve,0.3.0.dev0,2026-09-11T16:06:17,1.0
Miller2019-imagery_basic,bp,mot,LogBandPower + LogReg,accuracy,0.9166666666666666,0,learning_curve,48,12,46,0.1634619235992431,688f919f3ab0,0d79a81a67b3,learning_curve,0.3.0.dev0,2026-09-11T16:06:17,1.0
Miller2019-imagery_basic,bp,mot,LogBandPower + LogReg,balanced_accuracy,0.9166666666666669,0,learning_curve,48,12,46,0.1634619235992431,688f919f3ab0,0d79a81a67b3,learning_curve,0.3.0.dev0,2026-09-11T16:06:17,1.0
Miller2019-imagery_basic,bp,mot,Riemann HG TS + LogReg,kappa,0.8333333333333334,0,learning_curve,48,12,46,0.4909191131591797,f55965f07628,0d79a81a67b3,learning_curve,0.3.0.dev0,2026-09-11T16:06:17,1.0
Miller2019-imagery_basic,bp,mot,Riemann HG TS + LogReg,accuracy,0.9166666666666666,0,learning_curve,48,12,46,0.4909191131591797,f55965f07628,0d79a81a67b3,learning_curve,0.3.0.dev0,2026-09-11T16:06:17,1.0
Miller2019-imagery_basic,bp,mot,Riemann HG TS + LogReg,balanced_accuracy,0.9166666666666669,0,learning_curve,48,12,46,0.4909191131591797,f55965f07628,0d79a81a67b3,learning_curve,0.3.0.dev0,2026-09-11T16:06:17,1.0
Miller2019-imagery_basic,bp,mot,Riemann TS + LogReg,kappa,1.0,0,learning_curve,48,12,46,0.2163770198822021,b4736e60e22e,0d79a81a67b3,learning_curve,0.3.0.dev0,2026-09-11T16:06:17,1.0
Miller2019-imagery_basic,bp,mot,Riemann TS + LogReg,accuracy,1.0,0,learning_curve,48,12,46,0.2163770198822021,b4736e60e22e,0d79a81a67b3,learning_curve,0.3.0.dev0,2026-09-11T16:06:17,1.0
Miller2019-imagery_basic,bp,mot,Riemann TS + LogReg,balanced_accuracy,1.0,0,learning_curve,48,12,46,0.2163770198822021,b4736e60e22e,0d79a81a67b3,learning_curve,0.3.0.dev0,2026-09-11T16:06:17,1.0
Miller2019-imagery_basic,bp,im,HighGamma + LDA,kappa,0.3333333333333333,0,learning_curve,5,12,46,0.0412878990173339,f0ad027786a9,0d79a81a67b3,learning_curve,0.3.0.dev0,2026-09-11T16:06:17,0.1
Miller2019-imagery_basic,bp,im,HighGamma + LDA,accuracy,0.6666666666666666,0,learning_curve,5,12,46,0.0412878990173339,f0ad027786a9,0d79a81a67b3,learning_curve,0.3.0.dev0,2026-09-11T16:06:17,0.1
Miller2019-imagery_basic,bp,im,HighGamma + LDA,balanced_accuracy,0.6666666666666667,0,learning_curve,5,12,46,0.0412878990173339,f0ad027786a9,0d79a81a67b3,learning_curve,0.3.0.dev0,2026-09-11T16:06:17,0.1
Miller2019-imagery_basic,bp,im,LogBandPower + LDA,kappa,0.3333333333333333,0,learning_curve,5,12,46,0.0458157062530517,ad4c2abc31c8,0d79a81a67b3,learning_curve,0.3.0.dev0,2026-09-11T16:06:17,0.1
Miller2019-imagery_basic,bp,im,LogBandPower + LDA,accuracy,0.6666666666666666,0,learning_curve,5,12,46,0.0458157062530517,ad4c2abc31c8,0d79a81a67b3,learning_curve,0.3.0.dev0,2026-09-11T16:06:17,0.1
Miller2019-imagery_basic,bp,im,LogBandPower + LDA,balanced_accuracy,0.6666666666666666,0,learning_curve,5,12,46,0.0458157062530517,ad4c2abc31c8,0d79a81a67b3,learning_curve,0.3.0.dev0,2026-09-11T16:06:17,0.1
Miller2019-imagery_basic,bp,im,LogBandPower + LogReg,kappa,0.1666666666666666,0,learning_curve,5,12,46,0.0434629917144775,688f919f3ab0,0d79a81a67b3,learning_curve,0.3.0.dev0,2026-09-11T16:06:17,0.1
Miller2019-imagery_basic,bp,im,LogBandPower + LogReg,accuracy,0.5833333333333334,0,learning_curve,5,12,46,0.0434629917144775,688f919f3ab0,0d79a81a67b3,learning_curve,0.3.0.dev0,2026-09-11T16:06:17,0.1
Miller2019-imagery_basic,bp,im,LogBandPower + LogReg,balanced_accuracy,0.5833333333333334,0,learning_curve,5,12,46,0.0434629917144775,688f919f3ab0,0d79a81a67b3,learning_curve,0.3.0.dev0,2026-09-11T16:06:17,0.1
Miller2019-imagery_basic,bp,im,Riemann HG TS + LogReg,kappa,0.0,0,learning_curve,5,12,46,0.126460313796997,f55965f07628,0d79a81a67b3,learning_curve,0.3.0.dev0,2026-09-11T16:06:17,0.1
Miller2019-imagery_basic,bp,im,Riemann HG TS + LogReg,accuracy,0.5,0,learning_curve,5,12,46,0.126460313796997,f55965f07628,0d79a81a67b3,learning_curve,0.3.0.dev0,2026-09-11T16:06:17,0.1
Miller2019-imagery_basic,bp,im,Riemann HG TS + LogReg,balanced_accuracy,0.5,0,learning_curve,5,12,46,0.126460313796997,f55965f07628,0d79a81a67b3,learning_curve,0.3.0.dev0,2026-09-11T16:06:17,0.1
Miller2019-imagery_basic,bp,im,Riemann TS + LogReg,kappa,0.0,0,learning_curve,5,12,46,0.054136037826538,b4736e60e22e,0d79a81a67b3,learning_curve,0.3.0.dev0,2026-09-11T16:06:17,0.1
Miller2019-imagery_basic,bp,im,Riemann TS + LogReg,accuracy,0.5,0,learning_curve,5,12,46,0.054136037826538,b4736e60e22e,0d79a81a67b3,learning_curve,0.3.0.dev0,2026-09-11T16:06:17,0.1
Miller2019-imagery_basic,bp,im,Riemann TS + LogReg,balanced_accuracy,0.5,0,learning_curve,5,12,46,0.054136037826538,b4736e60e22e,0d79a81a67b3,learning_curve,0.3.0.dev0,2026-09-11T16:06:17,0.1
Miller2019-imagery_basic,bp,im,HighGamma + LDA,kappa,0.0,0,learning_curve,12,12,46,0.0592350959777832,f0ad027786a9,0d79a81a67b3,learning_curve,0.3.0.dev0,2026-09-11T16:06:17,0.25
Miller2019-imagery_basic,bp,im,HighGamma + LDA,accuracy,0.5,0,learning_curve,12,12,46,0.0592350959777832,f0ad027786a9,0d79a81a67b3,learning_curve,0.3.0.dev0,2026-09-11T16:06:17,0.25
Miller2019-imagery_basic,bp,im,HighGamma + LDA,balanced_accuracy,0.5,0,learning_curve,12,12,46,0.0592350959777832,f0ad027786a9,0d79a81a67b3,learning_curve,0.3.0.dev0,2026-09-11T16:06:17,0.25
Miller2019-imagery_basic,bp,im,LogBandPower + LDA,kappa,0.0,0,learning_curve,12,12,46,0.063162088394165,ad4c2abc31c8,0d79a81a67b3,learning_curve,0.3.0.dev0,2026-09-11T16:06:17,0.25
Miller2019-imagery_basic,bp,im,LogBandPower + LDA,accuracy,0.5,0,learning_curve,12,12,46,0.063162088394165,ad4c2abc31c8,0d79a81a67b3,learning_curve,0.3.0.dev0,2026-09-11T16:06:17,0.25
Miller2019-imagery_basic,bp,im,LogBandPower + LDA,balanced_accuracy,0.5,0,learning_curve,12,12,46,0.063162088394165,ad4c2abc31c8,0d79a81a67b3,learning_curve,0.3.0.dev0,2026-09-11T16:06:17,0.25
Miller2019-imagery_basic,bp,im,LogBandPower + LogReg,kappa,0.0,0,learning_curve,12,12,46,0.0619609355926513,688f919f3ab0,0d79a81a67b3,learning_curve,0.3.0.dev0,2026-09-11T16:06:17,0.25
Miller2019-imagery_basic,bp,im,LogBandPower + LogReg,accuracy,0.5,0,learning_curve,12,12,46,0.0619609355926513,688f919f3ab0,0d79a81a67b3,learning_curve,0.3.0.dev0,2026-09-11T16:06:17,0.25
Miller2019-imagery_basic,bp,im,LogBandPower + LogReg,balanced_accuracy,0.5,0,learning_curve,12,12,46,0.0619609355926513,688f919f3ab0,0d79a81a67b3,learning_curve,0.3.0.dev0,2026-09-11T16:06:17,0.25
Miller2019-imagery_basic,bp,im,Riemann HG TS + LogReg,kappa,0.5,0,learning_curve,12,12,46,0.1816339492797851,f55965f07628,0d79a81a67b3,learning_curve,0.3.0.dev0,2026-09-11T16:06:17,0.25
Miller2019-imagery_basic,bp,im,Riemann HG TS + LogReg,accuracy,0.75,0,learning_curve,12,12,46,0.1816339492797851,f55965f07628,0d79a81a67b3,learning_curve,0.3.0.dev0,2026-09-11T16:06:17,0.25
Miller2019-imagery_basic,bp,im,Riemann HG TS + LogReg,balanced_accuracy,0.75,0,learning_curve,12,12,46,0.1816339492797851,f55965f07628,0d79a81a67b3,learning_curve,0.3.0.dev0,2026-09-11T16:06:17,0.25
Miller2019-imagery_basic,bp,im,Riemann TS + LogReg,kappa,0.0,0,learning_curve,12,12,46,0.0792908668518066,b4736e60e22e,0d79a81a67b3,learning_curve,0.3.0.dev0,2026-09-11T16:06:17,0.25
Miller2019-imagery_basic,bp,im,Riemann TS + LogReg,accuracy,0.5,0,learning_curve,12,12,46,0.0792908668518066,b4736e60e22e,0d79a81a67b3,learning_curve,0.3.0.dev0,2026-09-11T16:06:17,0.25
Miller2019-imagery_basic,bp,im,Riemann TS + LogReg,balanced_accuracy,0.5,0,learning_curve,12,12,46,0.0792908668518066,b4736e60e22e,0d79a81a67b3,learning_curve,0.3.0.dev0,2026-09-11T16:06:17,0.25
Miller2019-imagery_basic,bp,im,HighGamma + LDA,kappa,0.0,0,learning_curve,24,12,46,0.0920782089233398,f0ad027786a9,0d79a81a67b3,learning_curve,0.3.0.dev0,2026-09-11T16:06:17,0.5
Miller2019-imagery_basic,bp,im,HighGamma + LDA,accuracy,0.5,0,learning_curve,24,12,46,0.0920782089233398,f0ad027786a9,0d79a81a67b3,learning_curve,0.3.0.dev0,2026-09-11T16:06:17,0.5
Miller2019-imagery_basic,bp,im,HighGamma + LDA,balanced_accuracy,0.5,0,learning_curve,24,12,46,0.0920782089233398,f0ad027786a9,0d79a81a67b3,learning_curve,0.3.0.dev0,2026-09-11T16:06:17,0.5
Miller2019-imagery_basic,bp,im,LogBandPower + LDA,kappa,-0.1666666666666667,0,learning_curve,24,12,46,0.0988709926605224,ad4c2abc31c8,0d79a81a67b3,learning_curve,0.3.0.dev0,2026-09-11T16:06:17,0.5
Miller2019-imagery_basic,bp,im,LogBandPower + LDA,accuracy,0.4166666666666667,0,learning_curve,24,12,46,0.0988709926605224,ad4c2abc31c8,0d79a81a67b3,learning_curve,0.3.0.dev0,2026-09-11T16:06:17,0.5
Miller2019-imagery_basic,bp,im,LogBandPower + LDA,balanced_accuracy,0.4166666666666666,0,learning_curve,24,12,46,0.0988709926605224,ad4c2abc31c8,0d79a81a67b3,learning_curve,0.3.0.dev0,2026-09-11T16:06:17,0.5
Miller2019-imagery_basic,bp,im,LogBandPower + LogReg,kappa,-0.1666666666666667,0,learning_curve,24,12,46,0.0927932262420654,688f919f3ab0,0d79a81a67b3,learning_curve,0.3.0.dev0,2026-09-11T16:06:17,0.5
Miller2019-imagery_basic,bp,im,LogBandPower + LogReg,accuracy,0.4166666666666667,0,learning_curve,24,12,46,0.0927932262420654,688f919f3ab0,0d79a81a67b3,learning_curve,0.3.0.dev0,2026-09-11T16:06:17,0.5
Miller2019-imagery_basic,bp,im,LogBandPower + LogReg,balanced_accuracy,0.4166666666666666,0,learning_curve,24,12,46,0.0927932262420654,688f919f3ab0,0d79a81a67b3,learning_curve,0.3.0.dev0,2026-09-11T16:06:17,0.5
Miller2019-imagery_basic,bp,im,Riemann HG TS + LogReg,kappa,0.3333333333333333,0,learning_curve,24,12,46,0.2653408050537109,f55965f07628,0d79a81a67b3,learning_curve,0.3.0.dev0,2026-09-11T16:06:17,0.5
Miller2019-imagery_basic,bp,im,Riemann HG TS + LogReg,accuracy,0.6666666666666666,0,learning_curve,24,12,46,0.2653408050537109,f55965f07628,0d79a81a67b3,learning_curve,0.3.0.dev0,2026-09-11T16:06:17,0.5
Miller2019-imagery_basic,bp,im,Riemann HG TS + LogReg,balanced_accuracy,0.6666666666666666,0,learning_curve,24,12,46,0.2653408050537109,f55965f07628,0d79a81a67b3,learning_curve,0.3.0.dev0,2026-09-11T16:06:17,0.5
Miller2019-imagery_basic,bp,im,Riemann TS + LogReg,kappa,-0.1666666666666667,0,learning_curve,24,12,46,0.1270070075988769,b4736e60e22e,0d79a81a67b3,learning_curve,0.3.0.dev0,2026-09-11T16:06:17,0.5
Miller2019-imagery_basic,bp,im,Riemann TS + LogReg,accuracy,0.4166666666666667,0,learning_curve,24,12,46,0.1270070075988769,b4736e60e22e,0d79a81a67b3,learning_curve,0.3.0.dev0,2026-09-11T16:06:17,0.5
Miller2019-imagery_basic,bp,im,Riemann TS + LogReg,balanced_accuracy,0.4166666666666667,0,learning_curve,24,12,46,0.1270070075988769,b4736e60e22e,0d79a81a67b3,learning_curve,0.3.0.dev0,2026-09-11T16:06:17,0.5
Miller2019-imagery_basic,bp,im,HighGamma + LDA,kappa,0.6666666666666667,0,learning_curve,48,12,46,0.166532278060913,f0ad027786a9,0d79a81a67b3,learning_curve,0.3.0.dev0,2026-09-11T16:06:17,1.0
Miller2019-imagery_basic,bp,im,HighGamma + LDA,accuracy,0.8333333333333334,0,learning_curve,48,12,46,0.166532278060913,f0ad027786a9,0d79a81a67b3,learning_curve,0.3.0.dev0,2026-09-11T16:06:17,1.0
Miller2019-imagery_basic,bp,im,HighGamma + LDA,balanced_accuracy,0.8333333333333333,0,learning_curve,48,12,46,0.166532278060913,f0ad027786a9,0d79a81a67b3,learning_curve,0.3.0.dev0,2026-09-11T16:06:17,1.0
Miller2019-imagery_basic,bp,im,LogBandPower + LDA,kappa,0.8333333333333334,0,learning_curve,48,12,46,0.1632111072540283,ad4c2abc31c8,0d79a81a67b3,learning_curve,0.3.0.dev0,2026-09-11T16:06:17,1.0
Miller2019-imagery_basic,bp,im,LogBandPower + LDA,accuracy,0.9166666666666666,0,learning_curve,48,12,46,0.1632111072540283,ad4c2abc31c8,0d79a81a67b3,learning_curve,0.3.0.dev0,2026-09-11T16:06:17,1.0
Miller2019-imagery_basic,bp,im,LogBandPower + LDA,balanced_accuracy,0.9166666666666669,0,learning_curve,48,12,46,0.1632111072540283,ad4c2abc31c8,0d79a81a67b3,learning_curve,0.3.0.dev0,2026-09-11T16:06:17,1.0
Miller2019-imagery_basic,bp,im,LogBandPower + LogReg,kappa,0.6666666666666667,0,learning_curve,48,12,46,0.1562039852142334,688f919f3ab0,0d79a81a67b3,learning_curve,0.3.0.dev0,2026-09-11T16:06:17,1.0
Miller2019-imagery_basic,bp,im,LogBandPower + LogReg,accuracy,0.8333333333333334,0,learning_curve,48,12,46,0.1562039852142334,688f919f3ab0,0d79a81a67b3,learning_curve,0.3.0.dev0,2026-09-11T16:06:17,1.0
Miller2019-imagery_basic,bp,im,LogBandPower + LogReg,balanced_accuracy,0.8333333333333334,0,learning_curve,48,12,46,0.1562039852142334,688f919f3ab0,0d79a81a67b3,learning_curve,0.3.0.dev0,2026-09-11T16:06:17,1.0
Miller2019-imagery_basic,bp,im,Riemann HG TS + LogReg,kappa,0.5,0,learning_curve,48,12,46,0.4570398330688476,f55965f07628,0d79a81a67b3,learning_curve,0.3.0.dev0,2026-09-11T16:06:17,1.0
Miller2019-imagery_basic,bp,im,Riemann HG TS + LogReg,accuracy,0.75,0,learning_curve,48,12,46,0.4570398330688476,f55965f07628,0d79a81a67b3,learning_curve,0.3.0.dev0,2026-09-11T16:06:17,1.0
Miller2019-imagery_basic,bp,im,Riemann HG TS + LogReg,balanced_accuracy,0.75,0,learning_curve,48,12,46,0.4570398330688476,f55965f07628,0d79a81a67b3,learning_curve,0.3.0.dev0,2026-09-11T16:06:17,1.0
Miller2019-imagery_basic,bp,im,Riemann TS + LogReg,kappa,0.0,0,learning_curve,48,12,46,0.2263867855072021,b4736e60e22e,0d79a81a67b3,learning_curve,0.3.0.dev0,2026-09-11T16:06:17,1.0
Miller2019-imagery_basic,bp,im,Riemann TS + LogReg,accuracy,0.5,0,learning_curve,48,12,46,0.2263867855072021,b4736e60e22e,0d79a81a67b3,learning_curve,0.3.0.dev0,2026-09-11T16:06:17,1.0
Miller2019-imagery_basic,bp,im,Riemann TS + LogReg,balanced_accuracy,0.5,0,learning_curve,48,12,46,0.2263867855072021,b4736e60e22e,0d79a81a67b3,learning_curve,0.3.0.dev0,2026-09-11T16:06:17,1.0
Miller2019-imagery_basic,fp,mot,HighGamma + LDA,kappa,0.0,0,learning_curve,5,12,64,0.0672571659088134,f0ad027786a9,0d79a81a67b3,learning_curve,0.3.0.dev0,2026-09-11T16:06:28,0.1
Miller2019-imagery_basic,fp,mot,HighGamma + LDA,accuracy,0.3333333333333333,0,learning_curve,5,12,64,0.0672571659088134,f0ad027786a9,0d79a81a67b3,learning_curve,0.3.0.dev0,2026-09-11T16:06:28,0.1
Miller2019-imagery_basic,fp,mot,HighGamma + LDA,balanced_accuracy,0.5,0,learning_curve,5,12,64,0.0672571659088134,f0ad027786a9,0d79a81a67b3,learning_curve,0.3.0.dev0,2026-09-11T16:06:28,0.1
Miller2019-imagery_basic,fp,mot,LogBandPower + LDA,kappa,0.0,0,learning_curve,5,12,64,0.067746877670288,ad4c2abc31c8,0d79a81a67b3,learning_curve,0.3.0.dev0,2026-09-11T16:06:28,0.1
Miller2019-imagery_basic,fp,mot,LogBandPower + LDA,accuracy,0.3333333333333333,0,learning_curve,5,12,64,0.067746877670288,ad4c2abc31c8,0d79a81a67b3,learning_curve,0.3.0.dev0,2026-09-11T16:06:28,0.1
Miller2019-imagery_basic,fp,mot,LogBandPower + LDA,balanced_accuracy,0.5,0,learning_curve,5,12,64,0.067746877670288,ad4c2abc31c8,0d79a81a67b3,learning_curve,0.3.0.dev0,2026-09-11T16:06:28,0.1
Miller2019-imagery_basic,fp,mot,LogBandPower + LogReg,kappa,0.0,0,learning_curve,5,12,64,0.0565621852874755,688f919f3ab0,0d79a81a67b3,learning_curve,0.3.0.dev0,2026-09-11T16:06:28,0.1
Miller2019-imagery_basic,fp,mot,LogBandPower + LogReg,accuracy,0.3333333333333333,0,learning_curve,5,12,64,0.0565621852874755,688f919f3ab0,0d79a81a67b3,learning_curve,0.3.0.dev0,2026-09-11T16:06:28,0.1
Miller2019-imagery_basic,fp,mot,LogBandPower + LogReg,balanced_accuracy,0.5,0,learning_curve,5,12,64,0.0565621852874755,688f919f3ab0,0d79a81a67b3,learning_curve,0.3.0.dev0,2026-09-11T16:06:28,0.1
Miller2019-imagery_basic,fp,mot,Riemann HG TS + LogReg,kappa,0.6666666666666667,0,learning_curve,5,12,64,0.1881439685821533,f55965f07628,0d79a81a67b3,learning_curve,0.3.0.dev0,2026-09-11T16:06:28,0.1
Miller2019-imagery_basic,fp,mot,Riemann HG TS + LogReg,accuracy,0.8333333333333334,0,learning_curve,5,12,64,0.1881439685821533,f55965f07628,0d79a81a67b3,learning_curve,0.3.0.dev0,2026-09-11T16:06:28,0.1
Miller2019-imagery_basic,fp,mot,Riemann HG TS + LogReg,balanced_accuracy,0.875,0,learning_curve,5,12,64,0.1881439685821533,f55965f07628,0d79a81a67b3,learning_curve,0.3.0.dev0,2026-09-11T16:06:28,0.1
Miller2019-imagery_basic,fp,mot,Riemann TS + LogReg,kappa,0.0869565217391303,0,learning_curve,5,12,64,0.0855917930603027,b4736e60e22e,0d79a81a67b3,learning_curve,0.3.0.dev0,2026-09-11T16:06:28,0.1
Miller2019-imagery_basic,fp,mot,Riemann TS + LogReg,accuracy,0.4166666666666667,0,learning_curve,5,12,64,0.0855917930603027,b4736e60e22e,0d79a81a67b3,learning_curve,0.3.0.dev0,2026-09-11T16:06:28,0.1
Miller2019-imagery_basic,fp,mot,Riemann TS + LogReg,balanced_accuracy,0.5625,0,learning_curve,5,12,64,0.0855917930603027,b4736e60e22e,0d79a81a67b3,learning_curve,0.3.0.dev0,2026-09-11T16:06:28,0.1
Miller2019-imagery_basic,fp,mot,HighGamma + LDA,kappa,0.5263157894736843,0,learning_curve,12,12,64,0.0783421993255615,f0ad027786a9,0d79a81a67b3,learning_curve,0.3.0.dev0,2026-09-11T16:06:28,0.25
Miller2019-imagery_basic,fp,mot,HighGamma + LDA,accuracy,0.75,0,learning_curve,12,12,64,0.0783421993255615,f0ad027786a9,0d79a81a67b3,learning_curve,0.3.0.dev0,2026-09-11T16:06:28,0.25
Miller2019-imagery_basic,fp,mot,HighGamma + LDA,balanced_accuracy,0.8125,0,learning_curve,12,12,64,0.0783421993255615,f0ad027786a9,0d79a81a67b3,learning_curve,0.3.0.dev0,2026-09-11T16:06:28,0.25
Miller2019-imagery_basic,fp,mot,LogBandPower + LDA,kappa,0.0,0,learning_curve,12,12,64,0.0933461189270019,ad4c2abc31c8,0d79a81a67b3,learning_curve,0.3.0.dev0,2026-09-11T16:06:28,0.25
Miller2019-imagery_basic,fp,mot,LogBandPower + LDA,accuracy,0.3333333333333333,0,learning_curve,12,12,64,0.0933461189270019,ad4c2abc31c8,0d79a81a67b3,learning_curve,0.3.0.dev0,2026-09-11T16:06:28,0.25
Miller2019-imagery_basic,fp,mot,LogBandPower + LDA,balanced_accuracy,0.5,0,learning_curve,12,12,64,0.0933461189270019,ad4c2abc31c8,0d79a81a67b3,learning_curve,0.3.0.dev0,2026-09-11T16:06:28,0.25
Miller2019-imagery_basic,fp,mot,LogBandPower + LogReg,kappa,0.0,0,learning_curve,12,12,64,0.082413911819458,688f919f3ab0,0d79a81a67b3,learning_curve,0.3.0.dev0,2026-09-11T16:06:28,0.25
Miller2019-imagery_basic,fp,mot,LogBandPower + LogReg,accuracy,0.3333333333333333,0,learning_curve,12,12,64,0.082413911819458,688f919f3ab0,0d79a81a67b3,learning_curve,0.3.0.dev0,2026-09-11T16:06:28,0.25
Miller2019-imagery_basic,fp,mot,LogBandPower + LogReg,balanced_accuracy,0.5,0,learning_curve,12,12,64,0.082413911819458,688f919f3ab0,0d79a81a67b3,learning_curve,0.3.0.dev0,2026-09-11T16:06:28,0.25
Miller2019-imagery_basic,fp,mot,Riemann HG TS + LogReg,kappa,0.8235294117647058,0,learning_curve,12,12,64,0.2752461433410644,f55965f07628,0d79a81a67b3,learning_curve,0.3.0.dev0,2026-09-11T16:06:28,0.25
Miller2019-imagery_basic,fp,mot,Riemann HG TS + LogReg,accuracy,0.9166666666666666,0,learning_curve,12,12,64,0.2752461433410644,f55965f07628,0d79a81a67b3,learning_curve,0.3.0.dev0,2026-09-11T16:06:28,0.25
Miller2019-imagery_basic,fp,mot,Riemann HG TS + LogReg,balanced_accuracy,0.9375,0,learning_curve,12,12,64,0.2752461433410644,f55965f07628,0d79a81a67b3,learning_curve,0.3.0.dev0,2026-09-11T16:06:28,0.25
Miller2019-imagery_basic,fp,mot,Riemann TS + LogReg,kappa,0.6666666666666667,0,learning_curve,12,12,64,0.1386382579803466,b4736e60e22e,0d79a81a67b3,learning_curve,0.3.0.dev0,2026-09-11T16:06:28,0.25
Miller2019-imagery_basic,fp,mot,Riemann TS + LogReg,accuracy,0.8333333333333334,0,learning_curve,12,12,64,0.1386382579803466,b4736e60e22e,0d79a81a67b3,learning_curve,0.3.0.dev0,2026-09-11T16:06:28,0.25
Miller2019-imagery_basic,fp,mot,Riemann TS + LogReg,balanced_accuracy,0.875,0,learning_curve,12,12,64,0.1386382579803466,b4736e60e22e,0d79a81a67b3,learning_curve,0.3.0.dev0,2026-09-11T16:06:28,0.25
Miller2019-imagery_basic,fp,mot,HighGamma + LDA,kappa,0.6666666666666667,0,learning_curve,24,12,64,0.134415864944458,f0ad027786a9,0d79a81a67b3,learning_curve,0.3.0.dev0,2026-09-11T16:06:28,0.5
Miller2019-imagery_basic,fp,mot,HighGamma + LDA,accuracy,0.8333333333333334,0,learning_curve,24,12,64,0.134415864944458,f0ad027786a9,0d79a81a67b3,learning_curve,0.3.0.dev0,2026-09-11T16:06:28,0.5
Miller2019-imagery_basic,fp,mot,HighGamma + LDA,balanced_accuracy,0.875,0,learning_curve,24,12,64,0.134415864944458,f0ad027786a9,0d79a81a67b3,learning_curve,0.3.0.dev0,2026-09-11T16:06:28,0.5
Miller2019-imagery_basic,fp,mot,LogBandPower + LDA,kappa,0.5263157894736843,0,learning_curve,24,12,64,0.1419200897216797,ad4c2abc31c8,0d79a81a67b3,learning_curve,0.3.0.dev0,2026-09-11T16:06:28,0.5
Miller2019-imagery_basic,fp,mot,LogBandPower + LDA,accuracy,0.75,0,learning_curve,24,12,64,0.1419200897216797,ad4c2abc31c8,0d79a81a67b3,learning_curve,0.3.0.dev0,2026-09-11T16:06:28,0.5
Miller2019-imagery_basic,fp,mot,LogBandPower + LDA,balanced_accuracy,0.8125,0,learning_curve,24,12,64,0.1419200897216797,ad4c2abc31c8,0d79a81a67b3,learning_curve,0.3.0.dev0,2026-09-11T16:06:28,0.5
Miller2019-imagery_basic,fp,mot,LogBandPower + LogReg,kappa,0.5263157894736843,0,learning_curve,24,12,64,0.1297130584716797,688f919f3ab0,0d79a81a67b3,learning_curve,0.3.0.dev0,2026-09-11T16:06:28,0.5
Miller2019-imagery_basic,fp,mot,LogBandPower + LogReg,accuracy,0.75,0,learning_curve,24,12,64,0.1297130584716797,688f919f3ab0,0d79a81a67b3,learning_curve,0.3.0.dev0,2026-09-11T16:06:28,0.5
Miller2019-imagery_basic,fp,mot,LogBandPower + LogReg,balanced_accuracy,0.8125,0,learning_curve,24,12,64,0.1297130584716797,688f919f3ab0,0d79a81a67b3,learning_curve,0.3.0.dev0,2026-09-11T16:06:28,0.5
Miller2019-imagery_basic,fp,mot,Riemann HG TS + LogReg,kappa,0.6666666666666667,0,learning_curve,24,12,64,0.4383280277252197,f55965f07628,0d79a81a67b3,learning_curve,0.3.0.dev0,2026-09-11T16:06:28,0.5
Miller2019-imagery_basic,fp,mot,Riemann HG TS + LogReg,accuracy,0.8333333333333334,0,learning_curve,24,12,64,0.4383280277252197,f55965f07628,0d79a81a67b3,learning_curve,0.3.0.dev0,2026-09-11T16:06:28,0.5
Miller2019-imagery_basic,fp,mot,Riemann HG TS + LogReg,balanced_accuracy,0.875,0,learning_curve,24,12,64,0.4383280277252197,f55965f07628,0d79a81a67b3,learning_curve,0.3.0.dev0,2026-09-11T16:06:28,0.5
Miller2019-imagery_basic,fp,mot,Riemann TS + LogReg,kappa,0.5263157894736843,0,learning_curve,24,12,64,0.2827329635620117,b4736e60e22e,0d79a81a67b3,learning_curve,0.3.0.dev0,2026-09-11T16:06:28,0.5
Miller2019-imagery_basic,fp,mot,Riemann TS + LogReg,accuracy,0.75,0,learning_curve,24,12,64,0.2827329635620117,b4736e60e22e,0d79a81a67b3,learning_curve,0.3.0.dev0,2026-09-11T16:06:28,0.5
Miller2019-imagery_basic,fp,mot,Riemann TS + LogReg,balanced_accuracy,0.8125,0,learning_curve,24,12,64,0.2827329635620117,b4736e60e22e,0d79a81a67b3,learning_curve,0.3.0.dev0,2026-09-11T16:06:28,0.5
Miller2019-imagery_basic,fp,mot,HighGamma + LDA,kappa,0.6666666666666667,0,learning_curve,48,12,64,0.3137538433074951,f0ad027786a9,0d79a81a67b3,learning_curve,0.3.0.dev0,2026-09-11T16:06:28,1.0
Miller2019-imagery_basic,fp,mot,HighGamma + LDA,accuracy,0.8333333333333334,0,learning_curve,48,12,64,0.3137538433074951,f0ad027786a9,0d79a81a67b3,learning_curve,0.3.0.dev0,2026-09-11T16:06:28,1.0
Miller2019-imagery_basic,fp,mot,HighGamma + LDA,balanced_accuracy,0.875,0,learning_curve,48,12,64,0.3137538433074951,f0ad027786a9,0d79a81a67b3,learning_curve,0.3.0.dev0,2026-09-11T16:06:28,1.0
Miller2019-imagery_basic,fp,mot,LogBandPower + LDA,kappa,0.6666666666666667,0,learning_curve,48,12,64,0.2671940326690674,ad4c2abc31c8,0d79a81a67b3,learning_curve,0.3.0.dev0,2026-09-11T16:06:28,1.0
Miller2019-imagery_basic,fp,mot,LogBandPower + LDA,accuracy,0.8333333333333334,0,learning_curve,48,12,64,0.2671940326690674,ad4c2abc31c8,0d79a81a67b3,learning_curve,0.3.0.dev0,2026-09-11T16:06:28,1.0
Miller2019-imagery_basic,fp,mot,LogBandPower + LDA,balanced_accuracy,0.875,0,learning_curve,48,12,64,0.2671940326690674,ad4c2abc31c8,0d79a81a67b3,learning_curve,0.3.0.dev0,2026-09-11T16:06:28,1.0
Miller2019-imagery_basic,fp,mot,LogBandPower + LogReg,kappa,0.5263157894736843,0,learning_curve,48,12,64,0.2464189529418945,688f919f3ab0,0d79a81a67b3,learning_curve,0.3.0.dev0,2026-09-11T16:06:28,1.0
Miller2019-imagery_basic,fp,mot,LogBandPower + LogReg,accuracy,0.75,0,learning_curve,48,12,64,0.2464189529418945,688f919f3ab0,0d79a81a67b3,learning_curve,0.3.0.dev0,2026-09-11T16:06:28,1.0
Miller2019-imagery_basic,fp,mot,LogBandPower + LogReg,balanced_accuracy,0.8125,0,learning_curve,48,12,64,0.2464189529418945,688f919f3ab0,0d79a81a67b3,learning_curve,0.3.0.dev0,2026-09-11T16:06:28,1.0
Miller2019-imagery_basic,fp,mot,Riemann HG TS + LogReg,kappa,0.6666666666666667,0,learning_curve,48,12,64,0.7515981197357178,f55965f07628,0d79a81a67b3,learning_curve,0.3.0.dev0,2026-09-11T16:06:28,1.0
Miller2019-imagery_basic,fp,mot,Riemann HG TS + LogReg,accuracy,0.8333333333333334,0,learning_curve,48,12,64,0.7515981197357178,f55965f07628,0d79a81a67b3,learning_curve,0.3.0.dev0,2026-09-11T16:06:28,1.0
Miller2019-imagery_basic,fp,mot,Riemann HG TS + LogReg,balanced_accuracy,0.875,0,learning_curve,48,12,64,0.7515981197357178,f55965f07628,0d79a81a67b3,learning_curve,0.3.0.dev0,2026-09-11T16:06:28,1.0
Miller2019-imagery_basic,fp,mot,Riemann TS + LogReg,kappa,0.6666666666666667,0,learning_curve,48,12,64,0.4642829895019531,b4736e60e22e,0d79a81a67b3,learning_curve,0.3.0.dev0,2026-09-11T16:06:28,1.0
Miller2019-imagery_basic,fp,mot,Riemann TS + LogReg,accuracy,0.8333333333333334,0,learning_curve,48,12,64,0.4642829895019531,b4736e60e22e,0d79a81a67b3,learning_curve,0.3.0.dev0,2026-09-11T16:06:28,1.0
Miller2019-imagery_basic,fp,mot,Riemann TS + LogReg,balanced_accuracy,0.875,0,learning_curve,48,12,64,0.4642829895019531,b4736e60e22e,0d79a81a67b3,learning_curve,0.3.0.dev0,2026-09-11T16:06:28,1.0
Miller2019-imagery_basic,fp,im,HighGamma + LDA,kappa,0.3333333333333333,0,learning_curve,5,12,64,0.0543329715728759,f0ad027786a9,0d79a81a67b3,learning_curve,0.3.0.dev0,2026-09-11T16:06:28,0.1
Miller2019-imagery_basic,fp,im,HighGamma + LDA,accuracy,0.6666666666666666,0,learning_curve,5,12,64,0.0543329715728759,f0ad027786a9,0d79a81a67b3,learning_curve,0.3.0.dev0,2026-09-11T16:06:28,0.1
Miller2019-imagery_basic,fp,im,HighGamma + LDA,balanced_accuracy,0.6666666666666666,0,learning_curve,5,12,64,0.0543329715728759,f0ad027786a9,0d79a81a67b3,learning_curve,0.3.0.dev0,2026-09-11T16:06:28,0.1
Miller2019-imagery_basic,fp,im,LogBandPower + LDA,kappa,0.3333333333333333,0,learning_curve,5,12,64,0.0658578872680664,ad4c2abc31c8,0d79a81a67b3,learning_curve,0.3.0.dev0,2026-09-11T16:06:28,0.1
Miller2019-imagery_basic,fp,im,LogBandPower + LDA,accuracy,0.6666666666666666,0,learning_curve,5,12,64,0.0658578872680664,ad4c2abc31c8,0d79a81a67b3,learning_curve,0.3.0.dev0,2026-09-11T16:06:28,0.1
Miller2019-imagery_basic,fp,im,LogBandPower + LDA,balanced_accuracy,0.6666666666666666,0,learning_curve,5,12,64,0.0658578872680664,ad4c2abc31c8,0d79a81a67b3,learning_curve,0.3.0.dev0,2026-09-11T16:06:28,0.1
Miller2019-imagery_basic,fp,im,LogBandPower + LogReg,kappa,0.3333333333333333,0,learning_curve,5,12,64,0.0554320812225341,688f919f3ab0,0d79a81a67b3,learning_curve,0.3.0.dev0,2026-09-11T16:06:28,0.1
Miller2019-imagery_basic,fp,im,LogBandPower + LogReg,accuracy,0.6666666666666666,0,learning_curve,5,12,64,0.0554320812225341,688f919f3ab0,0d79a81a67b3,learning_curve,0.3.0.dev0,2026-09-11T16:06:28,0.1
Miller2019-imagery_basic,fp,im,LogBandPower + LogReg,balanced_accuracy,0.6666666666666666,0,learning_curve,5,12,64,0.0554320812225341,688f919f3ab0,0d79a81a67b3,learning_curve,0.3.0.dev0,2026-09-11T16:06:28,0.1
Miller2019-imagery_basic,fp,im,Riemann HG TS + LogReg,kappa,0.0,0,learning_curve,5,12,64,0.1782948970794677,f55965f07628,0d79a81a67b3,learning_curve,0.3.0.dev0,2026-09-11T16:06:28,0.1
Miller2019-imagery_basic,fp,im,Riemann HG TS + LogReg,accuracy,0.5,0,learning_curve,5,12,64,0.1782948970794677,f55965f07628,0d79a81a67b3,learning_curve,0.3.0.dev0,2026-09-11T16:06:28,0.1
Miller2019-imagery_basic,fp,im,Riemann HG TS + LogReg,balanced_accuracy,0.5,0,learning_curve,5,12,64,0.1782948970794677,f55965f07628,0d79a81a67b3,learning_curve,0.3.0.dev0,2026-09-11T16:06:28,0.1
Miller2019-imagery_basic,fp,im,Riemann TS + LogReg,kappa,0.0,0,learning_curve,5,12,64,0.0813817977905273,b4736e60e22e,0d79a81a67b3,learning_curve,0.3.0.dev0,2026-09-11T16:06:28,0.1
Miller2019-imagery_basic,fp,im,Riemann TS + LogReg,accuracy,0.5,0,learning_curve,5,12,64,0.0813817977905273,b4736e60e22e,0d79a81a67b3,learning_curve,0.3.0.dev0,2026-09-11T16:06:28,0.1
Miller2019-imagery_basic,fp,im,Riemann TS + LogReg,balanced_accuracy,0.5,0,learning_curve,5,12,64,0.0813817977905273,b4736e60e22e,0d79a81a67b3,learning_curve,0.3.0.dev0,2026-09-11T16:06:28,0.1
Miller2019-imagery_basic,fp,im,HighGamma + LDA,kappa,0.5,0,learning_curve,12,12,64,0.076841115951538,f0ad027786a9,0d79a81a67b3,learning_curve,0.3.0.dev0,2026-09-11T16:06:28,0.25
Miller2019-imagery_basic,fp,im,HighGamma + LDA,accuracy,0.75,0,learning_curve,12,12,64,0.076841115951538,f0ad027786a9,0d79a81a67b3,learning_curve,0.3.0.dev0,2026-09-11T16:06:28,0.25
Miller2019-imagery_basic,fp,im,HighGamma + LDA,balanced_accuracy,0.75,0,learning_curve,12,12,64,0.076841115951538,f0ad027786a9,0d79a81a67b3,learning_curve,0.3.0.dev0,2026-09-11T16:06:28,0.25
Miller2019-imagery_basic,fp,im,LogBandPower + LDA,kappa,0.3333333333333333,0,learning_curve,12,12,64,0.0892548561096191,ad4c2abc31c8,0d79a81a67b3,learning_curve,0.3.0.dev0,2026-09-11T16:06:28,0.25
Miller2019-imagery_basic,fp,im,LogBandPower + LDA,accuracy,0.6666666666666666,0,learning_curve,12,12,64,0.0892548561096191,ad4c2abc31c8,0d79a81a67b3,learning_curve,0.3.0.dev0,2026-09-11T16:06:28,0.25
Miller2019-imagery_basic,fp,im,LogBandPower + LDA,balanced_accuracy,0.6666666666666666,0,learning_curve,12,12,64,0.0892548561096191,ad4c2abc31c8,0d79a81a67b3,learning_curve,0.3.0.dev0,2026-09-11T16:06:28,0.25
Miller2019-imagery_basic,fp,im,LogBandPower + LogReg,kappa,0.5,0,learning_curve,12,12,64,0.0794973373413086,688f919f3ab0,0d79a81a67b3,learning_curve,0.3.0.dev0,2026-09-11T16:06:28,0.25
Miller2019-imagery_basic,fp,im,LogBandPower + LogReg,accuracy,0.75,0,learning_curve,12,12,64,0.0794973373413086,688f919f3ab0,0d79a81a67b3,learning_curve,0.3.0.dev0,2026-09-11T16:06:28,0.25
Miller2019-imagery_basic,fp,im,LogBandPower + LogReg,balanced_accuracy,0.75,0,learning_curve,12,12,64,0.0794973373413086,688f919f3ab0,0d79a81a67b3,learning_curve,0.3.0.dev0,2026-09-11T16:06:28,0.25
Miller2019-imagery_basic,fp,im,Riemann HG TS + LogReg,kappa,0.5,0,learning_curve,12,12,64,0.2755782604217529,f55965f07628,0d79a81a67b3,learning_curve,0.3.0.dev0,2026-09-11T16:06:28,0.25
Miller2019-imagery_basic,fp,im,Riemann HG TS + LogReg,accuracy,0.75,0,learning_curve,12,12,64,0.2755782604217529,f55965f07628,0d79a81a67b3,learning_curve,0.3.0.dev0,2026-09-11T16:06:28,0.25
Miller2019-imagery_basic,fp,im,Riemann HG TS + LogReg,balanced_accuracy,0.75,0,learning_curve,12,12,64,0.2755782604217529,f55965f07628,0d79a81a67b3,learning_curve,0.3.0.dev0,2026-09-11T16:06:28,0.25
Miller2019-imagery_basic,fp,im,Riemann TS + LogReg,kappa,0.0,0,learning_curve,12,12,64,0.1357970237731933,b4736e60e22e,0d79a81a67b3,learning_curve,0.3.0.dev0,2026-09-11T16:06:28,0.25
Miller2019-imagery_basic,fp,im,Riemann TS + LogReg,accuracy,0.5,0,learning_curve,12,12,64,0.1357970237731933,b4736e60e22e,0d79a81a67b3,learning_curve,0.3.0.dev0,2026-09-11T16:06:28,0.25
Miller2019-imagery_basic,fp,im,Riemann TS + LogReg,balanced_accuracy,0.5,0,learning_curve,12,12,64,0.1357970237731933,b4736e60e22e,0d79a81a67b3,learning_curve,0.3.0.dev0,2026-09-11T16:06:28,0.25
Miller2019-imagery_basic,fp,im,HighGamma + LDA,kappa,0.6666666666666667,0,learning_curve,24,12,64,0.1284458637237548,f0ad027786a9,0d79a81a67b3,learning_curve,0.3.0.dev0,2026-09-11T16:06:28,0.5
Miller2019-imagery_basic,fp,im,HighGamma + LDA,accuracy,0.8333333333333334,0,learning_curve,24,12,64,0.1284458637237548,f0ad027786a9,0d79a81a67b3,learning_curve,0.3.0.dev0,2026-09-11T16:06:28,0.5
Miller2019-imagery_basic,fp,im,HighGamma + LDA,balanced_accuracy,0.8333333333333333,0,learning_curve,24,12,64,0.1284458637237548,f0ad027786a9,0d79a81a67b3,learning_curve,0.3.0.dev0,2026-09-11T16:06:28,0.5
Miller2019-imagery_basic,fp,im,LogBandPower + LDA,kappa,0.8333333333333334,0,learning_curve,24,12,64,0.1420753002166748,ad4c2abc31c8,0d79a81a67b3,learning_curve,0.3.0.dev0,2026-09-11T16:06:28,0.5
Miller2019-imagery_basic,fp,im,LogBandPower + LDA,accuracy,0.9166666666666666,0,learning_curve,24,12,64,0.1420753002166748,ad4c2abc31c8,0d79a81a67b3,learning_curve,0.3.0.dev0,2026-09-11T16:06:28,0.5
Miller2019-imagery_basic,fp,im,LogBandPower + LDA,balanced_accuracy,0.9166666666666669,0,learning_curve,24,12,64,0.1420753002166748,ad4c2abc31c8,0d79a81a67b3,learning_curve,0.3.0.dev0,2026-09-11T16:06:28,0.5
Miller2019-imagery_basic,fp,im,LogBandPower + LogReg,kappa,0.6666666666666667,0,learning_curve,24,12,64,0.1244869232177734,688f919f3ab0,0d79a81a67b3,learning_curve,0.3.0.dev0,2026-09-11T16:06:28,0.5
Miller2019-imagery_basic,fp,im,LogBandPower + LogReg,accuracy,0.8333333333333334,0,learning_curve,24,12,64,0.1244869232177734,688f919f3ab0,0d79a81a67b3,learning_curve,0.3.0.dev0,2026-09-11T16:06:28,0.5
Miller2019-imagery_basic,fp,im,LogBandPower + LogReg,balanced_accuracy,0.8333333333333334,0,learning_curve,24,12,64,0.1244869232177734,688f919f3ab0,0d79a81a67b3,learning_curve,0.3.0.dev0,2026-09-11T16:06:28,0.5
Miller2019-imagery_basic,fp,im,Riemann HG TS + LogReg,kappa,0.6666666666666667,0,learning_curve,24,12,64,0.4196312427520752,f55965f07628,0d79a81a67b3,learning_curve,0.3.0.dev0,2026-09-11T16:06:28,0.5
Miller2019-imagery_basic,fp,im,Riemann HG TS + LogReg,accuracy,0.8333333333333334,0,learning_curve,24,12,64,0.4196312427520752,f55965f07628,0d79a81a67b3,learning_curve,0.3.0.dev0,2026-09-11T16:06:28,0.5
Miller2019-imagery_basic,fp,im,Riemann HG TS + LogReg,balanced_accuracy,0.8333333333333333,0,learning_curve,24,12,64,0.4196312427520752,f55965f07628,0d79a81a67b3,learning_curve,0.3.0.dev0,2026-09-11T16:06:28,0.5
Miller2019-imagery_basic,fp,im,Riemann TS + LogReg,kappa,0.1666666666666666,0,learning_curve,24,12,64,0.2236449718475341,b4736e60e22e,0d79a81a67b3,learning_curve,0.3.0.dev0,2026-09-11T16:06:28,0.5
Miller2019-imagery_basic,fp,im,Riemann TS + LogReg,accuracy,0.5833333333333334,0,learning_curve,24,12,64,0.2236449718475341,b4736e60e22e,0d79a81a67b3,learning_curve,0.3.0.dev0,2026-09-11T16:06:28,0.5
Miller2019-imagery_basic,fp,im,Riemann TS + LogReg,balanced_accuracy,0.5833333333333334,0,learning_curve,24,12,64,0.2236449718475341,b4736e60e22e,0d79a81a67b3,learning_curve,0.3.0.dev0,2026-09-11T16:06:28,0.5
Miller2019-imagery_basic,fp,im,HighGamma + LDA,kappa,0.5,0,learning_curve,48,12,64,0.268320083618164,f0ad027786a9,0d79a81a67b3,learning_curve,0.3.0.dev0,2026-09-11T16:06:28,1.0
Miller2019-imagery_basic,fp,im,HighGamma + LDA,accuracy,0.75,0,learning_curve,48,12,64,0.268320083618164,f0ad027786a9,0d79a81a67b3,learning_curve,0.3.0.dev0,2026-09-11T16:06:28,1.0
Miller2019-imagery_basic,fp,im,HighGamma + LDA,balanced_accuracy,0.75,0,learning_curve,48,12,64,0.268320083618164,f0ad027786a9,0d79a81a67b3,learning_curve,0.3.0.dev0,2026-09-11T16:06:28,1.0
Miller2019-imagery_basic,fp,im,LogBandPower + LDA,kappa,0.3333333333333333,0,learning_curve,48,12,64,0.2621619701385498,ad4c2abc31c8,0d79a81a67b3,learning_curve,0.3.0.dev0,2026-09-11T16:06:28,1.0
Miller2019-imagery_basic,fp,im,LogBandPower + LDA,accuracy,0.6666666666666666,0,learning_curve,48,12,64,0.2621619701385498,ad4c2abc31c8,0d79a81a67b3,learning_curve,0.3.0.dev0,2026-09-11T16:06:28,1.0
Miller2019-imagery_basic,fp,im,LogBandPower + LDA,balanced_accuracy,0.6666666666666667,0,learning_curve,48,12,64,0.2621619701385498,ad4c2abc31c8,0d79a81a67b3,learning_curve,0.3.0.dev0,2026-09-11T16:06:28,1.0
Miller2019-imagery_basic,fp,im,LogBandPower + LogReg,kappa,0.1666666666666666,0,learning_curve,48,12,64,0.24965500831604,688f919f3ab0,0d79a81a67b3,learning_curve,0.3.0.dev0,2026-09-11T16:06:28,1.0
Miller2019-imagery_basic,fp,im,LogBandPower + LogReg,accuracy,0.5833333333333334,0,learning_curve,48,12,64,0.24965500831604,688f919f3ab0,0d79a81a67b3,learning_curve,0.3.0.dev0,2026-09-11T16:06:28,1.0
Miller2019-imagery_basic,fp,im,LogBandPower + LogReg,balanced_accuracy,0.5833333333333333,0,learning_curve,48,12,64,0.24965500831604,688f919f3ab0,0d79a81a67b3,learning_curve,0.3.0.dev0,2026-09-11T16:06:28,1.0
Miller2019-imagery_basic,fp,im,Riemann HG TS + LogReg,kappa,0.1666666666666666,0,learning_curve,48,12,64,0.7390460968017578,f55965f07628,0d79a81a67b3,learning_curve,0.3.0.dev0,2026-09-11T16:06:28,1.0
Miller2019-imagery_basic,fp,im,Riemann HG TS + LogReg,accuracy,0.5833333333333334,0,learning_curve,48,12,64,0.7390460968017578,f55965f07628,0d79a81a67b3,learning_curve,0.3.0.dev0,2026-09-11T16:06:28,1.0
Miller2019-imagery_basic,fp,im,Riemann HG TS + LogReg,balanced_accuracy,0.5833333333333334,0,learning_curve,48,12,64,0.7390460968017578,f55965f07628,0d79a81a67b3,learning_curve,0.3.0.dev0,2026-09-11T16:06:28,1.0
Miller2019-imagery_basic,fp,im,Riemann TS + LogReg,kappa,0.5,0,learning_curve,48,12,64,0.3860118389129638,b4736e60e22e,0d79a81a67b3,learning_curve,0.3.0.dev0,2026-09-11T16:06:28,1.0
Miller2019-imagery_basic,fp,im,Riemann TS + LogReg,accuracy,0.75,0,learning_curve,48,12,64,0.3860118389129638,b4736e60e22e,0d79a81a67b3,learning_curve,0.3.0.dev0,2026-09-11T16:06:28,1.0
Miller2019-imagery_basic,fp,im,Riemann TS + LogReg,balanced_accuracy,0.75,0,learning_curve,48,12,64,0.3860118389129638,b4736e60e22e,0d79a81a67b3,learning_curve,0.3.0.dev0,2026-09-11T16:06:28,1.0
Miller2019-imagery_basic,hh,mot,HighGamma + LDA,kappa,-0.1666666666666667,0,learning_curve,5,12,48,0.0493717193603515,f0ad027786a9,0d79a81a67b3,learning_curve,0.3.0.dev0,2026-09-11T16:06:36,0.1
Miller2019-imagery_basic,hh,mot,HighGamma + LDA,accuracy,0.4166666666666667,0,learning_curve,5,12,48,0.0493717193603515,f0ad027786a9,0d79a81a67b3,learning_curve,0.3.0.dev0,2026-09-11T16:06:36,0.1
Miller2019-imagery_basic,hh,mot,HighGamma + LDA,balanced_accuracy,0.3888888888888888,0,learning_curve,5,12,48,0.0493717193603515,f0ad027786a9,0d79a81a67b3,learning_curve,0.3.0.dev0,2026-09-11T16:06:36,0.1
Miller2019-imagery_basic,hh,mot,LogBandPower + LDA,kappa,0.0,0,learning_curve,5,12,48,0.046915054321289,ad4c2abc31c8,0d79a81a67b3,learning_curve,0.3.0.dev0,2026-09-11T16:06:36,0.1
Miller2019-imagery_basic,hh,mot,LogBandPower + LDA,accuracy,0.4166666666666667,0,learning_curve,5,12,48,0.046915054321289,ad4c2abc31c8,0d79a81a67b3,learning_curve,0.3.0.dev0,2026-09-11T16:06:36,0.1
Miller2019-imagery_basic,hh,mot,LogBandPower + LDA,balanced_accuracy,0.5,0,learning_curve,5,12,48,0.046915054321289,ad4c2abc31c8,0d79a81a67b3,learning_curve,0.3.0.dev0,2026-09-11T16:06:36,0.1
Miller2019-imagery_basic,hh,mot,LogBandPower + LogReg,kappa,0.5,0,learning_curve,5,12,48,0.0419061183929443,688f919f3ab0,0d79a81a67b3,learning_curve,0.3.0.dev0,2026-09-11T16:06:36,0.1
Miller2019-imagery_basic,hh,mot,LogBandPower + LogReg,accuracy,0.75,0,learning_curve,5,12,48,0.0419061183929443,688f919f3ab0,0d79a81a67b3,learning_curve,0.3.0.dev0,2026-09-11T16:06:36,0.1
Miller2019-imagery_basic,hh,mot,LogBandPower + LogReg,balanced_accuracy,0.8333333333333333,0,learning_curve,5,12,48,0.0419061183929443,688f919f3ab0,0d79a81a67b3,learning_curve,0.3.0.dev0,2026-09-11T16:06:36,0.1
Miller2019-imagery_basic,hh,mot,Riemann HG TS + LogReg,kappa,0.0,0,learning_curve,5,12,48,0.1228649616241455,f55965f07628,0d79a81a67b3,learning_curve,0.3.0.dev0,2026-09-11T16:06:36,0.1
Miller2019-imagery_basic,hh,mot,Riemann HG TS + LogReg,accuracy,0.25,0,learning_curve,5,12,48,0.1228649616241455,f55965f07628,0d79a81a67b3,learning_curve,0.3.0.dev0,2026-09-11T16:06:36,0.1
Miller2019-imagery_basic,hh,mot,Riemann HG TS + LogReg,balanced_accuracy,0.5,0,learning_curve,5,12,48,0.1228649616241455,f55965f07628,0d79a81a67b3,learning_curve,0.3.0.dev0,2026-09-11T16:06:36,0.1
Miller2019-imagery_basic,hh,mot,Riemann TS + LogReg,kappa,0.0,0,learning_curve,5,12,48,0.059842824935913,b4736e60e22e,0d79a81a67b3,learning_curve,0.3.0.dev0,2026-09-11T16:06:36,0.1
Miller2019-imagery_basic,hh,mot,Riemann TS + LogReg,accuracy,0.25,0,learning_curve,5,12,48,0.059842824935913,b4736e60e22e,0d79a81a67b3,learning_curve,0.3.0.dev0,2026-09-11T16:06:36,0.1
Miller2019-imagery_basic,hh,mot,Riemann TS + LogReg,balanced_accuracy,0.5,0,learning_curve,5,12,48,0.059842824935913,b4736e60e22e,0d79a81a67b3,learning_curve,0.3.0.dev0,2026-09-11T16:06:36,0.1
Miller2019-imagery_basic,hh,mot,HighGamma + LDA,kappa,0.5,0,learning_curve,12,12,48,0.065861701965332,f0ad027786a9,0d79a81a67b3,learning_curve,0.3.0.dev0,2026-09-11T16:06:36,0.25
Miller2019-imagery_basic,hh,mot,HighGamma + LDA,accuracy,0.75,0,learning_curve,12,12,48,0.065861701965332,f0ad027786a9,0d79a81a67b3,learning_curve,0.3.0.dev0,2026-09-11T16:06:36,0.25
Miller2019-imagery_basic,hh,mot,HighGamma + LDA,balanced_accuracy,0.8333333333333333,0,learning_curve,12,12,48,0.065861701965332,f0ad027786a9,0d79a81a67b3,learning_curve,0.3.0.dev0,2026-09-11T16:06:36,0.25
Miller2019-imagery_basic,hh,mot,LogBandPower + LDA,kappa,0.6363636363636364,0,learning_curve,12,12,48,0.0685811042785644,ad4c2abc31c8,0d79a81a67b3,learning_curve,0.3.0.dev0,2026-09-11T16:06:36,0.25
Miller2019-imagery_basic,hh,mot,LogBandPower + LDA,accuracy,0.8333333333333334,0,learning_curve,12,12,48,0.0685811042785644,ad4c2abc31c8,0d79a81a67b3,learning_curve,0.3.0.dev0,2026-09-11T16:06:36,0.25
Miller2019-imagery_basic,hh,mot,LogBandPower + LDA,balanced_accuracy,0.8888888888888888,0,learning_curve,12,12,48,0.0685811042785644,ad4c2abc31c8,0d79a81a67b3,learning_curve,0.3.0.dev0,2026-09-11T16:06:36,0.25
Miller2019-imagery_basic,hh,mot,LogBandPower + LogReg,kappa,0.6363636363636364,0,learning_curve,12,12,48,0.0586271286010742,688f919f3ab0,0d79a81a67b3,learning_curve,0.3.0.dev0,2026-09-11T16:06:36,0.25
Miller2019-imagery_basic,hh,mot,LogBandPower + LogReg,accuracy,0.8333333333333334,0,learning_curve,12,12,48,0.0586271286010742,688f919f3ab0,0d79a81a67b3,learning_curve,0.3.0.dev0,2026-09-11T16:06:36,0.25
Miller2019-imagery_basic,hh,mot,LogBandPower + LogReg,balanced_accuracy,0.8888888888888888,0,learning_curve,12,12,48,0.0586271286010742,688f919f3ab0,0d79a81a67b3,learning_curve,0.3.0.dev0,2026-09-11T16:06:36,0.25
Miller2019-imagery_basic,hh,mot,Riemann HG TS + LogReg,kappa,0.0,0,learning_curve,12,12,48,0.1823360919952392,f55965f07628,0d79a81a67b3,learning_curve,0.3.0.dev0,2026-09-11T16:06:36,0.25
Miller2019-imagery_basic,hh,mot,Riemann HG TS + LogReg,accuracy,0.75,0,learning_curve,12,12,48,0.1823360919952392,f55965f07628,0d79a81a67b3,learning_curve,0.3.0.dev0,2026-09-11T16:06:36,0.25
Miller2019-imagery_basic,hh,mot,Riemann HG TS + LogReg,balanced_accuracy,0.5,0,learning_curve,12,12,48,0.1823360919952392,f55965f07628,0d79a81a67b3,learning_curve,0.3.0.dev0,2026-09-11T16:06:36,0.25
Miller2019-imagery_basic,hh,mot,Riemann TS + LogReg,kappa,-0.1428571428571428,0,learning_curve,12,12,48,0.0851368904113769,b4736e60e22e,0d79a81a67b3,learning_curve,0.3.0.dev0,2026-09-11T16:06:36,0.25
Miller2019-imagery_basic,hh,mot,Riemann TS + LogReg,accuracy,0.6666666666666666,0,learning_curve,12,12,48,0.0851368904113769,b4736e60e22e,0d79a81a67b3,learning_curve,0.3.0.dev0,2026-09-11T16:06:36,0.25
Miller2019-imagery_basic,hh,mot,Riemann TS + LogReg,balanced_accuracy,0.4444444444444444,0,learning_curve,12,12,48,0.0851368904113769,b4736e60e22e,0d79a81a67b3,learning_curve,0.3.0.dev0,2026-09-11T16:06:36,0.25
Miller2019-imagery_basic,hh,mot,HighGamma + LDA,kappa,0.5,0,learning_curve,24,12,48,0.1036300659179687,f0ad027786a9,0d79a81a67b3,learning_curve,0.3.0.dev0,2026-09-11T16:06:36,0.5
Miller2019-imagery_basic,hh,mot,HighGamma + LDA,accuracy,0.75,0,learning_curve,24,12,48,0.1036300659179687,f0ad027786a9,0d79a81a67b3,learning_curve,0.3.0.dev0,2026-09-11T16:06:36,0.5
Miller2019-imagery_basic,hh,mot,HighGamma + LDA,balanced_accuracy,0.8333333333333333,0,learning_curve,24,12,48,0.1036300659179687,f0ad027786a9,0d79a81a67b3,learning_curve,0.3.0.dev0,2026-09-11T16:06:36,0.5
Miller2019-imagery_basic,hh,mot,LogBandPower + LDA,kappa,0.8,0,learning_curve,24,12,48,0.1061000823974609,ad4c2abc31c8,0d79a81a67b3,learning_curve,0.3.0.dev0,2026-09-11T16:06:36,0.5
Miller2019-imagery_basic,hh,mot,LogBandPower + LDA,accuracy,0.9166666666666666,0,learning_curve,24,12,48,0.1061000823974609,ad4c2abc31c8,0d79a81a67b3,learning_curve,0.3.0.dev0,2026-09-11T16:06:36,0.5
Miller2019-imagery_basic,hh,mot,LogBandPower + LDA,balanced_accuracy,0.9444444444444444,0,learning_curve,24,12,48,0.1061000823974609,ad4c2abc31c8,0d79a81a67b3,learning_curve,0.3.0.dev0,2026-09-11T16:06:36,0.5
Miller2019-imagery_basic,hh,mot,LogBandPower + LogReg,kappa,0.5555555555555556,0,learning_curve,24,12,48,0.0953032970428466,688f919f3ab0,0d79a81a67b3,learning_curve,0.3.0.dev0,2026-09-11T16:06:36,0.5
Miller2019-imagery_basic,hh,mot,LogBandPower + LogReg,accuracy,0.8333333333333334,0,learning_curve,24,12,48,0.0953032970428466,688f919f3ab0,0d79a81a67b3,learning_curve,0.3.0.dev0,2026-09-11T16:06:36,0.5
Miller2019-imagery_basic,hh,mot,LogBandPower + LogReg,balanced_accuracy,0.7777777777777777,0,learning_curve,24,12,48,0.0953032970428466,688f919f3ab0,0d79a81a67b3,learning_curve,0.3.0.dev0,2026-09-11T16:06:36,0.5
Miller2019-imagery_basic,hh,mot,Riemann HG TS + LogReg,kappa,0.6363636363636364,0,learning_curve,24,12,48,0.2880380153656006,f55965f07628,0d79a81a67b3,learning_curve,0.3.0.dev0,2026-09-11T16:06:36,0.5
Miller2019-imagery_basic,hh,mot,Riemann HG TS + LogReg,accuracy,0.8333333333333334,0,learning_curve,24,12,48,0.2880380153656006,f55965f07628,0d79a81a67b3,learning_curve,0.3.0.dev0,2026-09-11T16:06:36,0.5
Miller2019-imagery_basic,hh,mot,Riemann HG TS + LogReg,balanced_accuracy,0.8888888888888888,0,learning_curve,24,12,48,0.2880380153656006,f55965f07628,0d79a81a67b3,learning_curve,0.3.0.dev0,2026-09-11T16:06:36,0.5
Miller2019-imagery_basic,hh,mot,Riemann TS + LogReg,kappa,-0.0909090909090908,0,learning_curve,24,12,48,0.1337883472442627,b4736e60e22e,0d79a81a67b3,learning_curve,0.3.0.dev0,2026-09-11T16:06:36,0.5
Miller2019-imagery_basic,hh,mot,Riemann TS + LogReg,accuracy,0.5,0,learning_curve,24,12,48,0.1337883472442627,b4736e60e22e,0d79a81a67b3,learning_curve,0.3.0.dev0,2026-09-11T16:06:36,0.5
Miller2019-imagery_basic,hh,mot,Riemann TS + LogReg,balanced_accuracy,0.4444444444444444,0,learning_curve,24,12,48,0.1337883472442627,b4736e60e22e,0d79a81a67b3,learning_curve,0.3.0.dev0,2026-09-11T16:06:36,0.5
Miller2019-imagery_basic,hh,mot,HighGamma + LDA,kappa,0.5,0,learning_curve,48,12,48,0.1704471111297607,f0ad027786a9,0d79a81a67b3,learning_curve,0.3.0.dev0,2026-09-11T16:06:36,1.0
Miller2019-imagery_basic,hh,mot,HighGamma + LDA,accuracy,0.75,0,learning_curve,48,12,48,0.1704471111297607,f0ad027786a9,0d79a81a67b3,learning_curve,0.3.0.dev0,2026-09-11T16:06:36,1.0
Miller2019-imagery_basic,hh,mot,HighGamma + LDA,balanced_accuracy,0.8333333333333333,0,learning_curve,48,12,48,0.1704471111297607,f0ad027786a9,0d79a81a67b3,learning_curve,0.3.0.dev0,2026-09-11T16:06:36,1.0
Miller2019-imagery_basic,hh,mot,LogBandPower + LDA,kappa,0.8,0,learning_curve,48,12,48,0.1694779396057129,ad4c2abc31c8,0d79a81a67b3,learning_curve,0.3.0.dev0,2026-09-11T16:06:36,1.0
Miller2019-imagery_basic,hh,mot,LogBandPower + LDA,accuracy,0.9166666666666666,0,learning_curve,48,12,48,0.1694779396057129,ad4c2abc31c8,0d79a81a67b3,learning_curve,0.3.0.dev0,2026-09-11T16:06:36,1.0
Miller2019-imagery_basic,hh,mot,LogBandPower + LDA,balanced_accuracy,0.9444444444444444,0,learning_curve,48,12,48,0.1694779396057129,ad4c2abc31c8,0d79a81a67b3,learning_curve,0.3.0.dev0,2026-09-11T16:06:36,1.0
Miller2019-imagery_basic,hh,mot,LogBandPower + LogReg,kappa,0.8,0,learning_curve,48,12,48,0.1624712944030761,688f919f3ab0,0d79a81a67b3,learning_curve,0.3.0.dev0,2026-09-11T16:06:36,1.0
Miller2019-imagery_basic,hh,mot,LogBandPower + LogReg,accuracy,0.9166666666666666,0,learning_curve,48,12,48,0.1624712944030761,688f919f3ab0,0d79a81a67b3,learning_curve,0.3.0.dev0,2026-09-11T16:06:36,1.0
Miller2019-imagery_basic,hh,mot,LogBandPower + LogReg,balanced_accuracy,0.9444444444444444,0,learning_curve,48,12,48,0.1624712944030761,688f919f3ab0,0d79a81a67b3,learning_curve,0.3.0.dev0,2026-09-11T16:06:36,1.0
Miller2019-imagery_basic,hh,mot,Riemann HG TS + LogReg,kappa,0.5,0,learning_curve,48,12,48,0.4726788997650146,f55965f07628,0d79a81a67b3,learning_curve,0.3.0.dev0,2026-09-11T16:06:36,1.0
Miller2019-imagery_basic,hh,mot,Riemann HG TS + LogReg,accuracy,0.75,0,learning_curve,48,12,48,0.4726788997650146,f55965f07628,0d79a81a67b3,learning_curve,0.3.0.dev0,2026-09-11T16:06:36,1.0
Miller2019-imagery_basic,hh,mot,Riemann HG TS + LogReg,balanced_accuracy,0.8333333333333333,0,learning_curve,48,12,48,0.4726788997650146,f55965f07628,0d79a81a67b3,learning_curve,0.3.0.dev0,2026-09-11T16:06:36,1.0
Miller2019-imagery_basic,hh,mot,Riemann TS + LogReg,kappa,0.2857142857142857,0,learning_curve,48,12,48,0.2356069087982177,b4736e60e22e,0d79a81a67b3,learning_curve,0.3.0.dev0,2026-09-11T16:06:36,1.0
Miller2019-imagery_basic,hh,mot,Riemann TS + LogReg,accuracy,0.5833333333333334,0,learning_curve,48,12,48,0.2356069087982177,b4736e60e22e,0d79a81a67b3,learning_curve,0.3.0.dev0,2026-09-11T16:06:36,1.0
Miller2019-imagery_basic,hh,mot,Riemann TS + LogReg,balanced_accuracy,0.7222222222222222,0,learning_curve,48,12,48,0.2356069087982177,b4736e60e22e,0d79a81a67b3,learning_curve,0.3.0.dev0,2026-09-11T16:06:36,1.0
Miller2019-imagery_basic,hh,im,HighGamma + LDA,kappa,0.3333333333333333,0,learning_curve,5,12,48,0.0462899208068847,f0ad027786a9,0d79a81a67b3,learning_curve,0.3.0.dev0,2026-09-11T16:06:36,0.1
Miller2019-imagery_basic,hh,im,HighGamma + LDA,accuracy,0.6666666666666666,0,learning_curve,5,12,48,0.0462899208068847,f0ad027786a9,0d79a81a67b3,learning_curve,0.3.0.dev0,2026-09-11T16:06:36,0.1
Miller2019-imagery_basic,hh,im,HighGamma + LDA,balanced_accuracy,0.6666666666666666,0,learning_curve,5,12,48,0.0462899208068847,f0ad027786a9,0d79a81a67b3,learning_curve,0.3.0.dev0,2026-09-11T16:06:36,0.1
Miller2019-imagery_basic,hh,im,LogBandPower + LDA,kappa,0.0,0,learning_curve,5,12,48,0.0501070022583007,ad4c2abc31c8,0d79a81a67b3,learning_curve,0.3.0.dev0,2026-09-11T16:06:36,0.1
Miller2019-imagery_basic,hh,im,LogBandPower + LDA,accuracy,0.5,0,learning_curve,5,12,48,0.0501070022583007,ad4c2abc31c8,0d79a81a67b3,learning_curve,0.3.0.dev0,2026-09-11T16:06:36,0.1
Miller2019-imagery_basic,hh,im,LogBandPower + LDA,balanced_accuracy,0.5,0,learning_curve,5,12,48,0.0501070022583007,ad4c2abc31c8,0d79a81a67b3,learning_curve,0.3.0.dev0,2026-09-11T16:06:36,0.1
Miller2019-imagery_basic,hh,im,LogBandPower + LogReg,kappa,-0.1666666666666667,0,learning_curve,5,12,48,0.0409400463104248,688f919f3ab0,0d79a81a67b3,learning_curve,0.3.0.dev0,2026-09-11T16:06:36,0.1
Miller2019-imagery_basic,hh,im,LogBandPower + LogReg,accuracy,0.4166666666666667,0,learning_curve,5,12,48,0.0409400463104248,688f919f3ab0,0d79a81a67b3,learning_curve,0.3.0.dev0,2026-09-11T16:06:36,0.1
Miller2019-imagery_basic,hh,im,LogBandPower + LogReg,balanced_accuracy,0.4166666666666666,0,learning_curve,5,12,48,0.0409400463104248,688f919f3ab0,0d79a81a67b3,learning_curve,0.3.0.dev0,2026-09-11T16:06:36,0.1
Miller2019-imagery_basic,hh,im,Riemann HG TS + LogReg,kappa,0.0,0,learning_curve,5,12,48,0.1240930557250976,f55965f07628,0d79a81a67b3,learning_curve,0.3.0.dev0,2026-09-11T16:06:36,0.1
Miller2019-imagery_basic,hh,im,Riemann HG TS + LogReg,accuracy,0.5,0,learning_curve,5,12,48,0.1240930557250976,f55965f07628,0d79a81a67b3,learning_curve,0.3.0.dev0,2026-09-11T16:06:36,0.1
Miller2019-imagery_basic,hh,im,Riemann HG TS + LogReg,balanced_accuracy,0.5,0,learning_curve,5,12,48,0.1240930557250976,f55965f07628,0d79a81a67b3,learning_curve,0.3.0.dev0,2026-09-11T16:06:36,0.1
Miller2019-imagery_basic,hh,im,Riemann TS + LogReg,kappa,0.0,0,learning_curve,5,12,48,0.0537641048431396,b4736e60e22e,0d79a81a67b3,learning_curve,0.3.0.dev0,2026-09-11T16:06:36,0.1
Miller2019-imagery_basic,hh,im,Riemann TS + LogReg,accuracy,0.5,0,learning_curve,5,12,48,0.0537641048431396,b4736e60e22e,0d79a81a67b3,learning_curve,0.3.0.dev0,2026-09-11T16:06:36,0.1
Miller2019-imagery_basic,hh,im,Riemann TS + LogReg,balanced_accuracy,0.5,0,learning_curve,5,12,48,0.0537641048431396,b4736e60e22e,0d79a81a67b3,learning_curve,0.3.0.dev0,2026-09-11T16:06:36,0.1
Miller2019-imagery_basic,hh,im,HighGamma + LDA,kappa,0.3333333333333333,0,learning_curve,12,12,48,0.0581998825073242,f0ad027786a9,0d79a81a67b3,learning_curve,0.3.0.dev0,2026-09-11T16:06:36,0.25
Miller2019-imagery_basic,hh,im,HighGamma + LDA,accuracy,0.6666666666666666,0,learning_curve,12,12,48,0.0581998825073242,f0ad027786a9,0d79a81a67b3,learning_curve,0.3.0.dev0,2026-09-11T16:06:36,0.25
Miller2019-imagery_basic,hh,im,HighGamma + LDA,balanced_accuracy,0.6666666666666667,0,learning_curve,12,12,48,0.0581998825073242,f0ad027786a9,0d79a81a67b3,learning_curve,0.3.0.dev0,2026-09-11T16:06:36,0.25
Miller2019-imagery_basic,hh,im,LogBandPower + LDA,kappa,0.5,0,learning_curve,12,12,48,0.0629708766937255,ad4c2abc31c8,0d79a81a67b3,learning_curve,0.3.0.dev0,2026-09-11T16:06:36,0.25
Miller2019-imagery_basic,hh,im,LogBandPower + LDA,accuracy,0.75,0,learning_curve,12,12,48,0.0629708766937255,ad4c2abc31c8,0d79a81a67b3,learning_curve,0.3.0.dev0,2026-09-11T16:06:36,0.25
Miller2019-imagery_basic,hh,im,LogBandPower + LDA,balanced_accuracy,0.75,0,learning_curve,12,12,48,0.0629708766937255,ad4c2abc31c8,0d79a81a67b3,learning_curve,0.3.0.dev0,2026-09-11T16:06:36,0.25
Miller2019-imagery_basic,hh,im,LogBandPower + LogReg,kappa,0.1666666666666666,0,learning_curve,12,12,48,0.057870864868164,688f919f3ab0,0d79a81a67b3,learning_curve,0.3.0.dev0,2026-09-11T16:06:36,0.25
Miller2019-imagery_basic,hh,im,LogBandPower + LogReg,accuracy,0.5833333333333334,0,learning_curve,12,12,48,0.057870864868164,688f919f3ab0,0d79a81a67b3,learning_curve,0.3.0.dev0,2026-09-11T16:06:36,0.25
Miller2019-imagery_basic,hh,im,LogBandPower + LogReg,balanced_accuracy,0.5833333333333333,0,learning_curve,12,12,48,0.057870864868164,688f919f3ab0,0d79a81a67b3,learning_curve,0.3.0.dev0,2026-09-11T16:06:36,0.25
Miller2019-imagery_basic,hh,im,Riemann HG TS + LogReg,kappa,0.0,0,learning_curve,12,12,48,0.1765089035034179,f55965f07628,0d79a81a67b3,learning_curve,0.3.0.dev0,2026-09-11T16:06:36,0.25
Miller2019-imagery_basic,hh,im,Riemann HG TS + LogReg,accuracy,0.5,0,learning_curve,12,12,48,0.1765089035034179,f55965f07628,0d79a81a67b3,learning_curve,0.3.0.dev0,2026-09-11T16:06:36,0.25
Miller2019-imagery_basic,hh,im,Riemann HG TS + LogReg,balanced_accuracy,0.5,0,learning_curve,12,12,48,0.1765089035034179,f55965f07628,0d79a81a67b3,learning_curve,0.3.0.dev0,2026-09-11T16:06:36,0.25
Miller2019-imagery_basic,hh,im,Riemann TS + LogReg,kappa,0.0,0,learning_curve,12,12,48,0.0803759098052978,b4736e60e22e,0d79a81a67b3,learning_curve,0.3.0.dev0,2026-09-11T16:06:36,0.25
Miller2019-imagery_basic,hh,im,Riemann TS + LogReg,accuracy,0.5,0,learning_curve,12,12,48,0.0803759098052978,b4736e60e22e,0d79a81a67b3,learning_curve,0.3.0.dev0,2026-09-11T16:06:36,0.25
Miller2019-imagery_basic,hh,im,Riemann TS + LogReg,balanced_accuracy,0.5,0,learning_curve,12,12,48,0.0803759098052978,b4736e60e22e,0d79a81a67b3,learning_curve,0.3.0.dev0,2026-09-11T16:06:36,0.25
Miller2019-imagery_basic,hh,im,HighGamma + LDA,kappa,0.0,0,learning_curve,24,12,48,0.0899829864501953,f0ad027786a9,0d79a81a67b3,learning_curve,0.3.0.dev0,2026-09-11T16:06:36,0.5
Miller2019-imagery_basic,hh,im,HighGamma + LDA,accuracy,0.5,0,learning_curve,24,12,48,0.0899829864501953,f0ad027786a9,0d79a81a67b3,learning_curve,0.3.0.dev0,2026-09-11T16:06:36,0.5
Miller2019-imagery_basic,hh,im,HighGamma + LDA,balanced_accuracy,0.5,0,learning_curve,24,12,48,0.0899829864501953,f0ad027786a9,0d79a81a67b3,learning_curve,0.3.0.dev0,2026-09-11T16:06:36,0.5
Miller2019-imagery_basic,hh,im,LogBandPower + LDA,kappa,0.0,0,learning_curve,24,12,48,0.095240831375122,ad4c2abc31c8,0d79a81a67b3,learning_curve,0.3.0.dev0,2026-09-11T16:06:36,0.5
Miller2019-imagery_basic,hh,im,LogBandPower + LDA,accuracy,0.5,0,learning_curve,24,12,48,0.095240831375122,ad4c2abc31c8,0d79a81a67b3,learning_curve,0.3.0.dev0,2026-09-11T16:06:36,0.5
Miller2019-imagery_basic,hh,im,LogBandPower + LDA,balanced_accuracy,0.5,0,learning_curve,24,12,48,0.095240831375122,ad4c2abc31c8,0d79a81a67b3,learning_curve,0.3.0.dev0,2026-09-11T16:06:36,0.5
Miller2019-imagery_basic,hh,im,LogBandPower + LogReg,kappa,-0.1666666666666667,0,learning_curve,24,12,48,0.0900678634643554,688f919f3ab0,0d79a81a67b3,learning_curve,0.3.0.dev0,2026-09-11T16:06:36,0.5
Miller2019-imagery_basic,hh,im,LogBandPower + LogReg,accuracy,0.4166666666666667,0,learning_curve,24,12,48,0.0900678634643554,688f919f3ab0,0d79a81a67b3,learning_curve,0.3.0.dev0,2026-09-11T16:06:36,0.5
Miller2019-imagery_basic,hh,im,LogBandPower + LogReg,balanced_accuracy,0.4166666666666667,0,learning_curve,24,12,48,0.0900678634643554,688f919f3ab0,0d79a81a67b3,learning_curve,0.3.0.dev0,2026-09-11T16:06:36,0.5
Miller2019-imagery_basic,hh,im,Riemann HG TS + LogReg,kappa,0.6666666666666667,0,learning_curve,24,12,48,0.2722728252410888,f55965f07628,0d79a81a67b3,learning_curve,0.3.0.dev0,2026-09-11T16:06:36,0.5
Miller2019-imagery_basic,hh,im,Riemann HG TS + LogReg,accuracy,0.8333333333333334,0,learning_curve,24,12,48,0.2722728252410888,f55965f07628,0d79a81a67b3,learning_curve,0.3.0.dev0,2026-09-11T16:06:36,0.5
Miller2019-imagery_basic,hh,im,Riemann HG TS + LogReg,balanced_accuracy,0.8333333333333334,0,learning_curve,24,12,48,0.2722728252410888,f55965f07628,0d79a81a67b3,learning_curve,0.3.0.dev0,2026-09-11T16:06:36,0.5
Miller2019-imagery_basic,hh,im,Riemann TS + LogReg,kappa,-0.3333333333333332,0,learning_curve,24,12,48,0.1336498260498047,b4736e60e22e,0d79a81a67b3,learning_curve,0.3.0.dev0,2026-09-11T16:06:36,0.5
Miller2019-imagery_basic,hh,im,Riemann TS + LogReg,accuracy,0.3333333333333333,0,learning_curve,24,12,48,0.1336498260498047,b4736e60e22e,0d79a81a67b3,learning_curve,0.3.0.dev0,2026-09-11T16:06:36,0.5
Miller2019-imagery_basic,hh,im,Riemann TS + LogReg,balanced_accuracy,0.3333333333333333,0,learning_curve,24,12,48,0.1336498260498047,b4736e60e22e,0d79a81a67b3,learning_curve,0.3.0.dev0,2026-09-11T16:06:36,0.5
Miller2019-imagery_basic,hh,im,HighGamma + LDA,kappa,0.1666666666666666,0,learning_curve,48,12,48,0.1559078693389892,f0ad027786a9,0d79a81a67b3,learning_curve,0.3.0.dev0,2026-09-11T16:06:36,1.0
Miller2019-imagery_basic,hh,im,HighGamma + LDA,accuracy,0.5833333333333334,0,learning_curve,48,12,48,0.1559078693389892,f0ad027786a9,0d79a81a67b3,learning_curve,0.3.0.dev0,2026-09-11T16:06:36,1.0
Miller2019-imagery_basic,hh,im,HighGamma + LDA,balanced_accuracy,0.5833333333333333,0,learning_curve,48,12,48,0.1559078693389892,f0ad027786a9,0d79a81a67b3,learning_curve,0.3.0.dev0,2026-09-11T16:06:36,1.0
Miller2019-imagery_basic,hh,im,LogBandPower + LDA,kappa,0.8333333333333334,0,learning_curve,48,12,48,0.1750791072845459,ad4c2abc31c8,0d79a81a67b3,learning_curve,0.3.0.dev0,2026-09-11T16:06:36,1.0
Miller2019-imagery_basic,hh,im,LogBandPower + LDA,accuracy,0.9166666666666666,0,learning_curve,48,12,48,0.1750791072845459,ad4c2abc31c8,0d79a81a67b3,learning_curve,0.3.0.dev0,2026-09-11T16:06:36,1.0
Miller2019-imagery_basic,hh,im,LogBandPower + LDA,balanced_accuracy,0.9166666666666669,0,learning_curve,48,12,48,0.1750791072845459,ad4c2abc31c8,0d79a81a67b3,learning_curve,0.3.0.dev0,2026-09-11T16:06:36,1.0
Miller2019-imagery_basic,hh,im,LogBandPower + LogReg,kappa,0.8333333333333334,0,learning_curve,48,12,48,0.1662700176239013,688f919f3ab0,0d79a81a67b3,learning_curve,0.3.0.dev0,2026-09-11T16:06:36,1.0
Miller2019-imagery_basic,hh,im,LogBandPower + LogReg,accuracy,0.9166666666666666,0,learning_curve,48,12,48,0.1662700176239013,688f919f3ab0,0d79a81a67b3,learning_curve,0.3.0.dev0,2026-09-11T16:06:36,1.0
Miller2019-imagery_basic,hh,im,LogBandPower + LogReg,balanced_accuracy,0.9166666666666669,0,learning_curve,48,12,48,0.1662700176239013,688f919f3ab0,0d79a81a67b3,learning_curve,0.3.0.dev0,2026-09-11T16:06:36,1.0
Miller2019-imagery_basic,hh,im,Riemann HG TS + LogReg,kappa,0.5,0,learning_curve,48,12,48,0.4762036800384521,f55965f07628,0d79a81a67b3,learning_curve,0.3.0.dev0,2026-09-11T16:06:36,1.0
Miller2019-imagery_basic,hh,im,Riemann HG TS + LogReg,accuracy,0.75,0,learning_curve,48,12,48,0.4762036800384521,f55965f07628,0d79a81a67b3,learning_curve,0.3.0.dev0,2026-09-11T16:06:36,1.0
Miller2019-imagery_basic,hh,im,Riemann HG TS + LogReg,balanced_accuracy,0.75,0,learning_curve,48,12,48,0.4762036800384521,f55965f07628,0d79a81a67b3,learning_curve,0.3.0.dev0,2026-09-11T16:06:36,1.0
Miller2019-imagery_basic,hh,im,Riemann TS + LogReg,kappa,0.0,0,learning_curve,48,12,48,0.2329061031341552,b4736e60e22e,0d79a81a67b3,learning_curve,0.3.0.dev0,2026-09-11T16:06:36,1.0
Miller2019-imagery_basic,hh,im,Riemann TS + LogReg,accuracy,0.5,0,learning_curve,48,12,48,0.2329061031341552,b4736e60e22e,0d79a81a67b3,learning_curve,0.3.0.dev0,2026-09-11T16:06:36,1.0
Miller2019-imagery_basic,hh,im,Riemann TS + LogReg,balanced_accuracy,0.5,0,learning_curve,48,12,48,0.2329061031341552,b4736e60e22e,0d79a81a67b3,learning_curve,0.3.0.dev0,2026-09-11T16:06:36,1.0
Miller2019-imagery_basic,jc,mot,HighGamma + LDA,kappa,0.6756756756756757,0,learning_curve,5,12,48,0.0416080951690673,f0ad027786a9,0d79a81a67b3,learning_curve,0.3.0.dev0,2026-09-11T16:06:44,0.1
Miller2019-imagery_basic,jc,mot,HighGamma + LDA,accuracy,0.8333333333333334,0,learning_curve,5,12,48,0.0416080951690673,f0ad027786a9,0d79a81a67b3,learning_curve,0.3.0.dev0,2026-09-11T16:06:44,0.1
Miller2019-imagery_basic,jc,mot,HighGamma + LDA,balanced_accuracy,0.8571428571428572,0,learning_curve,5,12,48,0.0416080951690673,f0ad027786a9,0d79a81a67b3,learning_curve,0.3.0.dev0,2026-09-11T16:06:44,0.1
Miller2019-imagery_basic,jc,mot,LogBandPower + LDA,kappa,0.0,0,learning_curve,5,12,48,0.0454976558685302,ad4c2abc31c8,0d79a81a67b3,learning_curve,0.3.0.dev0,2026-09-11T16:06:44,0.1
Miller2019-imagery_basic,jc,mot,LogBandPower + LDA,accuracy,0.4166666666666667,0,learning_curve,5,12,48,0.0454976558685302,ad4c2abc31c8,0d79a81a67b3,learning_curve,0.3.0.dev0,2026-09-11T16:06:44,0.1
Miller2019-imagery_basic,jc,mot,LogBandPower + LDA,balanced_accuracy,0.5,0,learning_curve,5,12,48,0.0454976558685302,ad4c2abc31c8,0d79a81a67b3,learning_curve,0.3.0.dev0,2026-09-11T16:06:44,0.1
Miller2019-imagery_basic,jc,mot,LogBandPower + LogReg,kappa,0.0,0,learning_curve,5,12,48,0.0407922267913818,688f919f3ab0,0d79a81a67b3,learning_curve,0.3.0.dev0,2026-09-11T16:06:44,0.1
Miller2019-imagery_basic,jc,mot,LogBandPower + LogReg,accuracy,0.4166666666666667,0,learning_curve,5,12,48,0.0407922267913818,688f919f3ab0,0d79a81a67b3,learning_curve,0.3.0.dev0,2026-09-11T16:06:44,0.1
Miller2019-imagery_basic,jc,mot,LogBandPower + LogReg,balanced_accuracy,0.5,0,learning_curve,5,12,48,0.0407922267913818,688f919f3ab0,0d79a81a67b3,learning_curve,0.3.0.dev0,2026-09-11T16:06:44,0.1
Miller2019-imagery_basic,jc,mot,Riemann HG TS + LogReg,kappa,0.6363636363636364,0,learning_curve,5,12,48,0.1242420673370361,f55965f07628,0d79a81a67b3,learning_curve,0.3.0.dev0,2026-09-11T16:06:44,0.1
Miller2019-imagery_basic,jc,mot,Riemann HG TS + LogReg,accuracy,0.8333333333333334,0,learning_curve,5,12,48,0.1242420673370361,f55965f07628,0d79a81a67b3,learning_curve,0.3.0.dev0,2026-09-11T16:06:44,0.1
Miller2019-imagery_basic,jc,mot,Riemann HG TS + LogReg,balanced_accuracy,0.8,0,learning_curve,5,12,48,0.1242420673370361,f55965f07628,0d79a81a67b3,learning_curve,0.3.0.dev0,2026-09-11T16:06:44,0.1
Miller2019-imagery_basic,jc,mot,Riemann TS + LogReg,kappa,0.0,0,learning_curve,5,12,48,0.0542778968811035,b4736e60e22e,0d79a81a67b3,learning_curve,0.3.0.dev0,2026-09-11T16:06:44,0.1
Miller2019-imagery_basic,jc,mot,Riemann TS + LogReg,accuracy,0.5833333333333334,0,learning_curve,5,12,48,0.0542778968811035,b4736e60e22e,0d79a81a67b3,learning_curve,0.3.0.dev0,2026-09-11T16:06:44,0.1
Miller2019-imagery_basic,jc,mot,Riemann TS + LogReg,balanced_accuracy,0.5,0,learning_curve,5,12,48,0.0542778968811035,b4736e60e22e,0d79a81a67b3,learning_curve,0.3.0.dev0,2026-09-11T16:06:44,0.1
Miller2019-imagery_basic,jc,mot,HighGamma + LDA,kappa,1.0,0,learning_curve,12,12,48,0.0588569641113281,f0ad027786a9,0d79a81a67b3,learning_curve,0.3.0.dev0,2026-09-11T16:06:44,0.25
Miller2019-imagery_basic,jc,mot,HighGamma + LDA,accuracy,1.0,0,learning_curve,12,12,48,0.0588569641113281,f0ad027786a9,0d79a81a67b3,learning_curve,0.3.0.dev0,2026-09-11T16:06:44,0.25
Miller2019-imagery_basic,jc,mot,HighGamma + LDA,balanced_accuracy,1.0,0,learning_curve,12,12,48,0.0588569641113281,f0ad027786a9,0d79a81a67b3,learning_curve,0.3.0.dev0,2026-09-11T16:06:44,0.25
Miller2019-imagery_basic,jc,mot,LogBandPower + LDA,kappa,0.8333333333333334,0,learning_curve,12,12,48,0.0632801055908203,ad4c2abc31c8,0d79a81a67b3,learning_curve,0.3.0.dev0,2026-09-11T16:06:44,0.25
Miller2019-imagery_basic,jc,mot,LogBandPower + LDA,accuracy,0.9166666666666666,0,learning_curve,12,12,48,0.0632801055908203,ad4c2abc31c8,0d79a81a67b3,learning_curve,0.3.0.dev0,2026-09-11T16:06:44,0.25
Miller2019-imagery_basic,jc,mot,LogBandPower + LDA,balanced_accuracy,0.9285714285714286,0,learning_curve,12,12,48,0.0632801055908203,ad4c2abc31c8,0d79a81a67b3,learning_curve,0.3.0.dev0,2026-09-11T16:06:44,0.25
Miller2019-imagery_basic,jc,mot,LogBandPower + LogReg,kappa,0.1219512195121952,0,learning_curve,12,12,48,0.0586078166961669,688f919f3ab0,0d79a81a67b3,learning_curve,0.3.0.dev0,2026-09-11T16:06:44,0.25
Miller2019-imagery_basic,jc,mot,LogBandPower + LogReg,accuracy,0.5,0,learning_curve,12,12,48,0.0586078166961669,688f919f3ab0,0d79a81a67b3,learning_curve,0.3.0.dev0,2026-09-11T16:06:44,0.25
Miller2019-imagery_basic,jc,mot,LogBandPower + LogReg,balanced_accuracy,0.5714285714285714,0,learning_curve,12,12,48,0.0586078166961669,688f919f3ab0,0d79a81a67b3,learning_curve,0.3.0.dev0,2026-09-11T16:06:44,0.25
Miller2019-imagery_basic,jc,mot,Riemann HG TS + LogReg,kappa,1.0,0,learning_curve,12,12,48,0.1834790706634521,f55965f07628,0d79a81a67b3,learning_curve,0.3.0.dev0,2026-09-11T16:06:44,0.25
Miller2019-imagery_basic,jc,mot,Riemann HG TS + LogReg,accuracy,1.0,0,learning_curve,12,12,48,0.1834790706634521,f55965f07628,0d79a81a67b3,learning_curve,0.3.0.dev0,2026-09-11T16:06:44,0.25
Miller2019-imagery_basic,jc,mot,Riemann HG TS + LogReg,balanced_accuracy,1.0,0,learning_curve,12,12,48,0.1834790706634521,f55965f07628,0d79a81a67b3,learning_curve,0.3.0.dev0,2026-09-11T16:06:44,0.25
Miller2019-imagery_basic,jc,mot,Riemann TS + LogReg,kappa,0.2727272727272727,0,learning_curve,12,12,48,0.0811829566955566,b4736e60e22e,0d79a81a67b3,learning_curve,0.3.0.dev0,2026-09-11T16:06:44,0.25
Miller2019-imagery_basic,jc,mot,Riemann TS + LogReg,accuracy,0.6666666666666666,0,learning_curve,12,12,48,0.0811829566955566,b4736e60e22e,0d79a81a67b3,learning_curve,0.3.0.dev0,2026-09-11T16:06:44,0.25
Miller2019-imagery_basic,jc,mot,Riemann TS + LogReg,balanced_accuracy,0.6285714285714286,0,learning_curve,12,12,48,0.0811829566955566,b4736e60e22e,0d79a81a67b3,learning_curve,0.3.0.dev0,2026-09-11T16:06:44,0.25
Miller2019-imagery_basic,jc,mot,HighGamma + LDA,kappa,1.0,0,learning_curve,24,12,48,0.1032609939575195,f0ad027786a9,0d79a81a67b3,learning_curve,0.3.0.dev0,2026-09-11T16:06:44,0.5
Miller2019-imagery_basic,jc,mot,HighGamma + LDA,accuracy,1.0,0,learning_curve,24,12,48,0.1032609939575195,f0ad027786a9,0d79a81a67b3,learning_curve,0.3.0.dev0,2026-09-11T16:06:44,0.5
Miller2019-imagery_basic,jc,mot,HighGamma + LDA,balanced_accuracy,1.0,0,learning_curve,24,12,48,0.1032609939575195,f0ad027786a9,0d79a81a67b3,learning_curve,0.3.0.dev0,2026-09-11T16:06:44,0.5
Miller2019-imagery_basic,jc,mot,LogBandPower + LDA,kappa,1.0,0,learning_curve,24,12,48,0.1043732166290283,ad4c2abc31c8,0d79a81a67b3,learning_curve,0.3.0.dev0,2026-09-11T16:06:44,0.5
Miller2019-imagery_basic,jc,mot,LogBandPower + LDA,accuracy,1.0,0,learning_curve,24,12,48,0.1043732166290283,ad4c2abc31c8,0d79a81a67b3,learning_curve,0.3.0.dev0,2026-09-11T16:06:44,0.5
Miller2019-imagery_basic,jc,mot,LogBandPower + LDA,balanced_accuracy,1.0,0,learning_curve,24,12,48,0.1043732166290283,ad4c2abc31c8,0d79a81a67b3,learning_curve,0.3.0.dev0,2026-09-11T16:06:44,0.5
Miller2019-imagery_basic,jc,mot,LogBandPower + LogReg,kappa,1.0,0,learning_curve,24,12,48,0.0969688892364502,688f919f3ab0,0d79a81a67b3,learning_curve,0.3.0.dev0,2026-09-11T16:06:44,0.5
Miller2019-imagery_basic,jc,mot,LogBandPower + LogReg,accuracy,1.0,0,learning_curve,24,12,48,0.0969688892364502,688f919f3ab0,0d79a81a67b3,learning_curve,0.3.0.dev0,2026-09-11T16:06:44,0.5
Miller2019-imagery_basic,jc,mot,LogBandPower + LogReg,balanced_accuracy,1.0,0,learning_curve,24,12,48,0.0969688892364502,688f919f3ab0,0d79a81a67b3,learning_curve,0.3.0.dev0,2026-09-11T16:06:44,0.5
Miller2019-imagery_basic,jc,mot,Riemann HG TS + LogReg,kappa,1.0,0,learning_curve,24,12,48,0.2876808643341064,f55965f07628,0d79a81a67b3,learning_curve,0.3.0.dev0,2026-09-11T16:06:44,0.5
Miller2019-imagery_basic,jc,mot,Riemann HG TS + LogReg,accuracy,1.0,0,learning_curve,24,12,48,0.2876808643341064,f55965f07628,0d79a81a67b3,learning_curve,0.3.0.dev0,2026-09-11T16:06:44,0.5
Miller2019-imagery_basic,jc,mot,Riemann HG TS + LogReg,balanced_accuracy,1.0,0,learning_curve,24,12,48,0.2876808643341064,f55965f07628,0d79a81a67b3,learning_curve,0.3.0.dev0,2026-09-11T16:06:44,0.5
Miller2019-imagery_basic,jc,mot,Riemann TS + LogReg,kappa,0.0625000000000001,0,learning_curve,24,12,48,0.133336067199707,b4736e60e22e,0d79a81a67b3,learning_curve,0.3.0.dev0,2026-09-11T16:06:44,0.5
Miller2019-imagery_basic,jc,mot,Riemann TS + LogReg,accuracy,0.5833333333333334,0,learning_curve,24,12,48,0.133336067199707,b4736e60e22e,0d79a81a67b3,learning_curve,0.3.0.dev0,2026-09-11T16:06:44,0.5
Miller2019-imagery_basic,jc,mot,Riemann TS + LogReg,balanced_accuracy,0.5285714285714286,0,learning_curve,24,12,48,0.133336067199707,b4736e60e22e,0d79a81a67b3,learning_curve,0.3.0.dev0,2026-09-11T16:06:44,0.5
Miller2019-imagery_basic,jc,mot,HighGamma + LDA,kappa,1.0,0,learning_curve,48,12,48,0.1637959480285644,f0ad027786a9,0d79a81a67b3,learning_curve,0.3.0.dev0,2026-09-11T16:06:44,1.0
Miller2019-imagery_basic,jc,mot,HighGamma + LDA,accuracy,1.0,0,learning_curve,48,12,48,0.1637959480285644,f0ad027786a9,0d79a81a67b3,learning_curve,0.3.0.dev0,2026-09-11T16:06:44,1.0
Miller2019-imagery_basic,jc,mot,HighGamma + LDA,balanced_accuracy,1.0,0,learning_curve,48,12,48,0.1637959480285644,f0ad027786a9,0d79a81a67b3,learning_curve,0.3.0.dev0,2026-09-11T16:06:44,1.0
Miller2019-imagery_basic,jc,mot,LogBandPower + LDA,kappa,1.0,0,learning_curve,48,12,48,0.1628363132476806,ad4c2abc31c8,0d79a81a67b3,learning_curve,0.3.0.dev0,2026-09-11T16:06:44,1.0
Miller2019-imagery_basic,jc,mot,LogBandPower + LDA,accuracy,1.0,0,learning_curve,48,12,48,0.1628363132476806,ad4c2abc31c8,0d79a81a67b3,learning_curve,0.3.0.dev0,2026-09-11T16:06:44,1.0
Miller2019-imagery_basic,jc,mot,LogBandPower + LDA,balanced_accuracy,1.0,0,learning_curve,48,12,48,0.1628363132476806,ad4c2abc31c8,0d79a81a67b3,learning_curve,0.3.0.dev0,2026-09-11T16:06:44,1.0
Miller2019-imagery_basic,jc,mot,LogBandPower + LogReg,kappa,1.0,0,learning_curve,48,12,48,0.1579048633575439,688f919f3ab0,0d79a81a67b3,learning_curve,0.3.0.dev0,2026-09-11T16:06:44,1.0
Miller2019-imagery_basic,jc,mot,LogBandPower + LogReg,accuracy,1.0,0,learning_curve,48,12,48,0.1579048633575439,688f919f3ab0,0d79a81a67b3,learning_curve,0.3.0.dev0,2026-09-11T16:06:44,1.0
Miller2019-imagery_basic,jc,mot,LogBandPower + LogReg,balanced_accuracy,1.0,0,learning_curve,48,12,48,0.1579048633575439,688f919f3ab0,0d79a81a67b3,learning_curve,0.3.0.dev0,2026-09-11T16:06:44,1.0
Miller2019-imagery_basic,jc,mot,Riemann HG TS + LogReg,kappa,1.0,0,learning_curve,48,12,48,0.4867901802062988,f55965f07628,0d79a81a67b3,learning_curve,0.3.0.dev0,2026-09-11T16:06:44,1.0
Miller2019-imagery_basic,jc,mot,Riemann HG TS + LogReg,accuracy,1.0,0,learning_curve,48,12,48,0.4867901802062988,f55965f07628,0d79a81a67b3,learning_curve,0.3.0.dev0,2026-09-11T16:06:44,1.0
Miller2019-imagery_basic,jc,mot,Riemann HG TS + LogReg,balanced_accuracy,1.0,0,learning_curve,48,12,48,0.4867901802062988,f55965f07628,0d79a81a67b3,learning_curve,0.3.0.dev0,2026-09-11T16:06:44,1.0
Miller2019-imagery_basic,jc,mot,Riemann TS + LogReg,kappa,0.3142857142857143,0,learning_curve,48,12,48,0.2387800216674804,b4736e60e22e,0d79a81a67b3,learning_curve,0.3.0.dev0,2026-09-11T16:06:44,1.0
Miller2019-imagery_basic,jc,mot,Riemann TS + LogReg,accuracy,0.6666666666666666,0,learning_curve,48,12,48,0.2387800216674804,b4736e60e22e,0d79a81a67b3,learning_curve,0.3.0.dev0,2026-09-11T16:06:44,1.0
Miller2019-imagery_basic,jc,mot,Riemann TS + LogReg,balanced_accuracy,0.6571428571428571,0,learning_curve,48,12,48,0.2387800216674804,b4736e60e22e,0d79a81a67b3,learning_curve,0.3.0.dev0,2026-09-11T16:06:44,1.0
Miller2019-imagery_basic,jc,im,HighGamma + LDA,kappa,0.2499999999999999,0,learning_curve,5,12,48,0.045814037322998,f0ad027786a9,0d79a81a67b3,learning_curve,0.3.0.dev0,2026-09-11T16:06:44,0.1
Miller2019-imagery_basic,jc,im,HighGamma + LDA,accuracy,0.5833333333333334,0,learning_curve,5,12,48,0.045814037322998,f0ad027786a9,0d79a81a67b3,learning_curve,0.3.0.dev0,2026-09-11T16:06:44,0.1
Miller2019-imagery_basic,jc,im,HighGamma + LDA,balanced_accuracy,0.6428571428571428,0,learning_curve,5,12,48,0.045814037322998,f0ad027786a9,0d79a81a67b3,learning_curve,0.3.0.dev0,2026-09-11T16:06:44,0.1
Miller2019-imagery_basic,jc,im,LogBandPower + LDA,kappa,0.0,0,learning_curve,5,12,48,0.0495080947875976,ad4c2abc31c8,0d79a81a67b3,learning_curve,0.3.0.dev0,2026-09-11T16:06:44,0.1
Miller2019-imagery_basic,jc,im,LogBandPower + LDA,accuracy,0.4166666666666667,0,learning_curve,5,12,48,0.0495080947875976,ad4c2abc31c8,0d79a81a67b3,learning_curve,0.3.0.dev0,2026-09-11T16:06:44,0.1
Miller2019-imagery_basic,jc,im,LogBandPower + LDA,balanced_accuracy,0.5,0,learning_curve,5,12,48,0.0495080947875976,ad4c2abc31c8,0d79a81a67b3,learning_curve,0.3.0.dev0,2026-09-11T16:06:44,0.1
Miller2019-imagery_basic,jc,im,LogBandPower + LogReg,kappa,0.4375000000000001,0,learning_curve,5,12,48,0.0449621677398681,688f919f3ab0,0d79a81a67b3,learning_curve,0.3.0.dev0,2026-09-11T16:06:44,0.1
Miller2019-imagery_basic,jc,im,LogBandPower + LogReg,accuracy,0.75,0,learning_curve,5,12,48,0.0449621677398681,688f919f3ab0,0d79a81a67b3,learning_curve,0.3.0.dev0,2026-09-11T16:06:44,0.1
Miller2019-imagery_basic,jc,im,LogBandPower + LogReg,balanced_accuracy,0.7,0,learning_curve,5,12,48,0.0449621677398681,688f919f3ab0,0d79a81a67b3,learning_curve,0.3.0.dev0,2026-09-11T16:06:44,0.1
Miller2019-imagery_basic,jc,im,Riemann HG TS + LogReg,kappa,0.0,0,learning_curve,5,12,48,0.1290662288665771,f55965f07628,0d79a81a67b3,learning_curve,0.3.0.dev0,2026-09-11T16:06:44,0.1
Miller2019-imagery_basic,jc,im,Riemann HG TS + LogReg,accuracy,0.5833333333333334,0,learning_curve,5,12,48,0.1290662288665771,f55965f07628,0d79a81a67b3,learning_curve,0.3.0.dev0,2026-09-11T16:06:44,0.1
Miller2019-imagery_basic,jc,im,Riemann HG TS + LogReg,balanced_accuracy,0.5,0,learning_curve,5,12,48,0.1290662288665771,f55965f07628,0d79a81a67b3,learning_curve,0.3.0.dev0,2026-09-11T16:06:44,0.1
Miller2019-imagery_basic,jc,im,Riemann TS + LogReg,kappa,0.0,0,learning_curve,5,12,48,0.0618278980255126,b4736e60e22e,0d79a81a67b3,learning_curve,0.3.0.dev0,2026-09-11T16:06:44,0.1
Miller2019-imagery_basic,jc,im,Riemann TS + LogReg,accuracy,0.5833333333333334,0,learning_curve,5,12,48,0.0618278980255126,b4736e60e22e,0d79a81a67b3,learning_curve,0.3.0.dev0,2026-09-11T16:06:44,0.1
Miller2019-imagery_basic,jc,im,Riemann TS + LogReg,balanced_accuracy,0.5,0,learning_curve,5,12,48,0.0618278980255126,b4736e60e22e,0d79a81a67b3,learning_curve,0.3.0.dev0,2026-09-11T16:06:44,0.1
Miller2019-imagery_basic,jc,im,HighGamma + LDA,kappa,0.6756756756756757,0,learning_curve,12,12,48,0.0795271396636962,f0ad027786a9,0d79a81a67b3,learning_curve,0.3.0.dev0,2026-09-11T16:06:44,0.25
Miller2019-imagery_basic,jc,im,HighGamma + LDA,accuracy,0.8333333333333334,0,learning_curve,12,12,48,0.0795271396636962,f0ad027786a9,0d79a81a67b3,learning_curve,0.3.0.dev0,2026-09-11T16:06:44,0.25
Miller2019-imagery_basic,jc,im,HighGamma + LDA,balanced_accuracy,0.8571428571428572,0,learning_curve,12,12,48,0.0795271396636962,f0ad027786a9,0d79a81a67b3,learning_curve,0.3.0.dev0,2026-09-11T16:06:44,0.25
Miller2019-imagery_basic,jc,im,LogBandPower + LDA,kappa,0.4705882352941176,0,learning_curve,12,12,48,0.0714468955993652,ad4c2abc31c8,0d79a81a67b3,learning_curve,0.3.0.dev0,2026-09-11T16:06:44,0.25
Miller2019-imagery_basic,jc,im,LogBandPower + LDA,accuracy,0.75,0,learning_curve,12,12,48,0.0714468955993652,ad4c2abc31c8,0d79a81a67b3,learning_curve,0.3.0.dev0,2026-09-11T16:06:44,0.25
Miller2019-imagery_basic,jc,im,LogBandPower + LDA,balanced_accuracy,0.7285714285714285,0,learning_curve,12,12,48,0.0714468955993652,ad4c2abc31c8,0d79a81a67b3,learning_curve,0.3.0.dev0,2026-09-11T16:06:44,0.25
Miller2019-imagery_basic,jc,im,LogBandPower + LogReg,kappa,0.4705882352941176,0,learning_curve,12,12,48,0.0611269474029541,688f919f3ab0,0d79a81a67b3,learning_curve,0.3.0.dev0,2026-09-11T16:06:44,0.25
Miller2019-imagery_basic,jc,im,LogBandPower + LogReg,accuracy,0.75,0,learning_curve,12,12,48,0.0611269474029541,688f919f3ab0,0d79a81a67b3,learning_curve,0.3.0.dev0,2026-09-11T16:06:44,0.25
Miller2019-imagery_basic,jc,im,LogBandPower + LogReg,balanced_accuracy,0.7285714285714285,0,learning_curve,12,12,48,0.0611269474029541,688f919f3ab0,0d79a81a67b3,learning_curve,0.3.0.dev0,2026-09-11T16:06:44,0.25
Miller2019-imagery_basic,jc,im,Riemann HG TS + LogReg,kappa,0.4375000000000001,0,learning_curve,12,12,48,0.1881217956542968,f55965f07628,0d79a81a67b3,learning_curve,0.3.0.dev0,2026-09-11T16:06:44,0.25
Miller2019-imagery_basic,jc,im,Riemann HG TS + LogReg,accuracy,0.75,0,learning_curve,12,12,48,0.1881217956542968,f55965f07628,0d79a81a67b3,learning_curve,0.3.0.dev0,2026-09-11T16:06:44,0.25
Miller2019-imagery_basic,jc,im,Riemann HG TS + LogReg,balanced_accuracy,0.7,0,learning_curve,12,12,48,0.1881217956542968,f55965f07628,0d79a81a67b3,learning_curve,0.3.0.dev0,2026-09-11T16:06:44,0.25
Miller2019-imagery_basic,jc,im,Riemann TS + LogReg,kappa,0.6363636363636364,0,learning_curve,12,12,48,0.0954186916351318,b4736e60e22e,0d79a81a67b3,learning_curve,0.3.0.dev0,2026-09-11T16:06:44,0.25
Miller2019-imagery_basic,jc,im,Riemann TS + LogReg,accuracy,0.8333333333333334,0,learning_curve,12,12,48,0.0954186916351318,b4736e60e22e,0d79a81a67b3,learning_curve,0.3.0.dev0,2026-09-11T16:06:44,0.25
Miller2019-imagery_basic,jc,im,Riemann TS + LogReg,balanced_accuracy,0.8,0,learning_curve,12,12,48,0.0954186916351318,b4736e60e22e,0d79a81a67b3,learning_curve,0.3.0.dev0,2026-09-11T16:06:44,0.25
Miller2019-imagery_basic,jc,im,HighGamma + LDA,kappa,0.5,0,learning_curve,24,12,48,0.131253957748413,f0ad027786a9,0d79a81a67b3,learning_curve,0.3.0.dev0,2026-09-11T16:06:44,0.5
Miller2019-imagery_basic,jc,im,HighGamma + LDA,accuracy,0.75,0,learning_curve,24,12,48,0.131253957748413,f0ad027786a9,0d79a81a67b3,learning_curve,0.3.0.dev0,2026-09-11T16:06:44,0.5
Miller2019-imagery_basic,jc,im,HighGamma + LDA,balanced_accuracy,0.7571428571428571,0,learning_curve,24,12,48,0.131253957748413,f0ad027786a9,0d79a81a67b3,learning_curve,0.3.0.dev0,2026-09-11T16:06:44,0.5
Miller2019-imagery_basic,jc,im,LogBandPower + LDA,kappa,0.6571428571428571,0,learning_curve,24,12,48,0.1306467056274414,ad4c2abc31c8,0d79a81a67b3,learning_curve,0.3.0.dev0,2026-09-11T16:06:44,0.5
Miller2019-imagery_basic,jc,im,LogBandPower + LDA,accuracy,0.8333333333333334,0,learning_curve,24,12,48,0.1306467056274414,ad4c2abc31c8,0d79a81a67b3,learning_curve,0.3.0.dev0,2026-09-11T16:06:44,0.5
Miller2019-imagery_basic,jc,im,LogBandPower + LDA,balanced_accuracy,0.8285714285714285,0,learning_curve,24,12,48,0.1306467056274414,ad4c2abc31c8,0d79a81a67b3,learning_curve,0.3.0.dev0,2026-09-11T16:06:44,0.5
Miller2019-imagery_basic,jc,im,LogBandPower + LogReg,kappa,0.6571428571428571,0,learning_curve,24,12,48,0.1364600658416748,688f919f3ab0,0d79a81a67b3,learning_curve,0.3.0.dev0,2026-09-11T16:06:44,0.5
Miller2019-imagery_basic,jc,im,LogBandPower + LogReg,accuracy,0.8333333333333334,0,learning_curve,24,12,48,0.1364600658416748,688f919f3ab0,0d79a81a67b3,learning_curve,0.3.0.dev0,2026-09-11T16:06:44,0.5
Miller2019-imagery_basic,jc,im,LogBandPower + LogReg,balanced_accuracy,0.8285714285714285,0,learning_curve,24,12,48,0.1364600658416748,688f919f3ab0,0d79a81a67b3,learning_curve,0.3.0.dev0,2026-09-11T16:06:44,0.5
Miller2019-imagery_basic,jc,im,Riemann HG TS + LogReg,kappa,0.4375000000000001,0,learning_curve,24,12,48,0.3170130252838135,f55965f07628,0d79a81a67b3,learning_curve,0.3.0.dev0,2026-09-11T16:06:44,0.5
Miller2019-imagery_basic,jc,im,Riemann HG TS + LogReg,accuracy,0.75,0,learning_curve,24,12,48,0.3170130252838135,f55965f07628,0d79a81a67b3,learning_curve,0.3.0.dev0,2026-09-11T16:06:44,0.5
Miller2019-imagery_basic,jc,im,Riemann HG TS + LogReg,balanced_accuracy,0.7,0,learning_curve,24,12,48,0.3170130252838135,f55965f07628,0d79a81a67b3,learning_curve,0.3.0.dev0,2026-09-11T16:06:44,0.5
Miller2019-imagery_basic,jc,im,Riemann TS + LogReg,kappa,0.8235294117647058,0,learning_curve,24,12,48,0.1337871551513672,b4736e60e22e,0d79a81a67b3,learning_curve,0.3.0.dev0,2026-09-11T16:06:44,0.5
Miller2019-imagery_basic,jc,im,Riemann TS + LogReg,accuracy,0.9166666666666666,0,learning_curve,24,12,48,0.1337871551513672,b4736e60e22e,0d79a81a67b3,learning_curve,0.3.0.dev0,2026-09-11T16:06:44,0.5
Miller2019-imagery_basic,jc,im,Riemann TS + LogReg,balanced_accuracy,0.9,0,learning_curve,24,12,48,0.1337871551513672,b4736e60e22e,0d79a81a67b3,learning_curve,0.3.0.dev0,2026-09-11T16:06:44,0.5
Miller2019-imagery_basic,jc,im,HighGamma + LDA,kappa,0.6571428571428571,0,learning_curve,48,12,48,0.2248361110687255,f0ad027786a9,0d79a81a67b3,learning_curve,0.3.0.dev0,2026-09-11T16:06:44,1.0
Miller2019-imagery_basic,jc,im,HighGamma + LDA,accuracy,0.8333333333333334,0,learning_curve,48,12,48,0.2248361110687255,f0ad027786a9,0d79a81a67b3,learning_curve,0.3.0.dev0,2026-09-11T16:06:44,1.0
Miller2019-imagery_basic,jc,im,HighGamma + LDA,balanced_accuracy,0.8285714285714285,0,learning_curve,48,12,48,0.2248361110687255,f0ad027786a9,0d79a81a67b3,learning_curve,0.3.0.dev0,2026-09-11T16:06:44,1.0
Miller2019-imagery_basic,jc,im,LogBandPower + LDA,kappa,0.5,0,learning_curve,48,12,48,0.1676480770111084,ad4c2abc31c8,0d79a81a67b3,learning_curve,0.3.0.dev0,2026-09-11T16:06:44,1.0
Miller2019-imagery_basic,jc,im,LogBandPower + LDA,accuracy,0.75,0,learning_curve,48,12,48,0.1676480770111084,ad4c2abc31c8,0d79a81a67b3,learning_curve,0.3.0.dev0,2026-09-11T16:06:44,1.0
Miller2019-imagery_basic,jc,im,LogBandPower + LDA,balanced_accuracy,0.7571428571428571,0,learning_curve,48,12,48,0.1676480770111084,ad4c2abc31c8,0d79a81a67b3,learning_curve,0.3.0.dev0,2026-09-11T16:06:44,1.0
Miller2019-imagery_basic,jc,im,LogBandPower + LogReg,kappa,0.6571428571428571,0,learning_curve,48,12,48,0.1688208580017089,688f919f3ab0,0d79a81a67b3,learning_curve,0.3.0.dev0,2026-09-11T16:06:44,1.0
Miller2019-imagery_basic,jc,im,LogBandPower + LogReg,accuracy,0.8333333333333334,0,learning_curve,48,12,48,0.1688208580017089,688f919f3ab0,0d79a81a67b3,learning_curve,0.3.0.dev0,2026-09-11T16:06:44,1.0
Miller2019-imagery_basic,jc,im,LogBandPower + LogReg,balanced_accuracy,0.8285714285714285,0,learning_curve,48,12,48,0.1688208580017089,688f919f3ab0,0d79a81a67b3,learning_curve,0.3.0.dev0,2026-09-11T16:06:44,1.0
Miller2019-imagery_basic,jc,im,Riemann HG TS + LogReg,kappa,0.6756756756756757,0,learning_curve,48,12,48,0.4867579936981201,f55965f07628,0d79a81a67b3,learning_curve,0.3.0.dev0,2026-09-11T16:06:44,1.0
Miller2019-imagery_basic,jc,im,Riemann HG TS + LogReg,accuracy,0.8333333333333334,0,learning_curve,48,12,48,0.4867579936981201,f55965f07628,0d79a81a67b3,learning_curve,0.3.0.dev0,2026-09-11T16:06:44,1.0
Miller2019-imagery_basic,jc,im,Riemann HG TS + LogReg,balanced_accuracy,0.8571428571428572,0,learning_curve,48,12,48,0.4867579936981201,f55965f07628,0d79a81a67b3,learning_curve,0.3.0.dev0,2026-09-11T16:06:44,1.0
Miller2019-imagery_basic,jc,im,Riemann TS + LogReg,kappa,0.3846153846153846,0,learning_curve,48,12,48,0.2270042896270752,b4736e60e22e,0d79a81a67b3,learning_curve,0.3.0.dev0,2026-09-11T16:06:44,1.0
Miller2019-imagery_basic,jc,im,Riemann TS + LogReg,accuracy,0.6666666666666666,0,learning_curve,48,12,48,0.2270042896270752,b4736e60e22e,0d79a81a67b3,learning_curve,0.3.0.dev0,2026-09-11T16:06:44,1.0
Miller2019-imagery_basic,jc,im,Riemann TS + LogReg,balanced_accuracy,0.7142857142857143,0,learning_curve,48,12,48,0.2270042896270752,b4736e60e22e,0d79a81a67b3,learning_curve,0.3.0.dev0,2026-09-11T16:06:44,1.0
Miller2019-imagery_basic,jm,mot,HighGamma + LDA,kappa,0.3076923076923076,0,learning_curve,5,12,64,0.0601191520690918,f0ad027786a9,0d79a81a67b3,learning_curve,0.3.0.dev0,2026-09-11T16:06:55,0.1
Miller2019-imagery_basic,jm,mot,HighGamma + LDA,accuracy,0.75,0,learning_curve,5,12,64,0.0601191520690918,f0ad027786a9,0d79a81a67b3,learning_curve,0.3.0.dev0,2026-09-11T16:06:55,0.1
Miller2019-imagery_basic,jm,mot,HighGamma + LDA,balanced_accuracy,0.625,0,learning_curve,5,12,64,0.0601191520690918,f0ad027786a9,0d79a81a67b3,learning_curve,0.3.0.dev0,2026-09-11T16:06:55,0.1
Miller2019-imagery_basic,jm,mot,LogBandPower + LDA,kappa,0.3076923076923076,0,learning_curve,5,12,64,0.0682229995727539,ad4c2abc31c8,0d79a81a67b3,learning_curve,0.3.0.dev0,2026-09-11T16:06:55,0.1
Miller2019-imagery_basic,jm,mot,LogBandPower + LDA,accuracy,0.75,0,learning_curve,5,12,64,0.0682229995727539,ad4c2abc31c8,0d79a81a67b3,learning_curve,0.3.0.dev0,2026-09-11T16:06:55,0.1
Miller2019-imagery_basic,jm,mot,LogBandPower + LDA,balanced_accuracy,0.625,0,learning_curve,5,12,64,0.0682229995727539,ad4c2abc31c8,0d79a81a67b3,learning_curve,0.3.0.dev0,2026-09-11T16:06:55,0.1
Miller2019-imagery_basic,jm,mot,LogBandPower + LogReg,kappa,0.1428571428571429,0,learning_curve,5,12,64,0.0584051609039306,688f919f3ab0,0d79a81a67b3,learning_curve,0.3.0.dev0,2026-09-11T16:06:55,0.1
Miller2019-imagery_basic,jm,mot,LogBandPower + LogReg,accuracy,0.6666666666666666,0,learning_curve,5,12,64,0.0584051609039306,688f919f3ab0,0d79a81a67b3,learning_curve,0.3.0.dev0,2026-09-11T16:06:55,0.1
Miller2019-imagery_basic,jm,mot,LogBandPower + LogReg,balanced_accuracy,0.5625,0,learning_curve,5,12,64,0.0584051609039306,688f919f3ab0,0d79a81a67b3,learning_curve,0.3.0.dev0,2026-09-11T16:06:55,0.1
Miller2019-imagery_basic,jm,mot,Riemann HG TS + LogReg,kappa,0.0,0,learning_curve,5,12,64,0.1827199459075927,f55965f07628,0d79a81a67b3,learning_curve,0.3.0.dev0,2026-09-11T16:06:55,0.1
Miller2019-imagery_basic,jm,mot,Riemann HG TS + LogReg,accuracy,0.6666666666666666,0,learning_curve,5,12,64,0.1827199459075927,f55965f07628,0d79a81a67b3,learning_curve,0.3.0.dev0,2026-09-11T16:06:55,0.1
Miller2019-imagery_basic,jm,mot,Riemann HG TS + LogReg,balanced_accuracy,0.5,0,learning_curve,5,12,64,0.1827199459075927,f55965f07628,0d79a81a67b3,learning_curve,0.3.0.dev0,2026-09-11T16:06:55,0.1
Miller2019-imagery_basic,jm,mot,Riemann TS + LogReg,kappa,0.0,0,learning_curve,5,12,64,0.089977741241455,b4736e60e22e,0d79a81a67b3,learning_curve,0.3.0.dev0,2026-09-11T16:06:55,0.1
Miller2019-imagery_basic,jm,mot,Riemann TS + LogReg,accuracy,0.6666666666666666,0,learning_curve,5,12,64,0.089977741241455,b4736e60e22e,0d79a81a67b3,learning_curve,0.3.0.dev0,2026-09-11T16:06:55,0.1
Miller2019-imagery_basic,jm,mot,Riemann TS + LogReg,balanced_accuracy,0.5,0,learning_curve,5,12,64,0.089977741241455,b4736e60e22e,0d79a81a67b3,learning_curve,0.3.0.dev0,2026-09-11T16:06:55,0.1
Miller2019-imagery_basic,jm,mot,HighGamma + LDA,kappa,0.3076923076923076,0,learning_curve,12,12,64,0.0776538848876953,f0ad027786a9,0d79a81a67b3,learning_curve,0.3.0.dev0,2026-09-11T16:06:55,0.25
Miller2019-imagery_basic,jm,mot,HighGamma + LDA,accuracy,0.75,0,learning_curve,12,12,64,0.0776538848876953,f0ad027786a9,0d79a81a67b3,learning_curve,0.3.0.dev0,2026-09-11T16:06:55,0.25
Miller2019-imagery_basic,jm,mot,HighGamma + LDA,balanced_accuracy,0.625,0,learning_curve,12,12,64,0.0776538848876953,f0ad027786a9,0d79a81a67b3,learning_curve,0.3.0.dev0,2026-09-11T16:06:55,0.25
Miller2019-imagery_basic,jm,mot,LogBandPower + LDA,kappa,0.1428571428571429,0,learning_curve,12,12,64,0.0939640998840332,ad4c2abc31c8,0d79a81a67b3,learning_curve,0.3.0.dev0,2026-09-11T16:06:55,0.25
Miller2019-imagery_basic,jm,mot,LogBandPower + LDA,accuracy,0.6666666666666666,0,learning_curve,12,12,64,0.0939640998840332,ad4c2abc31c8,0d79a81a67b3,learning_curve,0.3.0.dev0,2026-09-11T16:06:55,0.25
Miller2019-imagery_basic,jm,mot,LogBandPower + LDA,balanced_accuracy,0.5625,0,learning_curve,12,12,64,0.0939640998840332,ad4c2abc31c8,0d79a81a67b3,learning_curve,0.3.0.dev0,2026-09-11T16:06:55,0.25
Miller2019-imagery_basic,jm,mot,LogBandPower + LogReg,kappa,0.4,0,learning_curve,12,12,64,0.0782270431518554,688f919f3ab0,0d79a81a67b3,learning_curve,0.3.0.dev0,2026-09-11T16:06:55,0.25
Miller2019-imagery_basic,jm,mot,LogBandPower + LogReg,accuracy,0.75,0,learning_curve,12,12,64,0.0782270431518554,688f919f3ab0,0d79a81a67b3,learning_curve,0.3.0.dev0,2026-09-11T16:06:55,0.25
Miller2019-imagery_basic,jm,mot,LogBandPower + LogReg,balanced_accuracy,0.6875,0,learning_curve,12,12,64,0.0782270431518554,688f919f3ab0,0d79a81a67b3,learning_curve,0.3.0.dev0,2026-09-11T16:06:55,0.25
Miller2019-imagery_basic,jm,mot,Riemann HG TS + LogReg,kappa,0.4705882352941176,0,learning_curve,12,12,64,0.2689619064331054,f55965f07628,0d79a81a67b3,learning_curve,0.3.0.dev0,2026-09-11T16:06:55,0.25
Miller2019-imagery_basic,jm,mot,Riemann HG TS + LogReg,accuracy,0.75,0,learning_curve,12,12,64,0.2689619064331054,f55965f07628,0d79a81a67b3,learning_curve,0.3.0.dev0,2026-09-11T16:06:55,0.25
Miller2019-imagery_basic,jm,mot,Riemann HG TS + LogReg,balanced_accuracy,0.75,0,learning_curve,12,12,64,0.2689619064331054,f55965f07628,0d79a81a67b3,learning_curve,0.3.0.dev0,2026-09-11T16:06:55,0.25
Miller2019-imagery_basic,jm,mot,Riemann TS + LogReg,kappa,0.0,0,learning_curve,12,12,64,0.1370861530303955,b4736e60e22e,0d79a81a67b3,learning_curve,0.3.0.dev0,2026-09-11T16:06:55,0.25
Miller2019-imagery_basic,jm,mot,Riemann TS + LogReg,accuracy,0.3333333333333333,0,learning_curve,12,12,64,0.1370861530303955,b4736e60e22e,0d79a81a67b3,learning_curve,0.3.0.dev0,2026-09-11T16:06:55,0.25
Miller2019-imagery_basic,jm,mot,Riemann TS + LogReg,balanced_accuracy,0.5,0,learning_curve,12,12,64,0.1370861530303955,b4736e60e22e,0d79a81a67b3,learning_curve,0.3.0.dev0,2026-09-11T16:06:55,0.25
Miller2019-imagery_basic,jm,mot,HighGamma + LDA,kappa,0.625,0,learning_curve,24,12,64,0.1304261684417724,f0ad027786a9,0d79a81a67b3,learning_curve,0.3.0.dev0,2026-09-11T16:06:55,0.5
Miller2019-imagery_basic,jm,mot,HighGamma + LDA,accuracy,0.8333333333333334,0,learning_curve,24,12,64,0.1304261684417724,f0ad027786a9,0d79a81a67b3,learning_curve,0.3.0.dev0,2026-09-11T16:06:55,0.5
Miller2019-imagery_basic,jm,mot,HighGamma + LDA,balanced_accuracy,0.8125,0,learning_curve,24,12,64,0.1304261684417724,f0ad027786a9,0d79a81a67b3,learning_curve,0.3.0.dev0,2026-09-11T16:06:55,0.5
Miller2019-imagery_basic,jm,mot,LogBandPower + LDA,kappa,0.5263157894736843,0,learning_curve,24,12,64,0.135930061340332,ad4c2abc31c8,0d79a81a67b3,learning_curve,0.3.0.dev0,2026-09-11T16:06:55,0.5
Miller2019-imagery_basic,jm,mot,LogBandPower + LDA,accuracy,0.75,0,learning_curve,24,12,64,0.135930061340332,ad4c2abc31c8,0d79a81a67b3,learning_curve,0.3.0.dev0,2026-09-11T16:06:55,0.5
Miller2019-imagery_basic,jm,mot,LogBandPower + LDA,balanced_accuracy,0.8125,0,learning_curve,24,12,64,0.135930061340332,ad4c2abc31c8,0d79a81a67b3,learning_curve,0.3.0.dev0,2026-09-11T16:06:55,0.5
Miller2019-imagery_basic,jm,mot,LogBandPower + LogReg,kappa,0.3999999999999999,0,learning_curve,24,12,64,0.1260430812835693,688f919f3ab0,0d79a81a67b3,learning_curve,0.3.0.dev0,2026-09-11T16:06:55,0.5
Miller2019-imagery_basic,jm,mot,LogBandPower + LogReg,accuracy,0.6666666666666666,0,learning_curve,24,12,64,0.1260430812835693,688f919f3ab0,0d79a81a67b3,learning_curve,0.3.0.dev0,2026-09-11T16:06:55,0.5
Miller2019-imagery_basic,jm,mot,LogBandPower + LogReg,balanced_accuracy,0.75,0,learning_curve,24,12,64,0.1260430812835693,688f919f3ab0,0d79a81a67b3,learning_curve,0.3.0.dev0,2026-09-11T16:06:55,0.5
Miller2019-imagery_basic,jm,mot,Riemann HG TS + LogReg,kappa,0.4705882352941176,0,learning_curve,24,12,64,0.4030079841613769,f55965f07628,0d79a81a67b3,learning_curve,0.3.0.dev0,2026-09-11T16:06:55,0.5
Miller2019-imagery_basic,jm,mot,Riemann HG TS + LogReg,accuracy,0.75,0,learning_curve,24,12,64,0.4030079841613769,f55965f07628,0d79a81a67b3,learning_curve,0.3.0.dev0,2026-09-11T16:06:55,0.5
Miller2019-imagery_basic,jm,mot,Riemann HG TS + LogReg,balanced_accuracy,0.75,0,learning_curve,24,12,64,0.4030079841613769,f55965f07628,0d79a81a67b3,learning_curve,0.3.0.dev0,2026-09-11T16:06:55,0.5
Miller2019-imagery_basic,jm,mot,Riemann TS + LogReg,kappa,-0.0909090909090908,0,learning_curve,24,12,64,0.21240234375,b4736e60e22e,0d79a81a67b3,learning_curve,0.3.0.dev0,2026-09-11T16:06:55,0.5
Miller2019-imagery_basic,jm,mot,Riemann TS + LogReg,accuracy,0.3333333333333333,0,learning_curve,24,12,64,0.21240234375,b4736e60e22e,0d79a81a67b3,learning_curve,0.3.0.dev0,2026-09-11T16:06:55,0.5
Miller2019-imagery_basic,jm,mot,Riemann TS + LogReg,balanced_accuracy,0.4375,0,learning_curve,24,12,64,0.21240234375,b4736e60e22e,0d79a81a67b3,learning_curve,0.3.0.dev0,2026-09-11T16:06:55,0.5
Miller2019-imagery_basic,jm,mot,HighGamma + LDA,kappa,0.625,0,learning_curve,48,12,64,0.2729840278625488,f0ad027786a9,0d79a81a67b3,learning_curve,0.3.0.dev0,2026-09-11T16:06:55,1.0
Miller2019-imagery_basic,jm,mot,HighGamma + LDA,accuracy,0.8333333333333334,0,learning_curve,48,12,64,0.2729840278625488,f0ad027786a9,0d79a81a67b3,learning_curve,0.3.0.dev0,2026-09-11T16:06:55,1.0
Miller2019-imagery_basic,jm,mot,HighGamma + LDA,balanced_accuracy,0.8125,0,learning_curve,48,12,64,0.2729840278625488,f0ad027786a9,0d79a81a67b3,learning_curve,0.3.0.dev0,2026-09-11T16:06:55,1.0
Miller2019-imagery_basic,jm,mot,LogBandPower + LDA,kappa,0.625,0,learning_curve,48,12,64,0.2555539608001709,ad4c2abc31c8,0d79a81a67b3,learning_curve,0.3.0.dev0,2026-09-11T16:06:55,1.0
Miller2019-imagery_basic,jm,mot,LogBandPower + LDA,accuracy,0.8333333333333334,0,learning_curve,48,12,64,0.2555539608001709,ad4c2abc31c8,0d79a81a67b3,learning_curve,0.3.0.dev0,2026-09-11T16:06:55,1.0
Miller2019-imagery_basic,jm,mot,LogBandPower + LDA,balanced_accuracy,0.8125,0,learning_curve,48,12,64,0.2555539608001709,ad4c2abc31c8,0d79a81a67b3,learning_curve,0.3.0.dev0,2026-09-11T16:06:55,1.0
Miller2019-imagery_basic,jm,mot,LogBandPower + LogReg,kappa,0.6666666666666667,0,learning_curve,48,12,64,0.2602949142456054,688f919f3ab0,0d79a81a67b3,learning_curve,0.3.0.dev0,2026-09-11T16:06:55,1.0
Miller2019-imagery_basic,jm,mot,LogBandPower + LogReg,accuracy,0.8333333333333334,0,learning_curve,48,12,64,0.2602949142456054,688f919f3ab0,0d79a81a67b3,learning_curve,0.3.0.dev0,2026-09-11T16:06:55,1.0
Miller2019-imagery_basic,jm,mot,LogBandPower + LogReg,balanced_accuracy,0.875,0,learning_curve,48,12,64,0.2602949142456054,688f919f3ab0,0d79a81a67b3,learning_curve,0.3.0.dev0,2026-09-11T16:06:55,1.0
Miller2019-imagery_basic,jm,mot,Riemann HG TS + LogReg,kappa,0.625,0,learning_curve,48,12,64,0.7140781879425049,f55965f07628,0d79a81a67b3,learning_curve,0.3.0.dev0,2026-09-11T16:06:55,1.0
Miller2019-imagery_basic,jm,mot,Riemann HG TS + LogReg,accuracy,0.8333333333333334,0,learning_curve,48,12,64,0.7140781879425049,f55965f07628,0d79a81a67b3,learning_curve,0.3.0.dev0,2026-09-11T16:06:55,1.0
Miller2019-imagery_basic,jm,mot,Riemann HG TS + LogReg,balanced_accuracy,0.8125,0,learning_curve,48,12,64,0.7140781879425049,f55965f07628,0d79a81a67b3,learning_curve,0.3.0.dev0,2026-09-11T16:06:55,1.0
Miller2019-imagery_basic,jm,mot,Riemann TS + LogReg,kappa,0.4,0,learning_curve,48,12,64,0.3966519832611084,b4736e60e22e,0d79a81a67b3,learning_curve,0.3.0.dev0,2026-09-11T16:06:55,1.0
Miller2019-imagery_basic,jm,mot,Riemann TS + LogReg,accuracy,0.75,0,learning_curve,48,12,64,0.3966519832611084,b4736e60e22e,0d79a81a67b3,learning_curve,0.3.0.dev0,2026-09-11T16:06:55,1.0
Miller2019-imagery_basic,jm,mot,Riemann TS + LogReg,balanced_accuracy,0.6875,0,learning_curve,48,12,64,0.3966519832611084,b4736e60e22e,0d79a81a67b3,learning_curve,0.3.0.dev0,2026-09-11T16:06:55,1.0
Miller2019-imagery_basic,jm,im,HighGamma + LDA,kappa,0.1666666666666666,0,learning_curve,5,12,64,0.0583958625793457,f0ad027786a9,0d79a81a67b3,learning_curve,0.3.0.dev0,2026-09-11T16:06:55,0.1
Miller2019-imagery_basic,jm,im,HighGamma + LDA,accuracy,0.5833333333333334,0,learning_curve,5,12,64,0.0583958625793457,f0ad027786a9,0d79a81a67b3,learning_curve,0.3.0.dev0,2026-09-11T16:06:55,0.1
Miller2019-imagery_basic,jm,im,HighGamma + LDA,balanced_accuracy,0.5833333333333334,0,learning_curve,5,12,64,0.0583958625793457,f0ad027786a9,0d79a81a67b3,learning_curve,0.3.0.dev0,2026-09-11T16:06:55,0.1
Miller2019-imagery_basic,jm,im,LogBandPower + LDA,kappa,0.0,0,learning_curve,5,12,64,0.0680708885192871,ad4c2abc31c8,0d79a81a67b3,learning_curve,0.3.0.dev0,2026-09-11T16:06:55,0.1
Miller2019-imagery_basic,jm,im,LogBandPower + LDA,accuracy,0.5,0,learning_curve,5,12,64,0.0680708885192871,ad4c2abc31c8,0d79a81a67b3,learning_curve,0.3.0.dev0,2026-09-11T16:06:55,0.1
Miller2019-imagery_basic,jm,im,LogBandPower + LDA,balanced_accuracy,0.5,0,learning_curve,5,12,64,0.0680708885192871,ad4c2abc31c8,0d79a81a67b3,learning_curve,0.3.0.dev0,2026-09-11T16:06:55,0.1
Miller2019-imagery_basic,jm,im,LogBandPower + LogReg,kappa,-0.3333333333333332,0,learning_curve,5,12,64,0.0581579208374023,688f919f3ab0,0d79a81a67b3,learning_curve,0.3.0.dev0,2026-09-11T16:06:55,0.1
Miller2019-imagery_basic,jm,im,LogBandPower + LogReg,accuracy,0.3333333333333333,0,learning_curve,5,12,64,0.0581579208374023,688f919f3ab0,0d79a81a67b3,learning_curve,0.3.0.dev0,2026-09-11T16:06:55,0.1
Miller2019-imagery_basic,jm,im,LogBandPower + LogReg,balanced_accuracy,0.3333333333333333,0,learning_curve,5,12,64,0.0581579208374023,688f919f3ab0,0d79a81a67b3,learning_curve,0.3.0.dev0,2026-09-11T16:06:55,0.1
Miller2019-imagery_basic,jm,im,Riemann HG TS + LogReg,kappa,0.0,0,learning_curve,5,12,64,0.1836988925933838,f55965f07628,0d79a81a67b3,learning_curve,0.3.0.dev0,2026-09-11T16:06:55,0.1
Miller2019-imagery_basic,jm,im,Riemann HG TS + LogReg,accuracy,0.5,0,learning_curve,5,12,64,0.1836988925933838,f55965f07628,0d79a81a67b3,learning_curve,0.3.0.dev0,2026-09-11T16:06:55,0.1
Miller2019-imagery_basic,jm,im,Riemann HG TS + LogReg,balanced_accuracy,0.5,0,learning_curve,5,12,64,0.1836988925933838,f55965f07628,0d79a81a67b3,learning_curve,0.3.0.dev0,2026-09-11T16:06:55,0.1
Miller2019-imagery_basic,jm,im,Riemann TS + LogReg,kappa,0.0,0,learning_curve,5,12,64,0.0912020206451416,b4736e60e22e,0d79a81a67b3,learning_curve,0.3.0.dev0,2026-09-11T16:06:55,0.1
Miller2019-imagery_basic,jm,im,Riemann TS + LogReg,accuracy,0.5,0,learning_curve,5,12,64,0.0912020206451416,b4736e60e22e,0d79a81a67b3,learning_curve,0.3.0.dev0,2026-09-11T16:06:55,0.1
Miller2019-imagery_basic,jm,im,Riemann TS + LogReg,balanced_accuracy,0.5,0,learning_curve,5,12,64,0.0912020206451416,b4736e60e22e,0d79a81a67b3,learning_curve,0.3.0.dev0,2026-09-11T16:06:55,0.1
Miller2019-imagery_basic,jm,im,HighGamma + LDA,kappa,0.1666666666666666,0,learning_curve,12,12,64,0.0804557800292968,f0ad027786a9,0d79a81a67b3,learning_curve,0.3.0.dev0,2026-09-11T16:06:55,0.25
Miller2019-imagery_basic,jm,im,HighGamma + LDA,accuracy,0.5833333333333334,0,learning_curve,12,12,64,0.0804557800292968,f0ad027786a9,0d79a81a67b3,learning_curve,0.3.0.dev0,2026-09-11T16:06:55,0.25
Miller2019-imagery_basic,jm,im,HighGamma + LDA,balanced_accuracy,0.5833333333333334,0,learning_curve,12,12,64,0.0804557800292968,f0ad027786a9,0d79a81a67b3,learning_curve,0.3.0.dev0,2026-09-11T16:06:55,0.25
Miller2019-imagery_basic,jm,im,LogBandPower + LDA,kappa,0.1666666666666666,0,learning_curve,12,12,64,0.0930790901184082,ad4c2abc31c8,0d79a81a67b3,learning_curve,0.3.0.dev0,2026-09-11T16:06:55,0.25
Miller2019-imagery_basic,jm,im,LogBandPower + LDA,accuracy,0.5833333333333334,0,learning_curve,12,12,64,0.0930790901184082,ad4c2abc31c8,0d79a81a67b3,learning_curve,0.3.0.dev0,2026-09-11T16:06:55,0.25
Miller2019-imagery_basic,jm,im,LogBandPower + LDA,balanced_accuracy,0.5833333333333334,0,learning_curve,12,12,64,0.0930790901184082,ad4c2abc31c8,0d79a81a67b3,learning_curve,0.3.0.dev0,2026-09-11T16:06:55,0.25
Miller2019-imagery_basic,jm,im,LogBandPower + LogReg,kappa,0.0,0,learning_curve,12,12,64,0.0810410976409912,688f919f3ab0,0d79a81a67b3,learning_curve,0.3.0.dev0,2026-09-11T16:06:55,0.25
Miller2019-imagery_basic,jm,im,LogBandPower + LogReg,accuracy,0.5,0,learning_curve,12,12,64,0.0810410976409912,688f919f3ab0,0d79a81a67b3,learning_curve,0.3.0.dev0,2026-09-11T16:06:55,0.25
Miller2019-imagery_basic,jm,im,LogBandPower + LogReg,balanced_accuracy,0.5,0,learning_curve,12,12,64,0.0810410976409912,688f919f3ab0,0d79a81a67b3,learning_curve,0.3.0.dev0,2026-09-11T16:06:55,0.25
Miller2019-imagery_basic,jm,im,Riemann HG TS + LogReg,kappa,0.0,0,learning_curve,12,12,64,0.2683191299438476,f55965f07628,0d79a81a67b3,learning_curve,0.3.0.dev0,2026-09-11T16:06:55,0.25
Miller2019-imagery_basic,jm,im,Riemann HG TS + LogReg,accuracy,0.5,0,learning_curve,12,12,64,0.2683191299438476,f55965f07628,0d79a81a67b3,learning_curve,0.3.0.dev0,2026-09-11T16:06:55,0.25
Miller2019-imagery_basic,jm,im,Riemann HG TS + LogReg,balanced_accuracy,0.5,0,learning_curve,12,12,64,0.2683191299438476,f55965f07628,0d79a81a67b3,learning_curve,0.3.0.dev0,2026-09-11T16:06:55,0.25
Miller2019-imagery_basic,jm,im,Riemann TS + LogReg,kappa,0.0,0,learning_curve,12,12,64,0.1367158889770507,b4736e60e22e,0d79a81a67b3,learning_curve,0.3.0.dev0,2026-09-11T16:06:55,0.25
Miller2019-imagery_basic,jm,im,Riemann TS + LogReg,accuracy,0.5,0,learning_curve,12,12,64,0.1367158889770507,b4736e60e22e,0d79a81a67b3,learning_curve,0.3.0.dev0,2026-09-11T16:06:55,0.25
Miller2019-imagery_basic,jm,im,Riemann TS + LogReg,balanced_accuracy,0.5,0,learning_curve,12,12,64,0.1367158889770507,b4736e60e22e,0d79a81a67b3,learning_curve,0.3.0.dev0,2026-09-11T16:06:55,0.25
Miller2019-imagery_basic,jm,im,HighGamma + LDA,kappa,0.3333333333333333,0,learning_curve,24,12,64,0.1303539276123047,f0ad027786a9,0d79a81a67b3,learning_curve,0.3.0.dev0,2026-09-11T16:06:55,0.5
Miller2019-imagery_basic,jm,im,HighGamma + LDA,accuracy,0.6666666666666666,0,learning_curve,24,12,64,0.1303539276123047,f0ad027786a9,0d79a81a67b3,learning_curve,0.3.0.dev0,2026-09-11T16:06:55,0.5
Miller2019-imagery_basic,jm,im,HighGamma + LDA,balanced_accuracy,0.6666666666666667,0,learning_curve,24,12,64,0.1303539276123047,f0ad027786a9,0d79a81a67b3,learning_curve,0.3.0.dev0,2026-09-11T16:06:55,0.5
Miller2019-imagery_basic,jm,im,LogBandPower + LDA,kappa,0.0,0,learning_curve,24,12,64,0.1409821510314941,ad4c2abc31c8,0d79a81a67b3,learning_curve,0.3.0.dev0,2026-09-11T16:06:55,0.5
Miller2019-imagery_basic,jm,im,LogBandPower + LDA,accuracy,0.5,0,learning_curve,24,12,64,0.1409821510314941,ad4c2abc31c8,0d79a81a67b3,learning_curve,0.3.0.dev0,2026-09-11T16:06:55,0.5
Miller2019-imagery_basic,jm,im,LogBandPower + LDA,balanced_accuracy,0.5,0,learning_curve,24,12,64,0.1409821510314941,ad4c2abc31c8,0d79a81a67b3,learning_curve,0.3.0.dev0,2026-09-11T16:06:55,0.5
Miller2019-imagery_basic,jm,im,LogBandPower + LogReg,kappa,0.0,0,learning_curve,24,12,64,0.1288437843322754,688f919f3ab0,0d79a81a67b3,learning_curve,0.3.0.dev0,2026-09-11T16:06:55,0.5
Miller2019-imagery_basic,jm,im,LogBandPower + LogReg,accuracy,0.5,0,learning_curve,24,12,64,0.1288437843322754,688f919f3ab0,0d79a81a67b3,learning_curve,0.3.0.dev0,2026-09-11T16:06:55,0.5
Miller2019-imagery_basic,jm,im,LogBandPower + LogReg,balanced_accuracy,0.5,0,learning_curve,24,12,64,0.1288437843322754,688f919f3ab0,0d79a81a67b3,learning_curve,0.3.0.dev0,2026-09-11T16:06:55,0.5
Miller2019-imagery_basic,jm,im,Riemann HG TS + LogReg,kappa,0.1666666666666666,0,learning_curve,24,12,64,0.5259439945220947,f55965f07628,0d79a81a67b3,learning_curve,0.3.0.dev0,2026-09-11T16:06:55,0.5
Miller2019-imagery_basic,jm,im,Riemann HG TS + LogReg,accuracy,0.5833333333333334,0,learning_curve,24,12,64,0.5259439945220947,f55965f07628,0d79a81a67b3,learning_curve,0.3.0.dev0,2026-09-11T16:06:55,0.5
Miller2019-imagery_basic,jm,im,Riemann HG TS + LogReg,balanced_accuracy,0.5833333333333334,0,learning_curve,24,12,64,0.5259439945220947,f55965f07628,0d79a81a67b3,learning_curve,0.3.0.dev0,2026-09-11T16:06:55,0.5
Miller2019-imagery_basic,jm,im,Riemann TS + LogReg,kappa,0.0,0,learning_curve,24,12,64,0.2404031753540039,b4736e60e22e,0d79a81a67b3,learning_curve,0.3.0.dev0,2026-09-11T16:06:55,0.5
Miller2019-imagery_basic,jm,im,Riemann TS + LogReg,accuracy,0.5,0,learning_curve,24,12,64,0.2404031753540039,b4736e60e22e,0d79a81a67b3,learning_curve,0.3.0.dev0,2026-09-11T16:06:55,0.5
Miller2019-imagery_basic,jm,im,Riemann TS + LogReg,balanced_accuracy,0.5,0,learning_curve,24,12,64,0.2404031753540039,b4736e60e22e,0d79a81a67b3,learning_curve,0.3.0.dev0,2026-09-11T16:06:55,0.5
Miller2019-imagery_basic,jm,im,HighGamma + LDA,kappa,0.8333333333333334,0,learning_curve,48,12,64,0.3721530437469482,f0ad027786a9,0d79a81a67b3,learning_curve,0.3.0.dev0,2026-09-11T16:06:55,1.0
Miller2019-imagery_basic,jm,im,HighGamma + LDA,accuracy,0.9166666666666666,0,learning_curve,48,12,64,0.3721530437469482,f0ad027786a9,0d79a81a67b3,learning_curve,0.3.0.dev0,2026-09-11T16:06:55,1.0
Miller2019-imagery_basic,jm,im,HighGamma + LDA,balanced_accuracy,0.9166666666666669,0,learning_curve,48,12,64,0.3721530437469482,f0ad027786a9,0d79a81a67b3,learning_curve,0.3.0.dev0,2026-09-11T16:06:55,1.0
Miller2019-imagery_basic,jm,im,LogBandPower + LDA,kappa,0.3333333333333333,0,learning_curve,48,12,64,0.3181390762329101,ad4c2abc31c8,0d79a81a67b3,learning_curve,0.3.0.dev0,2026-09-11T16:06:55,1.0
Miller2019-imagery_basic,jm,im,LogBandPower + LDA,accuracy,0.6666666666666666,0,learning_curve,48,12,64,0.3181390762329101,ad4c2abc31c8,0d79a81a67b3,learning_curve,0.3.0.dev0,2026-09-11T16:06:55,1.0
Miller2019-imagery_basic,jm,im,LogBandPower + LDA,balanced_accuracy,0.6666666666666667,0,learning_curve,48,12,64,0.3181390762329101,ad4c2abc31c8,0d79a81a67b3,learning_curve,0.3.0.dev0,2026-09-11T16:06:55,1.0
Miller2019-imagery_basic,jm,im,LogBandPower + LogReg,kappa,0.3333333333333333,0,learning_curve,48,12,64,0.2853760719299316,688f919f3ab0,0d79a81a67b3,learning_curve,0.3.0.dev0,2026-09-11T16:06:55,1.0
Miller2019-imagery_basic,jm,im,LogBandPower + LogReg,accuracy,0.6666666666666666,0,learning_curve,48,12,64,0.2853760719299316,688f919f3ab0,0d79a81a67b3,learning_curve,0.3.0.dev0,2026-09-11T16:06:55,1.0
Miller2019-imagery_basic,jm,im,LogBandPower + LogReg,balanced_accuracy,0.6666666666666667,0,learning_curve,48,12,64,0.2853760719299316,688f919f3ab0,0d79a81a67b3,learning_curve,0.3.0.dev0,2026-09-11T16:06:55,1.0
Miller2019-imagery_basic,jm,im,Riemann HG TS + LogReg,kappa,0.3333333333333333,0,learning_curve,48,12,64,0.7155270576477051,f55965f07628,0d79a81a67b3,learning_curve,0.3.0.dev0,2026-09-11T16:06:55,1.0
Miller2019-imagery_basic,jm,im,Riemann HG TS + LogReg,accuracy,0.6666666666666666,0,learning_curve,48,12,64,0.7155270576477051,f55965f07628,0d79a81a67b3,learning_curve,0.3.0.dev0,2026-09-11T16:06:55,1.0
Miller2019-imagery_basic,jm,im,Riemann HG TS + LogReg,balanced_accuracy,0.6666666666666667,0,learning_curve,48,12,64,0.7155270576477051,f55965f07628,0d79a81a67b3,learning_curve,0.3.0.dev0,2026-09-11T16:06:55,1.0
Miller2019-imagery_basic,jm,im,Riemann TS + LogReg,kappa,0.3333333333333333,0,learning_curve,48,12,64,0.3672609329223633,b4736e60e22e,0d79a81a67b3,learning_curve,0.3.0.dev0,2026-09-11T16:06:55,1.0
Miller2019-imagery_basic,jm,im,Riemann TS + LogReg,accuracy,0.6666666666666666,0,learning_curve,48,12,64,0.3672609329223633,b4736e60e22e,0d79a81a67b3,learning_curve,0.3.0.dev0,2026-09-11T16:06:55,1.0
Miller2019-imagery_basic,jm,im,Riemann TS + LogReg,balanced_accuracy,0.6666666666666667,0,learning_curve,48,12,64,0.3672609329223633,b4736e60e22e,0d79a81a67b3,learning_curve,0.3.0.dev0,2026-09-11T16:06:55,1.0
Miller2019-imagery_basic,rh,mot,HighGamma + LDA,kappa,0.6666666666666667,0,learning_curve,5,12,64,0.0668437480926513,f0ad027786a9,0d79a81a67b3,learning_curve,0.3.0.dev0,2026-09-11T16:07:06,0.1
Miller2019-imagery_basic,rh,mot,HighGamma + LDA,accuracy,0.8333333333333334,0,learning_curve,5,12,64,0.0668437480926513,f0ad027786a9,0d79a81a67b3,learning_curve,0.3.0.dev0,2026-09-11T16:07:06,0.1
Miller2019-imagery_basic,rh,mot,HighGamma + LDA,balanced_accuracy,0.8333333333333333,0,learning_curve,5,12,64,0.0668437480926513,f0ad027786a9,0d79a81a67b3,learning_curve,0.3.0.dev0,2026-09-11T16:07:06,0.1
Miller2019-imagery_basic,rh,mot,LogBandPower + LDA,kappa,0.6666666666666667,0,learning_curve,5,12,64,0.0721070766448974,ad4c2abc31c8,0d79a81a67b3,learning_curve,0.3.0.dev0,2026-09-11T16:07:06,0.1
Miller2019-imagery_basic,rh,mot,LogBandPower + LDA,accuracy,0.8333333333333334,0,learning_curve,5,12,64,0.0721070766448974,ad4c2abc31c8,0d79a81a67b3,learning_curve,0.3.0.dev0,2026-09-11T16:07:06,0.1
Miller2019-imagery_basic,rh,mot,LogBandPower + LDA,balanced_accuracy,0.8333333333333334,0,learning_curve,5,12,64,0.0721070766448974,ad4c2abc31c8,0d79a81a67b3,learning_curve,0.3.0.dev0,2026-09-11T16:07:06,0.1
Miller2019-imagery_basic,rh,mot,LogBandPower + LogReg,kappa,0.0,0,learning_curve,5,12,64,0.0637850761413574,688f919f3ab0,0d79a81a67b3,learning_curve,0.3.0.dev0,2026-09-11T16:07:06,0.1
Miller2019-imagery_basic,rh,mot,LogBandPower + LogReg,accuracy,0.5,0,learning_curve,5,12,64,0.0637850761413574,688f919f3ab0,0d79a81a67b3,learning_curve,0.3.0.dev0,2026-09-11T16:07:06,0.1
Miller2019-imagery_basic,rh,mot,LogBandPower + LogReg,balanced_accuracy,0.5,0,learning_curve,5,12,64,0.0637850761413574,688f919f3ab0,0d79a81a67b3,learning_curve,0.3.0.dev0,2026-09-11T16:07:06,0.1
Miller2019-imagery_basic,rh,mot,Riemann HG TS + LogReg,kappa,0.6666666666666667,0,learning_curve,5,12,64,0.1830418109893798,f55965f07628,0d79a81a67b3,learning_curve,0.3.0.dev0,2026-09-11T16:07:06,0.1
Miller2019-imagery_basic,rh,mot,Riemann HG TS + LogReg,accuracy,0.8333333333333334,0,learning_curve,5,12,64,0.1830418109893798,f55965f07628,0d79a81a67b3,learning_curve,0.3.0.dev0,2026-09-11T16:07:06,0.1
Miller2019-imagery_basic,rh,mot,Riemann HG TS + LogReg,balanced_accuracy,0.8333333333333334,0,learning_curve,5,12,64,0.1830418109893798,f55965f07628,0d79a81a67b3,learning_curve,0.3.0.dev0,2026-09-11T16:07:06,0.1
Miller2019-imagery_basic,rh,mot,Riemann TS + LogReg,kappa,0.0,0,learning_curve,5,12,64,0.0870640277862548,b4736e60e22e,0d79a81a67b3,learning_curve,0.3.0.dev0,2026-09-11T16:07:06,0.1
Miller2019-imagery_basic,rh,mot,Riemann TS + LogReg,accuracy,0.5,0,learning_curve,5,12,64,0.0870640277862548,b4736e60e22e,0d79a81a67b3,learning_curve,0.3.0.dev0,2026-09-11T16:07:06,0.1
Miller2019-imagery_basic,rh,mot,Riemann TS + LogReg,balanced_accuracy,0.5,0,learning_curve,5,12,64,0.0870640277862548,b4736e60e22e,0d79a81a67b3,learning_curve,0.3.0.dev0,2026-09-11T16:07:06,0.1
Miller2019-imagery_basic,rh,mot,HighGamma + LDA,kappa,0.6666666666666667,0,learning_curve,12,12,64,0.0780699253082275,f0ad027786a9,0d79a81a67b3,learning_curve,0.3.0.dev0,2026-09-11T16:07:06,0.25
Miller2019-imagery_basic,rh,mot,HighGamma + LDA,accuracy,0.8333333333333334,0,learning_curve,12,12,64,0.0780699253082275,f0ad027786a9,0d79a81a67b3,learning_curve,0.3.0.dev0,2026-09-11T16:07:06,0.25
Miller2019-imagery_basic,rh,mot,HighGamma + LDA,balanced_accuracy,0.8333333333333334,0,learning_curve,12,12,64,0.0780699253082275,f0ad027786a9,0d79a81a67b3,learning_curve,0.3.0.dev0,2026-09-11T16:07:06,0.25
Miller2019-imagery_basic,rh,mot,LogBandPower + LDA,kappa,0.5,0,learning_curve,12,12,64,0.0883040428161621,ad4c2abc31c8,0d79a81a67b3,learning_curve,0.3.0.dev0,2026-09-11T16:07:06,0.25
Miller2019-imagery_basic,rh,mot,LogBandPower + LDA,accuracy,0.75,0,learning_curve,12,12,64,0.0883040428161621,ad4c2abc31c8,0d79a81a67b3,learning_curve,0.3.0.dev0,2026-09-11T16:07:06,0.25
Miller2019-imagery_basic,rh,mot,LogBandPower + LDA,balanced_accuracy,0.75,0,learning_curve,12,12,64,0.0883040428161621,ad4c2abc31c8,0d79a81a67b3,learning_curve,0.3.0.dev0,2026-09-11T16:07:06,0.25
Miller2019-imagery_basic,rh,mot,LogBandPower + LogReg,kappa,0.3333333333333333,0,learning_curve,12,12,64,0.0800559520721435,688f919f3ab0,0d79a81a67b3,learning_curve,0.3.0.dev0,2026-09-11T16:07:06,0.25
Miller2019-imagery_basic,rh,mot,LogBandPower + LogReg,accuracy,0.6666666666666666,0,learning_curve,12,12,64,0.0800559520721435,688f919f3ab0,0d79a81a67b3,learning_curve,0.3.0.dev0,2026-09-11T16:07:06,0.25
Miller2019-imagery_basic,rh,mot,LogBandPower + LogReg,balanced_accuracy,0.6666666666666667,0,learning_curve,12,12,64,0.0800559520721435,688f919f3ab0,0d79a81a67b3,learning_curve,0.3.0.dev0,2026-09-11T16:07:06,0.25
Miller2019-imagery_basic,rh,mot,Riemann HG TS + LogReg,kappa,0.6666666666666667,0,learning_curve,12,12,64,0.2911701202392578,f55965f07628,0d79a81a67b3,learning_curve,0.3.0.dev0,2026-09-11T16:07:06,0.25
Miller2019-imagery_basic,rh,mot,Riemann HG TS + LogReg,accuracy,0.8333333333333334,0,learning_curve,12,12,64,0.2911701202392578,f55965f07628,0d79a81a67b3,learning_curve,0.3.0.dev0,2026-09-11T16:07:06,0.25
Miller2019-imagery_basic,rh,mot,Riemann HG TS + LogReg,balanced_accuracy,0.8333333333333334,0,learning_curve,12,12,64,0.2911701202392578,f55965f07628,0d79a81a67b3,learning_curve,0.3.0.dev0,2026-09-11T16:07:06,0.25
Miller2019-imagery_basic,rh,mot,Riemann TS + LogReg,kappa,0.0,0,learning_curve,12,12,64,0.1587591171264648,b4736e60e22e,0d79a81a67b3,learning_curve,0.3.0.dev0,2026-09-11T16:07:06,0.25
Miller2019-imagery_basic,rh,mot,Riemann TS + LogReg,accuracy,0.5,0,learning_curve,12,12,64,0.1587591171264648,b4736e60e22e,0d79a81a67b3,learning_curve,0.3.0.dev0,2026-09-11T16:07:06,0.25
Miller2019-imagery_basic,rh,mot,Riemann TS + LogReg,balanced_accuracy,0.5,0,learning_curve,12,12,64,0.1587591171264648,b4736e60e22e,0d79a81a67b3,learning_curve,0.3.0.dev0,2026-09-11T16:07:06,0.25
Miller2019-imagery_basic,rh,mot,HighGamma + LDA,kappa,0.6666666666666667,0,learning_curve,24,12,64,0.1604878902435302,f0ad027786a9,0d79a81a67b3,learning_curve,0.3.0.dev0,2026-09-11T16:07:06,0.5
Miller2019-imagery_basic,rh,mot,HighGamma + LDA,accuracy,0.8333333333333334,0,learning_curve,24,12,64,0.1604878902435302,f0ad027786a9,0d79a81a67b3,learning_curve,0.3.0.dev0,2026-09-11T16:07:06,0.5
Miller2019-imagery_basic,rh,mot,HighGamma + LDA,balanced_accuracy,0.8333333333333334,0,learning_curve,24,12,64,0.1604878902435302,f0ad027786a9,0d79a81a67b3,learning_curve,0.3.0.dev0,2026-09-11T16:07:06,0.5
Miller2019-imagery_basic,rh,mot,LogBandPower + LDA,kappa,0.5,0,learning_curve,24,12,64,0.1408121585845947,ad4c2abc31c8,0d79a81a67b3,learning_curve,0.3.0.dev0,2026-09-11T16:07:06,0.5
Miller2019-imagery_basic,rh,mot,LogBandPower + LDA,accuracy,0.75,0,learning_curve,24,12,64,0.1408121585845947,ad4c2abc31c8,0d79a81a67b3,learning_curve,0.3.0.dev0,2026-09-11T16:07:06,0.5
Miller2019-imagery_basic,rh,mot,LogBandPower + LDA,balanced_accuracy,0.75,0,learning_curve,24,12,64,0.1408121585845947,ad4c2abc31c8,0d79a81a67b3,learning_curve,0.3.0.dev0,2026-09-11T16:07:06,0.5
Miller2019-imagery_basic,rh,mot,LogBandPower + LogReg,kappa,0.3333333333333333,0,learning_curve,24,12,64,0.1268651485443115,688f919f3ab0,0d79a81a67b3,learning_curve,0.3.0.dev0,2026-09-11T16:07:06,0.5
Miller2019-imagery_basic,rh,mot,LogBandPower + LogReg,accuracy,0.6666666666666666,0,learning_curve,24,12,64,0.1268651485443115,688f919f3ab0,0d79a81a67b3,learning_curve,0.3.0.dev0,2026-09-11T16:07:06,0.5
Miller2019-imagery_basic,rh,mot,LogBandPower + LogReg,balanced_accuracy,0.6666666666666666,0,learning_curve,24,12,64,0.1268651485443115,688f919f3ab0,0d79a81a67b3,learning_curve,0.3.0.dev0,2026-09-11T16:07:06,0.5
Miller2019-imagery_basic,rh,mot,Riemann HG TS + LogReg,kappa,0.6666666666666667,0,learning_curve,24,12,64,0.4482901096343994,f55965f07628,0d79a81a67b3,learning_curve,0.3.0.dev0,2026-09-11T16:07:06,0.5
Miller2019-imagery_basic,rh,mot,Riemann HG TS + LogReg,accuracy,0.8333333333333334,0,learning_curve,24,12,64,0.4482901096343994,f55965f07628,0d79a81a67b3,learning_curve,0.3.0.dev0,2026-09-11T16:07:06,0.5
Miller2019-imagery_basic,rh,mot,Riemann HG TS + LogReg,balanced_accuracy,0.8333333333333334,0,learning_curve,24,12,64,0.4482901096343994,f55965f07628,0d79a81a67b3,learning_curve,0.3.0.dev0,2026-09-11T16:07:06,0.5
Miller2019-imagery_basic,rh,mot,Riemann TS + LogReg,kappa,0.6666666666666667,0,learning_curve,24,12,64,0.246783971786499,b4736e60e22e,0d79a81a67b3,learning_curve,0.3.0.dev0,2026-09-11T16:07:06,0.5
Miller2019-imagery_basic,rh,mot,Riemann TS + LogReg,accuracy,0.8333333333333334,0,learning_curve,24,12,64,0.246783971786499,b4736e60e22e,0d79a81a67b3,learning_curve,0.3.0.dev0,2026-09-11T16:07:06,0.5
Miller2019-imagery_basic,rh,mot,Riemann TS + LogReg,balanced_accuracy,0.8333333333333334,0,learning_curve,24,12,64,0.246783971786499,b4736e60e22e,0d79a81a67b3,learning_curve,0.3.0.dev0,2026-09-11T16:07:06,0.5
Miller2019-imagery_basic,rh,mot,HighGamma + LDA,kappa,0.8333333333333334,0,learning_curve,48,12,64,0.272939920425415,f0ad027786a9,0d79a81a67b3,learning_curve,0.3.0.dev0,2026-09-11T16:07:06,1.0
Miller2019-imagery_basic,rh,mot,HighGamma + LDA,accuracy,0.9166666666666666,0,learning_curve,48,12,64,0.272939920425415,f0ad027786a9,0d79a81a67b3,learning_curve,0.3.0.dev0,2026-09-11T16:07:06,1.0
Miller2019-imagery_basic,rh,mot,HighGamma + LDA,balanced_accuracy,0.9166666666666669,0,learning_curve,48,12,64,0.272939920425415,f0ad027786a9,0d79a81a67b3,learning_curve,0.3.0.dev0,2026-09-11T16:07:06,1.0
Miller2019-imagery_basic,rh,mot,LogBandPower + LDA,kappa,0.5,0,learning_curve,48,12,64,0.2752299308776855,ad4c2abc31c8,0d79a81a67b3,learning_curve,0.3.0.dev0,2026-09-11T16:07:06,1.0
Miller2019-imagery_basic,rh,mot,LogBandPower + LDA,accuracy,0.75,0,learning_curve,48,12,64,0.2752299308776855,ad4c2abc31c8,0d79a81a67b3,learning_curve,0.3.0.dev0,2026-09-11T16:07:06,1.0
Miller2019-imagery_basic,rh,mot,LogBandPower + LDA,balanced_accuracy,0.75,0,learning_curve,48,12,64,0.2752299308776855,ad4c2abc31c8,0d79a81a67b3,learning_curve,0.3.0.dev0,2026-09-11T16:07:06,1.0
Miller2019-imagery_basic,rh,mot,LogBandPower + LogReg,kappa,0.5,0,learning_curve,48,12,64,0.249950885772705,688f919f3ab0,0d79a81a67b3,learning_curve,0.3.0.dev0,2026-09-11T16:07:06,1.0
Miller2019-imagery_basic,rh,mot,LogBandPower + LogReg,accuracy,0.75,0,learning_curve,48,12,64,0.249950885772705,688f919f3ab0,0d79a81a67b3,learning_curve,0.3.0.dev0,2026-09-11T16:07:06,1.0
Miller2019-imagery_basic,rh,mot,LogBandPower + LogReg,balanced_accuracy,0.75,0,learning_curve,48,12,64,0.249950885772705,688f919f3ab0,0d79a81a67b3,learning_curve,0.3.0.dev0,2026-09-11T16:07:06,1.0
Miller2019-imagery_basic,rh,mot,Riemann HG TS + LogReg,kappa,0.6666666666666667,0,learning_curve,48,12,64,0.7554800510406494,f55965f07628,0d79a81a67b3,learning_curve,0.3.0.dev0,2026-09-11T16:07:06,1.0
Miller2019-imagery_basic,rh,mot,Riemann HG TS + LogReg,accuracy,0.8333333333333334,0,learning_curve,48,12,64,0.7554800510406494,f55965f07628,0d79a81a67b3,learning_curve,0.3.0.dev0,2026-09-11T16:07:06,1.0
Miller2019-imagery_basic,rh,mot,Riemann HG TS + LogReg,balanced_accuracy,0.8333333333333334,0,learning_curve,48,12,64,0.7554800510406494,f55965f07628,0d79a81a67b3,learning_curve,0.3.0.dev0,2026-09-11T16:07:06,1.0
Miller2019-imagery_basic,rh,mot,Riemann TS + LogReg,kappa,1.0,0,learning_curve,48,12,64,0.4870660305023193,b4736e60e22e,0d79a81a67b3,learning_curve,0.3.0.dev0,2026-09-11T16:07:06,1.0
Miller2019-imagery_basic,rh,mot,Riemann TS + LogReg,accuracy,1.0,0,learning_curve,48,12,64,0.4870660305023193,b4736e60e22e,0d79a81a67b3,learning_curve,0.3.0.dev0,2026-09-11T16:07:06,1.0
Miller2019-imagery_basic,rh,mot,Riemann TS + LogReg,balanced_accuracy,1.0,0,learning_curve,48,12,64,0.4870660305023193,b4736e60e22e,0d79a81a67b3,learning_curve,0.3.0.dev0,2026-09-11T16:07:06,1.0
Miller2019-imagery_basic,rh,im,HighGamma + LDA,kappa,0.2258064516129031,0,learning_curve,5,12,64,0.0691711902618408,f0ad027786a9,0d79a81a67b3,learning_curve,0.3.0.dev0,2026-09-11T16:07:06,0.1
Miller2019-imagery_basic,rh,im,HighGamma + LDA,accuracy,0.6666666666666666,0,learning_curve,5,12,64,0.0691711902618408,f0ad027786a9,0d79a81a67b3,learning_curve,0.3.0.dev0,2026-09-11T16:07:06,0.1
Miller2019-imagery_basic,rh,im,HighGamma + LDA,balanced_accuracy,0.6,0,learning_curve,5,12,64,0.0691711902618408,f0ad027786a9,0d79a81a67b3,learning_curve,0.3.0.dev0,2026-09-11T16:07:06,0.1
Miller2019-imagery_basic,rh,im,LogBandPower + LDA,kappa,0.2727272727272727,0,learning_curve,5,12,64,0.0763230323791503,ad4c2abc31c8,0d79a81a67b3,learning_curve,0.3.0.dev0,2026-09-11T16:07:06,0.1
Miller2019-imagery_basic,rh,im,LogBandPower + LDA,accuracy,0.6666666666666666,0,learning_curve,5,12,64,0.0763230323791503,ad4c2abc31c8,0d79a81a67b3,learning_curve,0.3.0.dev0,2026-09-11T16:07:06,0.1
Miller2019-imagery_basic,rh,im,LogBandPower + LDA,balanced_accuracy,0.6285714285714286,0,learning_curve,5,12,64,0.0763230323791503,ad4c2abc31c8,0d79a81a67b3,learning_curve,0.3.0.dev0,2026-09-11T16:07:06,0.1
Miller2019-imagery_basic,rh,im,LogBandPower + LogReg,kappa,-0.1612903225806452,0,learning_curve,5,12,64,0.0691189765930175,688f919f3ab0,0d79a81a67b3,learning_curve,0.3.0.dev0,2026-09-11T16:07:06,0.1
Miller2019-imagery_basic,rh,im,LogBandPower + LogReg,accuracy,0.5,0,learning_curve,5,12,64,0.0691189765930175,688f919f3ab0,0d79a81a67b3,learning_curve,0.3.0.dev0,2026-09-11T16:07:06,0.1
Miller2019-imagery_basic,rh,im,LogBandPower + LogReg,balanced_accuracy,0.4285714285714285,0,learning_curve,5,12,64,0.0691189765930175,688f919f3ab0,0d79a81a67b3,learning_curve,0.3.0.dev0,2026-09-11T16:07:06,0.1
Miller2019-imagery_basic,rh,im,Riemann HG TS + LogReg,kappa,0.1219512195121952,0,learning_curve,5,12,64,0.1907699108123779,f55965f07628,0d79a81a67b3,learning_curve,0.3.0.dev0,2026-09-11T16:07:06,0.1
Miller2019-imagery_basic,rh,im,Riemann HG TS + LogReg,accuracy,0.5,0,learning_curve,5,12,64,0.1907699108123779,f55965f07628,0d79a81a67b3,learning_curve,0.3.0.dev0,2026-09-11T16:07:06,0.1
Miller2019-imagery_basic,rh,im,Riemann HG TS + LogReg,balanced_accuracy,0.5714285714285714,0,learning_curve,5,12,64,0.1907699108123779,f55965f07628,0d79a81a67b3,learning_curve,0.3.0.dev0,2026-09-11T16:07:06,0.1
Miller2019-imagery_basic,rh,im,Riemann TS + LogReg,kappa,0.0,0,learning_curve,5,12,64,0.091865062713623,b4736e60e22e,0d79a81a67b3,learning_curve,0.3.0.dev0,2026-09-11T16:07:06,0.1
Miller2019-imagery_basic,rh,im,Riemann TS + LogReg,accuracy,0.4166666666666667,0,learning_curve,5,12,64,0.091865062713623,b4736e60e22e,0d79a81a67b3,learning_curve,0.3.0.dev0,2026-09-11T16:07:06,0.1
Miller2019-imagery_basic,rh,im,Riemann TS + LogReg,balanced_accuracy,0.5,0,learning_curve,5,12,64,0.091865062713623,b4736e60e22e,0d79a81a67b3,learning_curve,0.3.0.dev0,2026-09-11T16:07:06,0.1
Miller2019-imagery_basic,rh,im,HighGamma + LDA,kappa,0.0,0,learning_curve,12,12,64,0.0888702869415283,f0ad027786a9,0d79a81a67b3,learning_curve,0.3.0.dev0,2026-09-11T16:07:06,0.25
Miller2019-imagery_basic,rh,im,HighGamma + LDA,accuracy,0.5833333333333334,0,learning_curve,12,12,64,0.0888702869415283,f0ad027786a9,0d79a81a67b3,learning_curve,0.3.0.dev0,2026-09-11T16:07:06,0.25
Miller2019-imagery_basic,rh,im,HighGamma + LDA,balanced_accuracy,0.5,0,learning_curve,12,12,64,0.0888702869415283,f0ad027786a9,0d79a81a67b3,learning_curve,0.3.0.dev0,2026-09-11T16:07:06,0.25
Miller2019-imagery_basic,rh,im,LogBandPower + LDA,kappa,0.0,0,learning_curve,12,12,64,0.0904581546783447,ad4c2abc31c8,0d79a81a67b3,learning_curve,0.3.0.dev0,2026-09-11T16:07:06,0.25
Miller2019-imagery_basic,rh,im,LogBandPower + LDA,accuracy,0.5833333333333334,0,learning_curve,12,12,64,0.0904581546783447,ad4c2abc31c8,0d79a81a67b3,learning_curve,0.3.0.dev0,2026-09-11T16:07:06,0.25
Miller2019-imagery_basic,rh,im,LogBandPower + LDA,balanced_accuracy,0.5,0,learning_curve,12,12,64,0.0904581546783447,ad4c2abc31c8,0d79a81a67b3,learning_curve,0.3.0.dev0,2026-09-11T16:07:06,0.25
Miller2019-imagery_basic,rh,im,LogBandPower + LogReg,kappa,0.0,0,learning_curve,12,12,64,0.078754186630249,688f919f3ab0,0d79a81a67b3,learning_curve,0.3.0.dev0,2026-09-11T16:07:06,0.25
Miller2019-imagery_basic,rh,im,LogBandPower + LogReg,accuracy,0.5833333333333334,0,learning_curve,12,12,64,0.078754186630249,688f919f3ab0,0d79a81a67b3,learning_curve,0.3.0.dev0,2026-09-11T16:07:06,0.25
Miller2019-imagery_basic,rh,im,LogBandPower + LogReg,balanced_accuracy,0.5,0,learning_curve,12,12,64,0.078754186630249,688f919f3ab0,0d79a81a67b3,learning_curve,0.3.0.dev0,2026-09-11T16:07:06,0.25
Miller2019-imagery_basic,rh,im,Riemann HG TS + LogReg,kappa,0.3142857142857143,0,learning_curve,12,12,64,0.2722978591918945,f55965f07628,0d79a81a67b3,learning_curve,0.3.0.dev0,2026-09-11T16:07:06,0.25
Miller2019-imagery_basic,rh,im,Riemann HG TS + LogReg,accuracy,0.6666666666666666,0,learning_curve,12,12,64,0.2722978591918945,f55965f07628,0d79a81a67b3,learning_curve,0.3.0.dev0,2026-09-11T16:07:06,0.25
Miller2019-imagery_basic,rh,im,Riemann HG TS + LogReg,balanced_accuracy,0.6571428571428571,0,learning_curve,12,12,64,0.2722978591918945,f55965f07628,0d79a81a67b3,learning_curve,0.3.0.dev0,2026-09-11T16:07:06,0.25
Miller2019-imagery_basic,rh,im,Riemann TS + LogReg,kappa,0.3513513513513513,0,learning_curve,12,12,64,0.1508352756500244,b4736e60e22e,0d79a81a67b3,learning_curve,0.3.0.dev0,2026-09-11T16:07:06,0.25
Miller2019-imagery_basic,rh,im,Riemann TS + LogReg,accuracy,0.6666666666666666,0,learning_curve,12,12,64,0.1508352756500244,b4736e60e22e,0d79a81a67b3,learning_curve,0.3.0.dev0,2026-09-11T16:07:06,0.25
Miller2019-imagery_basic,rh,im,Riemann TS + LogReg,balanced_accuracy,0.6857142857142857,0,learning_curve,12,12,64,0.1508352756500244,b4736e60e22e,0d79a81a67b3,learning_curve,0.3.0.dev0,2026-09-11T16:07:06,0.25
Miller2019-imagery_basic,rh,im,HighGamma + LDA,kappa,0.0769230769230768,0,learning_curve,24,12,64,0.1345987319946289,f0ad027786a9,0d79a81a67b3,learning_curve,0.3.0.dev0,2026-09-11T16:07:06,0.5
Miller2019-imagery_basic,rh,im,HighGamma + LDA,accuracy,0.5,0,learning_curve,24,12,64,0.1345987319946289,f0ad027786a9,0d79a81a67b3,learning_curve,0.3.0.dev0,2026-09-11T16:07:06,0.5
Miller2019-imagery_basic,rh,im,HighGamma + LDA,balanced_accuracy,0.5428571428571429,0,learning_curve,24,12,64,0.1345987319946289,f0ad027786a9,0d79a81a67b3,learning_curve,0.3.0.dev0,2026-09-11T16:07:06,0.5
Miller2019-imagery_basic,rh,im,LogBandPower + LDA,kappa,-0.2352941176470586,0,learning_curve,24,12,64,0.1505899429321289,ad4c2abc31c8,0d79a81a67b3,learning_curve,0.3.0.dev0,2026-09-11T16:07:06,0.5
Miller2019-imagery_basic,rh,im,LogBandPower + LDA,accuracy,0.4166666666666667,0,learning_curve,24,12,64,0.1505899429321289,ad4c2abc31c8,0d79a81a67b3,learning_curve,0.3.0.dev0,2026-09-11T16:07:06,0.5
Miller2019-imagery_basic,rh,im,LogBandPower + LDA,balanced_accuracy,0.3857142857142857,0,learning_curve,24,12,64,0.1505899429321289,ad4c2abc31c8,0d79a81a67b3,learning_curve,0.3.0.dev0,2026-09-11T16:07:06,0.5
Miller2019-imagery_basic,rh,im,LogBandPower + LogReg,kappa,-0.0285714285714286,0,learning_curve,24,12,64,0.1427180767059326,688f919f3ab0,0d79a81a67b3,learning_curve,0.3.0.dev0,2026-09-11T16:07:06,0.5
Miller2019-imagery_basic,rh,im,LogBandPower + LogReg,accuracy,0.5,0,learning_curve,24,12,64,0.1427180767059326,688f919f3ab0,0d79a81a67b3,learning_curve,0.3.0.dev0,2026-09-11T16:07:06,0.5
Miller2019-imagery_basic,rh,im,LogBandPower + LogReg,balanced_accuracy,0.4857142857142857,0,learning_curve,24,12,64,0.1427180767059326,688f919f3ab0,0d79a81a67b3,learning_curve,0.3.0.dev0,2026-09-11T16:07:06,0.5
Miller2019-imagery_basic,rh,im,Riemann HG TS + LogReg,kappa,-0.2352941176470586,0,learning_curve,24,12,64,0.41796875,f55965f07628,0d79a81a67b3,learning_curve,0.3.0.dev0,2026-09-11T16:07:06,0.5
Miller2019-imagery_basic,rh,im,Riemann HG TS + LogReg,accuracy,0.4166666666666667,0,learning_curve,24,12,64,0.41796875,f55965f07628,0d79a81a67b3,learning_curve,0.3.0.dev0,2026-09-11T16:07:06,0.5
Miller2019-imagery_basic,rh,im,Riemann HG TS + LogReg,balanced_accuracy,0.3857142857142857,0,learning_curve,24,12,64,0.41796875,f55965f07628,0d79a81a67b3,learning_curve,0.3.0.dev0,2026-09-11T16:07:06,0.5
Miller2019-imagery_basic,rh,im,Riemann TS + LogReg,kappa,0.3142857142857143,0,learning_curve,24,12,64,0.2379519939422607,b4736e60e22e,0d79a81a67b3,learning_curve,0.3.0.dev0,2026-09-11T16:07:06,0.5
Miller2019-imagery_basic,rh,im,Riemann TS + LogReg,accuracy,0.6666666666666666,0,learning_curve,24,12,64,0.2379519939422607,b4736e60e22e,0d79a81a67b3,learning_curve,0.3.0.dev0,2026-09-11T16:07:06,0.5
Miller2019-imagery_basic,rh,im,Riemann TS + LogReg,balanced_accuracy,0.6571428571428571,0,learning_curve,24,12,64,0.2379519939422607,b4736e60e22e,0d79a81a67b3,learning_curve,0.3.0.dev0,2026-09-11T16:07:06,0.5
Miller2019-imagery_basic,rh,im,HighGamma + LDA,kappa,-0.3124999999999998,0,learning_curve,48,12,64,0.3521931171417236,f0ad027786a9,0d79a81a67b3,learning_curve,0.3.0.dev0,2026-09-11T16:07:06,1.0
Miller2019-imagery_basic,rh,im,HighGamma + LDA,accuracy,0.4166666666666667,0,learning_curve,48,12,64,0.3521931171417236,f0ad027786a9,0d79a81a67b3,learning_curve,0.3.0.dev0,2026-09-11T16:07:06,1.0
Miller2019-imagery_basic,rh,im,HighGamma + LDA,balanced_accuracy,0.3571428571428571,0,learning_curve,48,12,64,0.3521931171417236,f0ad027786a9,0d79a81a67b3,learning_curve,0.3.0.dev0,2026-09-11T16:07:06,1.0
Miller2019-imagery_basic,rh,im,LogBandPower + LDA,kappa,0.1176470588235294,0,learning_curve,48,12,64,0.2926399707794189,ad4c2abc31c8,0d79a81a67b3,learning_curve,0.3.0.dev0,2026-09-11T16:07:06,1.0
Miller2019-imagery_basic,rh,im,LogBandPower + LDA,accuracy,0.5833333333333334,0,learning_curve,48,12,64,0.2926399707794189,ad4c2abc31c8,0d79a81a67b3,learning_curve,0.3.0.dev0,2026-09-11T16:07:06,1.0
Miller2019-imagery_basic,rh,im,LogBandPower + LDA,balanced_accuracy,0.5571428571428572,0,learning_curve,48,12,64,0.2926399707794189,ad4c2abc31c8,0d79a81a67b3,learning_curve,0.3.0.dev0,2026-09-11T16:07:06,1.0
Miller2019-imagery_basic,rh,im,LogBandPower + LogReg,kappa,-0.0285714285714286,0,learning_curve,48,12,64,0.3428709506988525,688f919f3ab0,0d79a81a67b3,learning_curve,0.3.0.dev0,2026-09-11T16:07:06,1.0
Miller2019-imagery_basic,rh,im,LogBandPower + LogReg,accuracy,0.5,0,learning_curve,48,12,64,0.3428709506988525,688f919f3ab0,0d79a81a67b3,learning_curve,0.3.0.dev0,2026-09-11T16:07:06,1.0
Miller2019-imagery_basic,rh,im,LogBandPower + LogReg,balanced_accuracy,0.4857142857142857,0,learning_curve,48,12,64,0.3428709506988525,688f919f3ab0,0d79a81a67b3,learning_curve,0.3.0.dev0,2026-09-11T16:07:06,1.0
Miller2019-imagery_basic,rh,im,Riemann HG TS + LogReg,kappa,0.0625000000000001,0,learning_curve,48,12,64,0.743685245513916,f55965f07628,0d79a81a67b3,learning_curve,0.3.0.dev0,2026-09-11T16:07:06,1.0
Miller2019-imagery_basic,rh,im,Riemann HG TS + LogReg,accuracy,0.5833333333333334,0,learning_curve,48,12,64,0.743685245513916,f55965f07628,0d79a81a67b3,learning_curve,0.3.0.dev0,2026-09-11T16:07:06,1.0
Miller2019-imagery_basic,rh,im,Riemann HG TS + LogReg,balanced_accuracy,0.5285714285714286,0,learning_curve,48,12,64,0.743685245513916,f55965f07628,0d79a81a67b3,learning_curve,0.3.0.dev0,2026-09-11T16:07:06,1.0
Miller2019-imagery_basic,rh,im,Riemann TS + LogReg,kappa,-0.0909090909090908,0,learning_curve,48,12,64,0.4826807975769043,b4736e60e22e,0d79a81a67b3,learning_curve,0.3.0.dev0,2026-09-11T16:07:06,1.0
Miller2019-imagery_basic,rh,im,Riemann TS + LogReg,accuracy,0.5,0,learning_curve,48,12,64,0.4826807975769043,b4736e60e22e,0d79a81a67b3,learning_curve,0.3.0.dev0,2026-09-11T16:07:06,1.0
Miller2019-imagery_basic,rh,im,Riemann TS + LogReg,balanced_accuracy,0.4571428571428572,0,learning_curve,48,12,64,0.4826807975769043,b4736e60e22e,0d79a81a67b3,learning_curve,0.3.0.dev0,2026-09-11T16:07:06,1.0
Miller2019-imagery_basic,rr,mot,HighGamma + LDA,kappa,0.0,0,learning_curve,5,12,64,0.0842897891998291,f0ad027786a9,0d79a81a67b3,learning_curve,0.3.0.dev0,2026-09-11T16:07:17,0.1
Miller2019-imagery_basic,rr,mot,HighGamma + LDA,accuracy,0.5,0,learning_curve,5,12,64,0.0842897891998291,f0ad027786a9,0d79a81a67b3,learning_curve,0.3.0.dev0,2026-09-11T16:07:17,0.1
Miller2019-imagery_basic,rr,mot,HighGamma + LDA,balanced_accuracy,0.5,0,learning_curve,5,12,64,0.0842897891998291,f0ad027786a9,0d79a81a67b3,learning_curve,0.3.0.dev0,2026-09-11T16:07:17,0.1
Miller2019-imagery_basic,rr,mot,LogBandPower + LDA,kappa,0.0,0,learning_curve,5,12,64,0.0688271522521972,ad4c2abc31c8,0d79a81a67b3,learning_curve,0.3.0.dev0,2026-09-11T16:07:17,0.1
Miller2019-imagery_basic,rr,mot,LogBandPower + LDA,accuracy,0.5,0,learning_curve,5,12,64,0.0688271522521972,ad4c2abc31c8,0d79a81a67b3,learning_curve,0.3.0.dev0,2026-09-11T16:07:17,0.1
Miller2019-imagery_basic,rr,mot,LogBandPower + LDA,balanced_accuracy,0.5,0,learning_curve,5,12,64,0.0688271522521972,ad4c2abc31c8,0d79a81a67b3,learning_curve,0.3.0.dev0,2026-09-11T16:07:17,0.1
Miller2019-imagery_basic,rr,mot,LogBandPower + LogReg,kappa,0.0,0,learning_curve,5,12,64,0.0583071708679199,688f919f3ab0,0d79a81a67b3,learning_curve,0.3.0.dev0,2026-09-11T16:07:17,0.1
Miller2019-imagery_basic,rr,mot,LogBandPower + LogReg,accuracy,0.5,0,learning_curve,5,12,64,0.0583071708679199,688f919f3ab0,0d79a81a67b3,learning_curve,0.3.0.dev0,2026-09-11T16:07:17,0.1
Miller2019-imagery_basic,rr,mot,LogBandPower + LogReg,balanced_accuracy,0.5,0,learning_curve,5,12,64,0.0583071708679199,688f919f3ab0,0d79a81a67b3,learning_curve,0.3.0.dev0,2026-09-11T16:07:17,0.1
Miller2019-imagery_basic,rr,mot,Riemann HG TS + LogReg,kappa,1.0,0,learning_curve,5,12,64,0.1840062141418457,f55965f07628,0d79a81a67b3,learning_curve,0.3.0.dev0,2026-09-11T16:07:17,0.1
Miller2019-imagery_basic,rr,mot,Riemann HG TS + LogReg,accuracy,1.0,0,learning_curve,5,12,64,0.1840062141418457,f55965f07628,0d79a81a67b3,learning_curve,0.3.0.dev0,2026-09-11T16:07:17,0.1
Miller2019-imagery_basic,rr,mot,Riemann HG TS + LogReg,balanced_accuracy,1.0,0,learning_curve,5,12,64,0.1840062141418457,f55965f07628,0d79a81a67b3,learning_curve,0.3.0.dev0,2026-09-11T16:07:17,0.1
Miller2019-imagery_basic,rr,mot,Riemann TS + LogReg,kappa,0.5,0,learning_curve,5,12,64,0.0850608348846435,b4736e60e22e,0d79a81a67b3,learning_curve,0.3.0.dev0,2026-09-11T16:07:17,0.1
Miller2019-imagery_basic,rr,mot,Riemann TS + LogReg,accuracy,0.75,0,learning_curve,5,12,64,0.0850608348846435,b4736e60e22e,0d79a81a67b3,learning_curve,0.3.0.dev0,2026-09-11T16:07:17,0.1
Miller2019-imagery_basic,rr,mot,Riemann TS + LogReg,balanced_accuracy,0.75,0,learning_curve,5,12,64,0.0850608348846435,b4736e60e22e,0d79a81a67b3,learning_curve,0.3.0.dev0,2026-09-11T16:07:17,0.1
Miller2019-imagery_basic,rr,mot,HighGamma + LDA,kappa,0.3333333333333333,0,learning_curve,12,12,64,0.0815439224243164,f0ad027786a9,0d79a81a67b3,learning_curve,0.3.0.dev0,2026-09-11T16:07:17,0.25
Miller2019-imagery_basic,rr,mot,HighGamma + LDA,accuracy,0.6666666666666666,0,learning_curve,12,12,64,0.0815439224243164,f0ad027786a9,0d79a81a67b3,learning_curve,0.3.0.dev0,2026-09-11T16:07:17,0.25
Miller2019-imagery_basic,rr,mot,HighGamma + LDA,balanced_accuracy,0.6666666666666666,0,learning_curve,12,12,64,0.0815439224243164,f0ad027786a9,0d79a81a67b3,learning_curve,0.3.0.dev0,2026-09-11T16:07:17,0.25
Miller2019-imagery_basic,rr,mot,LogBandPower + LDA,kappa,1.0,0,learning_curve,12,12,64,0.0915949344635009,ad4c2abc31c8,0d79a81a67b3,learning_curve,0.3.0.dev0,2026-09-11T16:07:17,0.25
Miller2019-imagery_basic,rr,mot,LogBandPower + LDA,accuracy,1.0,0,learning_curve,12,12,64,0.0915949344635009,ad4c2abc31c8,0d79a81a67b3,learning_curve,0.3.0.dev0,2026-09-11T16:07:17,0.25
Miller2019-imagery_basic,rr,mot,LogBandPower + LDA,balanced_accuracy,1.0,0,learning_curve,12,12,64,0.0915949344635009,ad4c2abc31c8,0d79a81a67b3,learning_curve,0.3.0.dev0,2026-09-11T16:07:17,0.25
Miller2019-imagery_basic,rr,mot,LogBandPower + LogReg,kappa,1.0,0,learning_curve,12,12,64,0.07932710647583,688f919f3ab0,0d79a81a67b3,learning_curve,0.3.0.dev0,2026-09-11T16:07:17,0.25
Miller2019-imagery_basic,rr,mot,LogBandPower + LogReg,accuracy,1.0,0,learning_curve,12,12,64,0.07932710647583,688f919f3ab0,0d79a81a67b3,learning_curve,0.3.0.dev0,2026-09-11T16:07:17,0.25
Miller2019-imagery_basic,rr,mot,LogBandPower + LogReg,balanced_accuracy,1.0,0,learning_curve,12,12,64,0.07932710647583,688f919f3ab0,0d79a81a67b3,learning_curve,0.3.0.dev0,2026-09-11T16:07:17,0.25
Miller2019-imagery_basic,rr,mot,Riemann HG TS + LogReg,kappa,1.0,0,learning_curve,12,12,64,0.2718939781188965,f55965f07628,0d79a81a67b3,learning_curve,0.3.0.dev0,2026-09-11T16:07:17,0.25
Miller2019-imagery_basic,rr,mot,Riemann HG TS + LogReg,accuracy,1.0,0,learning_curve,12,12,64,0.2718939781188965,f55965f07628,0d79a81a67b3,learning_curve,0.3.0.dev0,2026-09-11T16:07:17,0.25
Miller2019-imagery_basic,rr,mot,Riemann HG TS + LogReg,balanced_accuracy,1.0,0,learning_curve,12,12,64,0.2718939781188965,f55965f07628,0d79a81a67b3,learning_curve,0.3.0.dev0,2026-09-11T16:07:17,0.25
Miller2019-imagery_basic,rr,mot,Riemann TS + LogReg,kappa,0.6666666666666667,0,learning_curve,12,12,64,0.1279230117797851,b4736e60e22e,0d79a81a67b3,learning_curve,0.3.0.dev0,2026-09-11T16:07:17,0.25
Miller2019-imagery_basic,rr,mot,Riemann TS + LogReg,accuracy,0.8333333333333334,0,learning_curve,12,12,64,0.1279230117797851,b4736e60e22e,0d79a81a67b3,learning_curve,0.3.0.dev0,2026-09-11T16:07:17,0.25
Miller2019-imagery_basic,rr,mot,Riemann TS + LogReg,balanced_accuracy,0.8333333333333334,0,learning_curve,12,12,64,0.1279230117797851,b4736e60e22e,0d79a81a67b3,learning_curve,0.3.0.dev0,2026-09-11T16:07:17,0.25
Miller2019-imagery_basic,rr,mot,HighGamma + LDA,kappa,1.0,0,learning_curve,24,12,64,0.1677408218383789,f0ad027786a9,0d79a81a67b3,learning_curve,0.3.0.dev0,2026-09-11T16:07:17,0.5
Miller2019-imagery_basic,rr,mot,HighGamma + LDA,accuracy,1.0,0,learning_curve,24,12,64,0.1677408218383789,f0ad027786a9,0d79a81a67b3,learning_curve,0.3.0.dev0,2026-09-11T16:07:17,0.5
Miller2019-imagery_basic,rr,mot,HighGamma + LDA,balanced_accuracy,1.0,0,learning_curve,24,12,64,0.1677408218383789,f0ad027786a9,0d79a81a67b3,learning_curve,0.3.0.dev0,2026-09-11T16:07:17,0.5
Miller2019-imagery_basic,rr,mot,LogBandPower + LDA,kappa,1.0,0,learning_curve,24,12,64,0.1425442695617675,ad4c2abc31c8,0d79a81a67b3,learning_curve,0.3.0.dev0,2026-09-11T16:07:17,0.5
Miller2019-imagery_basic,rr,mot,LogBandPower + LDA,accuracy,1.0,0,learning_curve,24,12,64,0.1425442695617675,ad4c2abc31c8,0d79a81a67b3,learning_curve,0.3.0.dev0,2026-09-11T16:07:17,0.5
Miller2019-imagery_basic,rr,mot,LogBandPower + LDA,balanced_accuracy,1.0,0,learning_curve,24,12,64,0.1425442695617675,ad4c2abc31c8,0d79a81a67b3,learning_curve,0.3.0.dev0,2026-09-11T16:07:17,0.5
Miller2019-imagery_basic,rr,mot,LogBandPower + LogReg,kappa,1.0,0,learning_curve,24,12,64,0.1276838779449463,688f919f3ab0,0d79a81a67b3,learning_curve,0.3.0.dev0,2026-09-11T16:07:17,0.5
Miller2019-imagery_basic,rr,mot,LogBandPower + LogReg,accuracy,1.0,0,learning_curve,24,12,64,0.1276838779449463,688f919f3ab0,0d79a81a67b3,learning_curve,0.3.0.dev0,2026-09-11T16:07:17,0.5
Miller2019-imagery_basic,rr,mot,LogBandPower + LogReg,balanced_accuracy,1.0,0,learning_curve,24,12,64,0.1276838779449463,688f919f3ab0,0d79a81a67b3,learning_curve,0.3.0.dev0,2026-09-11T16:07:17,0.5
Miller2019-imagery_basic,rr,mot,Riemann HG TS + LogReg,kappa,1.0,0,learning_curve,24,12,64,0.4239888191223144,f55965f07628,0d79a81a67b3,learning_curve,0.3.0.dev0,2026-09-11T16:07:17,0.5
Miller2019-imagery_basic,rr,mot,Riemann HG TS + LogReg,accuracy,1.0,0,learning_curve,24,12,64,0.4239888191223144,f55965f07628,0d79a81a67b3,learning_curve,0.3.0.dev0,2026-09-11T16:07:17,0.5
Miller2019-imagery_basic,rr,mot,Riemann HG TS + LogReg,balanced_accuracy,1.0,0,learning_curve,24,12,64,0.4239888191223144,f55965f07628,0d79a81a67b3,learning_curve,0.3.0.dev0,2026-09-11T16:07:17,0.5
Miller2019-imagery_basic,rr,mot,Riemann TS + LogReg,kappa,1.0,0,learning_curve,24,12,64,0.2057938575744629,b4736e60e22e,0d79a81a67b3,learning_curve,0.3.0.dev0,2026-09-11T16:07:17,0.5
Miller2019-imagery_basic,rr,mot,Riemann TS + LogReg,accuracy,1.0,0,learning_curve,24,12,64,0.2057938575744629,b4736e60e22e,0d79a81a67b3,learning_curve,0.3.0.dev0,2026-09-11T16:07:17,0.5
Miller2019-imagery_basic,rr,mot,Riemann TS + LogReg,balanced_accuracy,1.0,0,learning_curve,24,12,64,0.2057938575744629,b4736e60e22e,0d79a81a67b3,learning_curve,0.3.0.dev0,2026-09-11T16:07:17,0.5
Miller2019-imagery_basic,rr,mot,HighGamma + LDA,kappa,1.0,0,learning_curve,48,12,64,0.2541408538818359,f0ad027786a9,0d79a81a67b3,learning_curve,0.3.0.dev0,2026-09-11T16:07:17,1.0
Miller2019-imagery_basic,rr,mot,HighGamma + LDA,accuracy,1.0,0,learning_curve,48,12,64,0.2541408538818359,f0ad027786a9,0d79a81a67b3,learning_curve,0.3.0.dev0,2026-09-11T16:07:17,1.0
Miller2019-imagery_basic,rr,mot,HighGamma + LDA,balanced_accuracy,1.0,0,learning_curve,48,12,64,0.2541408538818359,f0ad027786a9,0d79a81a67b3,learning_curve,0.3.0.dev0,2026-09-11T16:07:17,1.0
Miller2019-imagery_basic,rr,mot,LogBandPower + LDA,kappa,0.5,0,learning_curve,48,12,64,0.2580630779266357,ad4c2abc31c8,0d79a81a67b3,learning_curve,0.3.0.dev0,2026-09-11T16:07:17,1.0
Miller2019-imagery_basic,rr,mot,LogBandPower + LDA,accuracy,0.75,0,learning_curve,48,12,64,0.2580630779266357,ad4c2abc31c8,0d79a81a67b3,learning_curve,0.3.0.dev0,2026-09-11T16:07:17,1.0
Miller2019-imagery_basic,rr,mot,LogBandPower + LDA,balanced_accuracy,0.75,0,learning_curve,48,12,64,0.2580630779266357,ad4c2abc31c8,0d79a81a67b3,learning_curve,0.3.0.dev0,2026-09-11T16:07:17,1.0
Miller2019-imagery_basic,rr,mot,LogBandPower + LogReg,kappa,0.5,0,learning_curve,48,12,64,0.2539169788360595,688f919f3ab0,0d79a81a67b3,learning_curve,0.3.0.dev0,2026-09-11T16:07:17,1.0
Miller2019-imagery_basic,rr,mot,LogBandPower + LogReg,accuracy,0.75,0,learning_curve,48,12,64,0.2539169788360595,688f919f3ab0,0d79a81a67b3,learning_curve,0.3.0.dev0,2026-09-11T16:07:17,1.0
Miller2019-imagery_basic,rr,mot,LogBandPower + LogReg,balanced_accuracy,0.75,0,learning_curve,48,12,64,0.2539169788360595,688f919f3ab0,0d79a81a67b3,learning_curve,0.3.0.dev0,2026-09-11T16:07:17,1.0
Miller2019-imagery_basic,rr,mot,Riemann HG TS + LogReg,kappa,1.0,0,learning_curve,48,12,64,0.7292630672454834,f55965f07628,0d79a81a67b3,learning_curve,0.3.0.dev0,2026-09-11T16:07:17,1.0
Miller2019-imagery_basic,rr,mot,Riemann HG TS + LogReg,accuracy,1.0,0,learning_curve,48,12,64,0.7292630672454834,f55965f07628,0d79a81a67b3,learning_curve,0.3.0.dev0,2026-09-11T16:07:17,1.0
Miller2019-imagery_basic,rr,mot,Riemann HG TS + LogReg,balanced_accuracy,1.0,0,learning_curve,48,12,64,0.7292630672454834,f55965f07628,0d79a81a67b3,learning_curve,0.3.0.dev0,2026-09-11T16:07:17,1.0
Miller2019-imagery_basic,rr,mot,Riemann TS + LogReg,kappa,0.6666666666666667,0,learning_curve,48,12,64,0.3692831993103027,b4736e60e22e,0d79a81a67b3,learning_curve,0.3.0.dev0,2026-09-11T16:07:17,1.0
Miller2019-imagery_basic,rr,mot,Riemann TS + LogReg,accuracy,0.8333333333333334,0,learning_curve,48,12,64,0.3692831993103027,b4736e60e22e,0d79a81a67b3,learning_curve,0.3.0.dev0,2026-09-11T16:07:17,1.0
Miller2019-imagery_basic,rr,mot,Riemann TS + LogReg,balanced_accuracy,0.8333333333333333,0,learning_curve,48,12,64,0.3692831993103027,b4736e60e22e,0d79a81a67b3,learning_curve,0.3.0.dev0,2026-09-11T16:07:17,1.0
Miller2019-imagery_basic,rr,im,HighGamma + LDA,kappa,0.0270270270270269,0,learning_curve,5,12,64,0.0569438934326171,f0ad027786a9,0d79a81a67b3,learning_curve,0.3.0.dev0,2026-09-11T16:07:17,0.1
Miller2019-imagery_basic,rr,im,HighGamma + LDA,accuracy,0.5,0,learning_curve,5,12,64,0.0569438934326171,f0ad027786a9,0d79a81a67b3,learning_curve,0.3.0.dev0,2026-09-11T16:07:17,0.1
Miller2019-imagery_basic,rr,im,HighGamma + LDA,balanced_accuracy,0.5142857142857142,0,learning_curve,5,12,64,0.0569438934326171,f0ad027786a9,0d79a81a67b3,learning_curve,0.3.0.dev0,2026-09-11T16:07:17,0.1
Miller2019-imagery_basic,rr,im,LogBandPower + LDA,kappa,0.1176470588235294,0,learning_curve,5,12,64,0.0687742233276367,ad4c2abc31c8,0d79a81a67b3,learning_curve,0.3.0.dev0,2026-09-11T16:07:17,0.1
Miller2019-imagery_basic,rr,im,LogBandPower + LDA,accuracy,0.5833333333333334,0,learning_curve,5,12,64,0.0687742233276367,ad4c2abc31c8,0d79a81a67b3,learning_curve,0.3.0.dev0,2026-09-11T16:07:17,0.1
Miller2019-imagery_basic,rr,im,LogBandPower + LDA,balanced_accuracy,0.5571428571428572,0,learning_curve,5,12,64,0.0687742233276367,ad4c2abc31c8,0d79a81a67b3,learning_curve,0.3.0.dev0,2026-09-11T16:07:17,0.1
Miller2019-imagery_basic,rr,im,LogBandPower + LogReg,kappa,0.0,0,learning_curve,5,12,64,0.0571417808532714,688f919f3ab0,0d79a81a67b3,learning_curve,0.3.0.dev0,2026-09-11T16:07:17,0.1
Miller2019-imagery_basic,rr,im,LogBandPower + LogReg,accuracy,0.5833333333333334,0,learning_curve,5,12,64,0.0571417808532714,688f919f3ab0,0d79a81a67b3,learning_curve,0.3.0.dev0,2026-09-11T16:07:17,0.1
Miller2019-imagery_basic,rr,im,LogBandPower + LogReg,balanced_accuracy,0.5,0,learning_curve,5,12,64,0.0571417808532714,688f919f3ab0,0d79a81a67b3,learning_curve,0.3.0.dev0,2026-09-11T16:07:17,0.1
Miller2019-imagery_basic,rr,im,Riemann HG TS + LogReg,kappa,0.0,0,learning_curve,5,12,64,0.1826591491699218,f55965f07628,0d79a81a67b3,learning_curve,0.3.0.dev0,2026-09-11T16:07:17,0.1
Miller2019-imagery_basic,rr,im,Riemann HG TS + LogReg,accuracy,0.5833333333333334,0,learning_curve,5,12,64,0.1826591491699218,f55965f07628,0d79a81a67b3,learning_curve,0.3.0.dev0,2026-09-11T16:07:17,0.1
Miller2019-imagery_basic,rr,im,Riemann HG TS + LogReg,balanced_accuracy,0.5,0,learning_curve,5,12,64,0.1826591491699218,f55965f07628,0d79a81a67b3,learning_curve,0.3.0.dev0,2026-09-11T16:07:17,0.1
Miller2019-imagery_basic,rr,im,Riemann TS + LogReg,kappa,0.0,0,learning_curve,5,12,64,0.0847761631011962,b4736e60e22e,0d79a81a67b3,learning_curve,0.3.0.dev0,2026-09-11T16:07:17,0.1
Miller2019-imagery_basic,rr,im,Riemann TS + LogReg,accuracy,0.5833333333333334,0,learning_curve,5,12,64,0.0847761631011962,b4736e60e22e,0d79a81a67b3,learning_curve,0.3.0.dev0,2026-09-11T16:07:17,0.1
Miller2019-imagery_basic,rr,im,Riemann TS + LogReg,balanced_accuracy,0.5,0,learning_curve,5,12,64,0.0847761631011962,b4736e60e22e,0d79a81a67b3,learning_curve,0.3.0.dev0,2026-09-11T16:07:17,0.1
Miller2019-imagery_basic,rr,im,HighGamma + LDA,kappa,-0.2972972972972973,0,learning_curve,12,12,64,0.0812387466430664,f0ad027786a9,0d79a81a67b3,learning_curve,0.3.0.dev0,2026-09-11T16:07:17,0.25
Miller2019-imagery_basic,rr,im,HighGamma + LDA,accuracy,0.3333333333333333,0,learning_curve,12,12,64,0.0812387466430664,f0ad027786a9,0d79a81a67b3,learning_curve,0.3.0.dev0,2026-09-11T16:07:17,0.25
Miller2019-imagery_basic,rr,im,HighGamma + LDA,balanced_accuracy,0.3428571428571428,0,learning_curve,12,12,64,0.0812387466430664,f0ad027786a9,0d79a81a67b3,learning_curve,0.3.0.dev0,2026-09-11T16:07:17,0.25
Miller2019-imagery_basic,rr,im,LogBandPower + LDA,kappa,0.0625000000000001,0,learning_curve,12,12,64,0.0903339385986328,ad4c2abc31c8,0d79a81a67b3,learning_curve,0.3.0.dev0,2026-09-11T16:07:17,0.25
Miller2019-imagery_basic,rr,im,LogBandPower + LDA,accuracy,0.5833333333333334,0,learning_curve,12,12,64,0.0903339385986328,ad4c2abc31c8,0d79a81a67b3,learning_curve,0.3.0.dev0,2026-09-11T16:07:17,0.25
Miller2019-imagery_basic,rr,im,LogBandPower + LDA,balanced_accuracy,0.5285714285714286,0,learning_curve,12,12,64,0.0903339385986328,ad4c2abc31c8,0d79a81a67b3,learning_curve,0.3.0.dev0,2026-09-11T16:07:17,0.25
Miller2019-imagery_basic,rr,im,LogBandPower + LogReg,kappa,-0.1612903225806452,0,learning_curve,12,12,64,0.0789809226989746,688f919f3ab0,0d79a81a67b3,learning_curve,0.3.0.dev0,2026-09-11T16:07:17,0.25
Miller2019-imagery_basic,rr,im,LogBandPower + LogReg,accuracy,0.5,0,learning_curve,12,12,64,0.0789809226989746,688f919f3ab0,0d79a81a67b3,learning_curve,0.3.0.dev0,2026-09-11T16:07:17,0.25
Miller2019-imagery_basic,rr,im,LogBandPower + LogReg,balanced_accuracy,0.4285714285714285,0,learning_curve,12,12,64,0.0789809226989746,688f919f3ab0,0d79a81a67b3,learning_curve,0.3.0.dev0,2026-09-11T16:07:17,0.25
Miller2019-imagery_basic,rr,im,Riemann HG TS + LogReg,kappa,-0.1612903225806452,0,learning_curve,12,12,64,0.2680871486663818,f55965f07628,0d79a81a67b3,learning_curve,0.3.0.dev0,2026-09-11T16:07:17,0.25
Miller2019-imagery_basic,rr,im,Riemann HG TS + LogReg,accuracy,0.5,0,learning_curve,12,12,64,0.2680871486663818,f55965f07628,0d79a81a67b3,learning_curve,0.3.0.dev0,2026-09-11T16:07:17,0.25
Miller2019-imagery_basic,rr,im,Riemann HG TS + LogReg,balanced_accuracy,0.4285714285714285,0,learning_curve,12,12,64,0.2680871486663818,f55965f07628,0d79a81a67b3,learning_curve,0.3.0.dev0,2026-09-11T16:07:17,0.25
Miller2019-imagery_basic,rr,im,Riemann TS + LogReg,kappa,0.0769230769230768,0,learning_curve,12,12,64,0.1330759525299072,b4736e60e22e,0d79a81a67b3,learning_curve,0.3.0.dev0,2026-09-11T16:07:17,0.25
Miller2019-imagery_basic,rr,im,Riemann TS + LogReg,accuracy,0.5,0,learning_curve,12,12,64,0.1330759525299072,b4736e60e22e,0d79a81a67b3,learning_curve,0.3.0.dev0,2026-09-11T16:07:17,0.25
Miller2019-imagery_basic,rr,im,Riemann TS + LogReg,balanced_accuracy,0.5428571428571429,0,learning_curve,12,12,64,0.1330759525299072,b4736e60e22e,0d79a81a67b3,learning_curve,0.3.0.dev0,2026-09-11T16:07:17,0.25
Miller2019-imagery_basic,rr,im,HighGamma + LDA,kappa,-0.1052631578947367,0,learning_curve,24,12,64,0.1238038539886474,f0ad027786a9,0d79a81a67b3,learning_curve,0.3.0.dev0,2026-09-11T16:07:17,0.5
Miller2019-imagery_basic,rr,im,HighGamma + LDA,accuracy,0.4166666666666667,0,learning_curve,24,12,64,0.1238038539886474,f0ad027786a9,0d79a81a67b3,learning_curve,0.3.0.dev0,2026-09-11T16:07:17,0.5
Miller2019-imagery_basic,rr,im,HighGamma + LDA,balanced_accuracy,0.4428571428571428,0,learning_curve,24,12,64,0.1238038539886474,f0ad027786a9,0d79a81a67b3,learning_curve,0.3.0.dev0,2026-09-11T16:07:17,0.5
Miller2019-imagery_basic,rr,im,LogBandPower + LDA,kappa,0.2258064516129031,0,learning_curve,24,12,64,0.1373970508575439,ad4c2abc31c8,0d79a81a67b3,learning_curve,0.3.0.dev0,2026-09-11T16:07:17,0.5
Miller2019-imagery_basic,rr,im,LogBandPower + LDA,accuracy,0.6666666666666666,0,learning_curve,24,12,64,0.1373970508575439,ad4c2abc31c8,0d79a81a67b3,learning_curve,0.3.0.dev0,2026-09-11T16:07:17,0.5
Miller2019-imagery_basic,rr,im,LogBandPower + LDA,balanced_accuracy,0.6,0,learning_curve,24,12,64,0.1373970508575439,ad4c2abc31c8,0d79a81a67b3,learning_curve,0.3.0.dev0,2026-09-11T16:07:17,0.5
Miller2019-imagery_basic,rr,im,LogBandPower + LogReg,kappa,0.2258064516129031,0,learning_curve,24,12,64,0.129307746887207,688f919f3ab0,0d79a81a67b3,learning_curve,0.3.0.dev0,2026-09-11T16:07:17,0.5
Miller2019-imagery_basic,rr,im,LogBandPower + LogReg,accuracy,0.6666666666666666,0,learning_curve,24,12,64,0.129307746887207,688f919f3ab0,0d79a81a67b3,learning_curve,0.3.0.dev0,2026-09-11T16:07:17,0.5
Miller2019-imagery_basic,rr,im,LogBandPower + LogReg,balanced_accuracy,0.6,0,learning_curve,24,12,64,0.129307746887207,688f919f3ab0,0d79a81a67b3,learning_curve,0.3.0.dev0,2026-09-11T16:07:17,0.5
Miller2019-imagery_basic,rr,im,Riemann HG TS + LogReg,kappa,-0.1666666666666667,0,learning_curve,24,12,64,0.4112591743469238,f55965f07628,0d79a81a67b3,learning_curve,0.3.0.dev0,2026-09-11T16:07:17,0.5
Miller2019-imagery_basic,rr,im,Riemann HG TS + LogReg,accuracy,0.4166666666666667,0,learning_curve,24,12,64,0.4112591743469238,f55965f07628,0d79a81a67b3,learning_curve,0.3.0.dev0,2026-09-11T16:07:17,0.5
Miller2019-imagery_basic,rr,im,Riemann HG TS + LogReg,balanced_accuracy,0.4142857142857142,0,learning_curve,24,12,64,0.4112591743469238,f55965f07628,0d79a81a67b3,learning_curve,0.3.0.dev0,2026-09-11T16:07:17,0.5
Miller2019-imagery_basic,rr,im,Riemann TS + LogReg,kappa,0.0769230769230768,0,learning_curve,24,12,64,0.211367130279541,b4736e60e22e,0d79a81a67b3,learning_curve,0.3.0.dev0,2026-09-11T16:07:17,0.5
Miller2019-imagery_basic,rr,im,Riemann TS + LogReg,accuracy,0.5,0,learning_curve,24,12,64,0.211367130279541,b4736e60e22e,0d79a81a67b3,learning_curve,0.3.0.dev0,2026-09-11T16:07:17,0.5
Miller2019-imagery_basic,rr,im,Riemann TS + LogReg,balanced_accuracy,0.5428571428571429,0,learning_curve,24,12,64,0.211367130279541,b4736e60e22e,0d79a81a67b3,learning_curve,0.3.0.dev0,2026-09-11T16:07:17,0.5
Miller2019-imagery_basic,rr,im,HighGamma + LDA,kappa,0.8333333333333334,0,learning_curve,48,12,64,0.2992579936981201,f0ad027786a9,0d79a81a67b3,learning_curve,0.3.0.dev0,2026-09-11T16:07:17,1.0
Miller2019-imagery_basic,rr,im,HighGamma + LDA,accuracy,0.9166666666666666,0,learning_curve,48,12,64,0.2992579936981201,f0ad027786a9,0d79a81a67b3,learning_curve,0.3.0.dev0,2026-09-11T16:07:17,1.0
Miller2019-imagery_basic,rr,im,HighGamma + LDA,balanced_accuracy,0.9285714285714286,0,learning_curve,48,12,64,0.2992579936981201,f0ad027786a9,0d79a81a67b3,learning_curve,0.3.0.dev0,2026-09-11T16:07:17,1.0
Miller2019-imagery_basic,rr,im,LogBandPower + LDA,kappa,0.6363636363636364,0,learning_curve,48,12,64,0.2884106636047363,ad4c2abc31c8,0d79a81a67b3,learning_curve,0.3.0.dev0,2026-09-11T16:07:17,1.0
Miller2019-imagery_basic,rr,im,LogBandPower + LDA,accuracy,0.8333333333333334,0,learning_curve,48,12,64,0.2884106636047363,ad4c2abc31c8,0d79a81a67b3,learning_curve,0.3.0.dev0,2026-09-11T16:07:17,1.0
Miller2019-imagery_basic,rr,im,LogBandPower + LDA,balanced_accuracy,0.8,0,learning_curve,48,12,64,0.2884106636047363,ad4c2abc31c8,0d79a81a67b3,learning_curve,0.3.0.dev0,2026-09-11T16:07:17,1.0
Miller2019-imagery_basic,rr,im,LogBandPower + LogReg,kappa,0.6363636363636364,0,learning_curve,48,12,64,0.2678017616271972,688f919f3ab0,0d79a81a67b3,learning_curve,0.3.0.dev0,2026-09-11T16:07:17,1.0
Miller2019-imagery_basic,rr,im,LogBandPower + LogReg,accuracy,0.8333333333333334,0,learning_curve,48,12,64,0.2678017616271972,688f919f3ab0,0d79a81a67b3,learning_curve,0.3.0.dev0,2026-09-11T16:07:17,1.0
Miller2019-imagery_basic,rr,im,LogBandPower + LogReg,balanced_accuracy,0.8,0,learning_curve,48,12,64,0.2678017616271972,688f919f3ab0,0d79a81a67b3,learning_curve,0.3.0.dev0,2026-09-11T16:07:17,1.0
Miller2019-imagery_basic,rr,im,Riemann HG TS + LogReg,kappa,-0.2972972972972973,0,learning_curve,48,12,64,0.708223819732666,f55965f07628,0d79a81a67b3,learning_curve,0.3.0.dev0,2026-09-11T16:07:17,1.0
Miller2019-imagery_basic,rr,im,Riemann HG TS + LogReg,accuracy,0.3333333333333333,0,learning_curve,48,12,64,0.708223819732666,f55965f07628,0d79a81a67b3,learning_curve,0.3.0.dev0,2026-09-11T16:07:17,1.0
Miller2019-imagery_basic,rr,im,Riemann HG TS + LogReg,balanced_accuracy,0.3428571428571428,0,learning_curve,48,12,64,0.708223819732666,f55965f07628,0d79a81a67b3,learning_curve,0.3.0.dev0,2026-09-11T16:07:17,1.0
Miller2019-imagery_basic,rr,im,Riemann TS + LogReg,kappa,0.1666666666666666,0,learning_curve,48,12,64,0.3615391254425049,b4736e60e22e,0d79a81a67b3,learning_curve,0.3.0.dev0,2026-09-11T16:07:17,1.0
Miller2019-imagery_basic,rr,im,Riemann TS + LogReg,accuracy,0.5833333333333334,0,learning_curve,48,12,64,0.3615391254425049,b4736e60e22e,0d79a81a67b3,learning_curve,0.3.0.dev0,2026-09-11T16:07:17,1.0
Miller2019-imagery_basic,rr,im,Riemann TS + LogReg,balanced_accuracy,0.5857142857142856,0,learning_curve,48,12,64,0.3615391254425049,b4736e60e22e,0d79a81a67b3,learning_curve,0.3.0.dev0,2026-09-11T16:07:17,1.0
Miller2019-imagery_basic,jm,mot,ShallowFBCSPNet s1,kappa,0.0,0,chronological,48,12,64,39.82955193519592,9b00584f0cc9,8468b414e125,within_subject,0.3.0.dev0,2026-09-11T17:40:21,
Miller2019-imagery_basic,jm,mot,ShallowFBCSPNet s1,accuracy,0.5833333333333334,0,chronological,48,12,64,39.82955193519592,9b00584f0cc9,8468b414e125,within_subject,0.3.0.dev0,2026-09-11T17:40:21,
Miller2019-imagery_basic,jm,mot,ShallowFBCSPNet s1,balanced_accuracy,0.5,0,chronological,48,12,64,39.82955193519592,9b00584f0cc9,8468b414e125,within_subject,0.3.0.dev0,2026-09-11T17:40:21,
Miller2019-imagery_basic,jm,mot,ShallowFBCSPNet s1,kappa,-0.1666666666666667,1,chronological,48,12,64,36.00696802139282,9b00584f0cc9,8468b414e125,within_subject,0.3.0.dev0,2026-09-11T17:40:21,
Miller2019-imagery_basic,jm,mot,ShallowFBCSPNet s1,accuracy,0.4166666666666667,1,chronological,48,12,64,36.00696802139282,9b00584f0cc9,8468b414e125,within_subject,0.3.0.dev0,2026-09-11T17:40:21,
Miller2019-imagery_basic,jm,mot,ShallowFBCSPNet s1,balanced_accuracy,0.4142857142857142,1,chronological,48,12,64,36.00696802139282,9b00584f0cc9,8468b414e125,within_subject,0.3.0.dev0,2026-09-11T17:40:21,
Miller2019-imagery_basic,jm,mot,ShallowFBCSPNet s1,kappa,0.0,2,chronological,48,12,64,36.333057165145874,9b00584f0cc9,8468b414e125,within_subject,0.3.0.dev0,2026-09-11T17:40:21,
Miller2019-imagery_basic,jm,mot,ShallowFBCSPNet s1,accuracy,0.3333333333333333,2,chronological,48,12,64,36.333057165145874,9b00584f0cc9,8468b414e125,within_subject,0.3.0.dev0,2026-09-11T17:40:21,
Miller2019-imagery_basic,jm,mot,ShallowFBCSPNet s1,balanced_accuracy,0.5,2,chronological,48,12,64,36.333057165145874,9b00584f0cc9,8468b414e125,within_subject,0.3.0.dev0,2026-09-11T17:40:21,
Miller2019-imagery_basic,jm,mot,ShallowFBCSPNet s1,kappa,-0.0285714285714286,3,chronological,48,12,64,36.04111886024475,9b00584f0cc9,8468b414e125,within_subject,0.3.0.dev0,2026-09-11T17:40:21,
Miller2019-imagery_basic,jm,mot,ShallowFBCSPNet s1,accuracy,0.5,3,chronological,48,12,64,36.04111886024475,9b00584f0cc9,8468b414e125,within_subject,0.3.0.dev0,2026-09-11T17:40:21,
Miller2019-imagery_basic,jm,mot,ShallowFBCSPNet s1,balanced_accuracy,0.4857142857142857,3,chronological,48,12,64,36.04111886024475,9b00584f0cc9,8468b414e125,within_subject,0.3.0.dev0,2026-09-11T17:40:21,
Miller2019-imagery_basic,jm,mot,ShallowFBCSPNet s1,kappa,-0.1052631578947367,4,chronological,48,12,64,36.1036159992218,9b00584f0cc9,8468b414e125,within_subject,0.3.0.dev0,2026-09-11T17:40:21,
Miller2019-imagery_basic,jm,mot,ShallowFBCSPNet s1,accuracy,0.4166666666666667,4,chronological,48,12,64,36.1036159992218,9b00584f0cc9,8468b414e125,within_subject,0.3.0.dev0,2026-09-11T17:40:21,
Miller2019-imagery_basic,jm,mot,ShallowFBCSPNet s1,balanced_accuracy,0.4375,4,chronological,48,12,64,36.1036159992218,9b00584f0cc9,8468b414e125,within_subject,0.3.0.dev0,2026-09-11T17:40:21,
Miller2019-imagery_basic,jm,im,ShallowFBCSPNet s1,kappa,0.0769230769230768,0,chronological,48,12,64,37.54410696029663,9b00584f0cc9,8468b414e125,within_subject,0.3.0.dev0,2026-09-11T17:40:21,
Miller2019-imagery_basic,jm,im,ShallowFBCSPNet s1,accuracy,0.5,0,chronological,48,12,64,37.54410696029663,9b00584f0cc9,8468b414e125,within_subject,0.3.0.dev0,2026-09-11T17:40:21,
Miller2019-imagery_basic,jm,im,ShallowFBCSPNet s1,balanced_accuracy,0.5428571428571429,0,chronological,48,12,64,37.54410696029663,9b00584f0cc9,8468b414e125,within_subject,0.3.0.dev0,2026-09-11T17:40:21,
Miller2019-imagery_basic,jm,im,ShallowFBCSPNet s1,kappa,0.1219512195121952,1,chronological,48,12,64,38.69596099853516,9b00584f0cc9,8468b414e125,within_subject,0.3.0.dev0,2026-09-11T17:40:21,
Miller2019-imagery_basic,jm,im,ShallowFBCSPNet s1,accuracy,0.5,1,chronological,48,12,64,38.69596099853516,9b00584f0cc9,8468b414e125,within_subject,0.3.0.dev0,2026-09-11T17:40:21,
Miller2019-imagery_basic,jm,im,ShallowFBCSPNet s1,balanced_accuracy,0.5714285714285714,1,chronological,48,12,64,38.69596099853516,9b00584f0cc9,8468b414e125,within_subject,0.3.0.dev0,2026-09-11T17:40:21,
Miller2019-imagery_basic,jm,im,ShallowFBCSPNet s1,kappa,0.1666666666666666,2,chronological,48,12,64,42.79692506790161,9b00584f0cc9,8468b414e125,within_subject,0.3.0.dev0,2026-09-11T17:40:21,
Miller2019-imagery_basic,jm,im,ShallowFBCSPNet s1,accuracy,0.5833333333333334,2,chronological,48,12,64,42.79692506790161,9b00584f0cc9,8468b414e125,within_subject,0.3.0.dev0,2026-09-11T17:40:21,
Miller2019-imagery_basic,jm,im,ShallowFBCSPNet s1,balanced_accuracy,0.5833333333333334,2,chronological,48,12,64,42.79692506790161,9b00584f0cc9,8468b414e125,within_subject,0.3.0.dev0,2026-09-11T17:40:21,
Miller2019-imagery_basic,jm,im,ShallowFBCSPNet s1,kappa,0.1666666666666666,3,chronological,48,12,64,43.063035011291504,9b00584f0cc9,8468b414e125,within_subject,0.3.0.dev0,2026-09-11T17:40:21,
Miller2019-imagery_basic,jm,im,ShallowFBCSPNet s1,accuracy,0.5833333333333334,3,chronological,48,12,64,43.063035011291504,9b00584f0cc9,8468b414e125,within_subject,0.3.0.dev0,2026-09-11T17:40:21,
Miller2019-imagery_basic,jm,im,ShallowFBCSPNet s1,balanced_accuracy,0.5833333333333333,3,chronological,48,12,64,43.063035011291504,9b00584f0cc9,8468b414e125,within_subject,0.3.0.dev0,2026-09-11T17:40:21,
Miller2019-imagery_basic,jm,im,ShallowFBCSPNet s1,kappa,0.1666666666666666,4,chronological,48,12,64,3871.077465057373,9b00584f0cc9,8468b414e125,within_subject,0.3.0.dev0,2026-09-11T17:40:21,
Miller2019-imagery_basic,jm,im,ShallowFBCSPNet s1,accuracy,0.5833333333333334,4,chronological,48,12,64,3871.077465057373,9b00584f0cc9,8468b414e125,within_subject,0.3.0.dev0,2026-09-11T17:40:21,
Miller2019-imagery_basic,jm,im,ShallowFBCSPNet s1,balanced_accuracy,0.5833333333333333,4,chronological,48,12,64,3871.077465057373,9b00584f0cc9,8468b414e125,within_subject,0.3.0.dev0,2026-09-11T17:40:21,
Miller2019-imagery_basic,rh,mot,ShallowFBCSPNet s1,kappa,0.0,0,chronological,48,12,64,49.285523891448975,9b00584f0cc9,8468b414e125,within_subject,0.3.0.dev0,2026-09-11T17:47:23,
Miller2019-imagery_basic,rh,mot,ShallowFBCSPNet s1,accuracy,0.3333333333333333,0,chronological,48,12,64,49.285523891448975,9b00584f0cc9,8468b414e125,within_subject,0.3.0.dev0,2026-09-11T17:47:23,
Miller2019-imagery_basic,rh,mot,ShallowFBCSPNet s1,balanced_accuracy,0.5,0,chronological,48,12,64,49.285523891448975,9b00584f0cc9,8468b414e125,within_subject,0.3.0.dev0,2026-09-11T17:47:23,
Miller2019-imagery_basic,rh,mot,ShallowFBCSPNet s1,kappa,-0.05,1,chronological,48,12,64,45.40269064903259,9b00584f0cc9,8468b414e125,within_subject,0.3.0.dev0,2026-09-11T17:47:23,
Miller2019-imagery_basic,rh,mot,ShallowFBCSPNet s1,accuracy,0.4166666666666667,1,chronological,48,12,64,45.40269064903259,9b00584f0cc9,8468b414e125,within_subject,0.3.0.dev0,2026-09-11T17:47:23,
Miller2019-imagery_basic,rh,mot,ShallowFBCSPNet s1,balanced_accuracy,0.4714285714285714,1,chronological,48,12,64,45.40269064903259,9b00584f0cc9,8468b414e125,within_subject,0.3.0.dev0,2026-09-11T17:47:23,
Miller2019-imagery_basic,rh,mot,ShallowFBCSPNet s1,kappa,-0.3333333333333332,2,chronological,48,12,64,42.94616413116455,9b00584f0cc9,8468b414e125,within_subject,0.3.0.dev0,2026-09-11T17:47:23,
Miller2019-imagery_basic,rh,mot,ShallowFBCSPNet s1,accuracy,0.1666666666666666,2,chronological,48,12,64,42.94616413116455,9b00584f0cc9,8468b414e125,within_subject,0.3.0.dev0,2026-09-11T17:47:23,
Miller2019-imagery_basic,rh,mot,ShallowFBCSPNet s1,balanced_accuracy,0.2222222222222222,2,chronological,48,12,64,42.94616413116455,9b00584f0cc9,8468b414e125,within_subject,0.3.0.dev0,2026-09-11T17:47:23,
Miller2019-imagery_basic,rh,mot,ShallowFBCSPNet s1,kappa,0.0,3,chronological,48,12,64,50.10135817527771,9b00584f0cc9,8468b414e125,within_subject,0.3.0.dev0,2026-09-11T17:47:23,
Miller2019-imagery_basic,rh,mot,ShallowFBCSPNet s1,accuracy,0.4166666666666667,3,chronological,48,12,64,50.10135817527771,9b00584f0cc9,8468b414e125,within_subject,0.3.0.dev0,2026-09-11T17:47:23,
Miller2019-imagery_basic,rh,mot,ShallowFBCSPNet s1,balanced_accuracy,0.5,3,chronological,48,12,64,50.10135817527771,9b00584f0cc9,8468b414e125,within_subject,0.3.0.dev0,2026-09-11T17:47:23,
Miller2019-imagery_basic,rh,mot,ShallowFBCSPNet s1,kappa,0.3333333333333333,4,chronological,48,12,64,44.92495012283325,9b00584f0cc9,8468b414e125,within_subject,0.3.0.dev0,2026-09-11T17:47:23,
Miller2019-imagery_basic,rh,mot,ShallowFBCSPNet s1,accuracy,0.6666666666666666,4,chronological,48,12,64,44.92495012283325,9b00584f0cc9,8468b414e125,within_subject,0.3.0.dev0,2026-09-11T17:47:23,
Miller2019-imagery_basic,rh,mot,ShallowFBCSPNet s1,balanced_accuracy,0.6666666666666667,4,chronological,48,12,64,44.92495012283325,9b00584f0cc9,8468b414e125,within_subject,0.3.0.dev0,2026-09-11T17:47:23,
Miller2019-imagery_basic,rh,im,ShallowFBCSPNet s1,kappa,-0.4545454545454546,0,chronological,48,12,64,44.9313280582428,9b00584f0cc9,8468b414e125,within_subject,0.3.0.dev0,2026-09-11T17:47:23,
Miller2019-imagery_basic,rh,im,ShallowFBCSPNet s1,accuracy,0.3333333333333333,0,chronological,48,12,64,44.9313280582428,9b00584f0cc9,8468b414e125,within_subject,0.3.0.dev0,2026-09-11T17:47:23,
Miller2019-imagery_basic,rh,im,ShallowFBCSPNet s1,balanced_accuracy,0.2857142857142857,0,chronological,48,12,64,44.9313280582428,9b00584f0cc9,8468b414e125,within_subject,0.3.0.dev0,2026-09-11T17:47:23,
Miller2019-imagery_basic,rh,im,ShallowFBCSPNet s1,kappa,-0.4210526315789473,1,chronological,48,12,64,40.652119874954224,9b00584f0cc9,8468b414e125,within_subject,0.3.0.dev0,2026-09-11T17:47:23,
Miller2019-imagery_basic,rh,im,ShallowFBCSPNet s1,accuracy,0.25,1,chronological,48,12,64,40.652119874954224,9b00584f0cc9,8468b414e125,within_subject,0.3.0.dev0,2026-09-11T17:47:23,
Miller2019-imagery_basic,rh,im,ShallowFBCSPNet s1,balanced_accuracy,0.2714285714285714,1,chronological,48,12,64,40.652119874954224,9b00584f0cc9,8468b414e125,within_subject,0.3.0.dev0,2026-09-11T17:47:23,
Miller2019-imagery_basic,rh,im,ShallowFBCSPNet s1,kappa,-0.5384615384615385,2,chronological,48,12,64,29.47202682495117,9b00584f0cc9,8468b414e125,within_subject,0.3.0.dev0,2026-09-11T17:47:23,
Miller2019-imagery_basic,rh,im,ShallowFBCSPNet s1,accuracy,0.1666666666666666,2,chronological,48,12,64,29.47202682495117,9b00584f0cc9,8468b414e125,within_subject,0.3.0.dev0,2026-09-11T17:47:23,
Miller2019-imagery_basic,rh,im,ShallowFBCSPNet s1,balanced_accuracy,0.2,2,chronological,48,12,64,29.47202682495117,9b00584f0cc9,8468b414e125,within_subject,0.3.0.dev0,2026-09-11T17:47:23,
Miller2019-imagery_basic,rh,im,ShallowFBCSPNet s1,kappa,-0.6666666666666667,3,chronological,48,12,64,33.52996802330017,9b00584f0cc9,8468b414e125,within_subject,0.3.0.dev0,2026-09-11T17:47:23,
Miller2019-imagery_basic,rh,im,ShallowFBCSPNet s1,accuracy,0.1666666666666666,3,chronological,48,12,64,33.52996802330017,9b00584f0cc9,8468b414e125,within_subject,0.3.0.dev0,2026-09-11T17:47:23,
Miller2019-imagery_basic,rh,im,ShallowFBCSPNet s1,balanced_accuracy,0.1666666666666666,3,chronological,48,12,64,33.52996802330017,9b00584f0cc9,8468b414e125,within_subject,0.3.0.dev0,2026-09-11T17:47:23,
Miller2019-imagery_basic,rh,im,ShallowFBCSPNet s1,kappa,-0.0909090909090908,4,chronological,48,12,64,30.711580753326416,9b00584f0cc9,8468b414e125,within_subject,0.3.0.dev0,2026-09-11T17:47:23,
Miller2019-imagery_basic,rh,im,ShallowFBCSPNet s1,accuracy,0.5,4,chronological,48,12,64,30.711580753326416,9b00584f0cc9,8468b414e125,within_subject,0.3.0.dev0,2026-09-11T17:47:23,
Miller2019-imagery_basic,rh,im,ShallowFBCSPNet s1,balanced_accuracy,0.4571428571428572,4,chronological,48,12,64,30.711580753326416,9b00584f0cc9,8468b414e125,within_subject,0.3.0.dev0,2026-09-11T17:47:23,
Miller2019-imagery_basic,rr,mot,ShallowFBCSPNet s1,kappa,0.8333333333333334,0,chronological,48,12,64,30.61361002922058,9b00584f0cc9,8468b414e125,within_subject,0.3.0.dev0,2026-09-11T17:52:30,
Miller2019-imagery_basic,rr,mot,ShallowFBCSPNet s1,accuracy,0.9166666666666666,0,chronological,48,12,64,30.61361002922058,9b00584f0cc9,8468b414e125,within_subject,0.3.0.dev0,2026-09-11T17:52:30,
Miller2019-imagery_basic,rr,mot,ShallowFBCSPNet s1,balanced_accuracy,0.9166666666666669,0,chronological,48,12,64,30.61361002922058,9b00584f0cc9,8468b414e125,within_subject,0.3.0.dev0,2026-09-11T17:52:30,
Miller2019-imagery_basic,rr,mot,ShallowFBCSPNet s1,kappa,1.0,1,chronological,48,12,64,29.954037189483643,9b00584f0cc9,8468b414e125,within_subject,0.3.0.dev0,2026-09-11T17:52:30,
Miller2019-imagery_basic,rr,mot,ShallowFBCSPNet s1,accuracy,1.0,1,chronological,48,12,64,29.954037189483643,9b00584f0cc9,8468b414e125,within_subject,0.3.0.dev0,2026-09-11T17:52:30,
Miller2019-imagery_basic,rr,mot,ShallowFBCSPNet s1,balanced_accuracy,1.0,1,chronological,48,12,64,29.954037189483643,9b00584f0cc9,8468b414e125,within_subject,0.3.0.dev0,2026-09-11T17:52:30,
Miller2019-imagery_basic,rr,mot,ShallowFBCSPNet s1,kappa,0.8235294117647058,2,chronological,48,12,64,29.46248888969421,9b00584f0cc9,8468b414e125,within_subject,0.3.0.dev0,2026-09-11T17:52:30,
Miller2019-imagery_basic,rr,mot,ShallowFBCSPNet s1,accuracy,0.9166666666666666,2,chronological,48,12,64,29.46248888969421,9b00584f0cc9,8468b414e125,within_subject,0.3.0.dev0,2026-09-11T17:52:30,
Miller2019-imagery_basic,rr,mot,ShallowFBCSPNet s1,balanced_accuracy,0.9,2,chronological,48,12,64,29.46248888969421,9b00584f0cc9,8468b414e125,within_subject,0.3.0.dev0,2026-09-11T17:52:30,
Miller2019-imagery_basic,rr,mot,ShallowFBCSPNet s1,kappa,1.0,3,chronological,48,12,64,30.136461973190308,9b00584f0cc9,8468b414e125,within_subject,0.3.0.dev0,2026-09-11T17:52:30,
Miller2019-imagery_basic,rr,mot,ShallowFBCSPNet s1,accuracy,1.0,3,chronological,48,12,64,30.136461973190308,9b00584f0cc9,8468b414e125,within_subject,0.3.0.dev0,2026-09-11T17:52:30,
Miller2019-imagery_basic,rr,mot,ShallowFBCSPNet s1,balanced_accuracy,1.0,3,chronological,48,12,64,30.136461973190308,9b00584f0cc9,8468b414e125,within_subject,0.3.0.dev0,2026-09-11T17:52:30,
Miller2019-imagery_basic,rr,mot,ShallowFBCSPNet s1,kappa,1.0,4,chronological,48,12,64,30.121225833892822,9b00584f0cc9,8468b414e125,within_subject,0.3.0.dev0,2026-09-11T17:52:30,
Miller2019-imagery_basic,rr,mot,ShallowFBCSPNet s1,accuracy,1.0,4,chronological,48,12,64,30.121225833892822,9b00584f0cc9,8468b414e125,within_subject,0.3.0.dev0,2026-09-11T17:52:30,
Miller2019-imagery_basic,rr,mot,ShallowFBCSPNet s1,balanced_accuracy,1.0,4,chronological,48,12,64,30.121225833892822,9b00584f0cc9,8468b414e125,within_subject,0.3.0.dev0,2026-09-11T17:52:30,
Miller2019-imagery_basic,rr,im,ShallowFBCSPNet s1,kappa,0.3333333333333333,0,chronological,48,12,64,30.80583000183105,9b00584f0cc9,8468b414e125,within_subject,0.3.0.dev0,2026-09-11T17:52:30,
Miller2019-imagery_basic,rr,im,ShallowFBCSPNet s1,accuracy,0.6666666666666666,0,chronological,48,12,64,30.80583000183105,9b00584f0cc9,8468b414e125,within_subject,0.3.0.dev0,2026-09-11T17:52:30,
Miller2019-imagery_basic,rr,im,ShallowFBCSPNet s1,balanced_accuracy,0.6666666666666667,0,chronological,48,12,64,30.80583000183105,9b00584f0cc9,8468b414e125,within_subject,0.3.0.dev0,2026-09-11T17:52:30,
Miller2019-imagery_basic,rr,im,ShallowFBCSPNet s1,kappa,0.5,1,chronological,48,12,64,30.37744092941284,9b00584f0cc9,8468b414e125,within_subject,0.3.0.dev0,2026-09-11T17:52:30,
Miller2019-imagery_basic,rr,im,ShallowFBCSPNet s1,accuracy,0.75,1,chronological,48,12,64,30.37744092941284,9b00584f0cc9,8468b414e125,within_subject,0.3.0.dev0,2026-09-11T17:52:30,
Miller2019-imagery_basic,rr,im,ShallowFBCSPNet s1,balanced_accuracy,0.75,1,chronological,48,12,64,30.37744092941284,9b00584f0cc9,8468b414e125,within_subject,0.3.0.dev0,2026-09-11T17:52:30,
Miller2019-imagery_basic,rr,im,ShallowFBCSPNet s1,kappa,0.3333333333333333,2,chronological,48,12,64,30.263288974761963,9b00584f0cc9,8468b414e125,within_subject,0.3.0.dev0,2026-09-11T17:52:30,
Miller2019-imagery_basic,rr,im,ShallowFBCSPNet s1,accuracy,0.6666666666666666,2,chronological,48,12,64,30.263288974761963,9b00584f0cc9,8468b414e125,within_subject,0.3.0.dev0,2026-09-11T17:52:30,
Miller2019-imagery_basic,rr,im,ShallowFBCSPNet s1,balanced_accuracy,0.6666666666666667,2,chronological,48,12,64,30.263288974761963,9b00584f0cc9,8468b414e125,within_subject,0.3.0.dev0,2026-09-11T17:52:30,
Miller2019-imagery_basic,rr,im,ShallowFBCSPNet s1,kappa,0.2499999999999999,3,chronological,48,12,64,30.05570888519287,9b00584f0cc9,8468b414e125,within_subject,0.3.0.dev0,2026-09-11T17:52:30,
Miller2019-imagery_basic,rr,im,ShallowFBCSPNet s1,accuracy,0.5833333333333334,3,chronological,48,12,64,30.05570888519287,9b00584f0cc9,8468b414e125,within_subject,0.3.0.dev0,2026-09-11T17:52:30,
Miller2019-imagery_basic,rr,im,ShallowFBCSPNet s1,balanced_accuracy,0.6428571428571428,3,chronological,48,12,64,30.05570888519287,9b00584f0cc9,8468b414e125,within_subject,0.3.0.dev0,2026-09-11T17:52:30,
Miller2019-imagery_basic,rr,im,ShallowFBCSPNet s1,kappa,-0.0285714285714286,4,chronological,48,12,64,29.84300112724304,9b00584f0cc9,8468b414e125,within_subject,0.3.0.dev0,2026-09-11T17:52:30,
Miller2019-imagery_basic,rr,im,ShallowFBCSPNet s1,accuracy,0.5,4,chronological,48,12,64,29.84300112724304,9b00584f0cc9,8468b414e125,within_subject,0.3.0.dev0,2026-09-11T17:52:30,
Miller2019-imagery_basic,rr,im,ShallowFBCSPNet s1,balanced_accuracy,0.4857142857142857,4,chronological,48,12,64,29.84300112724304,9b00584f0cc9,8468b414e125,within_subject,0.3.0.dev0,2026-09-11T17:52:30,
Miller2019-imagery_basic,bp,mot,LogBandPower + BatchZ + LDA,kappa,0.8235294117647058,0,chronological,48,12,46,0.23000693321228027,b80bbc0c708a,0d79a81a67b3,within_subject,0.3.0.dev0,2026-09-11T18:27:49,
Miller2019-imagery_basic,bp,mot,LogBandPower + BatchZ + LDA,accuracy,0.9166666666666666,0,chronological,48,12,46,0.23000693321228027,b80bbc0c708a,0d79a81a67b3,within_subject,0.3.0.dev0,2026-09-11T18:27:49,
Miller2019-imagery_basic,bp,mot,LogBandPower + BatchZ + LDA,balanced_accuracy,0.9375,0,chronological,48,12,46,0.23000693321228027,b80bbc0c708a,0d79a81a67b3,within_subject,0.3.0.dev0,2026-09-11T18:27:49,
Miller2019-imagery_basic,bp,mot,LogBandPower + BatchZ + LDA,kappa,1.0,1,chronological,48,12,46,0.16570377349853516,b80bbc0c708a,0d79a81a67b3,within_subject,0.3.0.dev0,2026-09-11T18:27:49,
Miller2019-imagery_basic,bp,mot,LogBandPower + BatchZ + LDA,accuracy,1.0,1,chronological,48,12,46,0.16570377349853516,b80bbc0c708a,0d79a81a67b3,within_subject,0.3.0.dev0,2026-09-11T18:27:49,
Miller2019-imagery_basic,bp,mot,LogBandPower + BatchZ + LDA,balanced_accuracy,1.0,1,chronological,48,12,46,0.16570377349853516,b80bbc0c708a,0d79a81a67b3,within_subject,0.3.0.dev0,2026-09-11T18:27:49,
Miller2019-imagery_basic,bp,mot,LogBandPower + BatchZ + LDA,kappa,1.0,2,chronological,48,12,46,0.2263491153717041,b80bbc0c708a,0d79a81a67b3,within_subject,0.3.0.dev0,2026-09-11T18:27:49,
Miller2019-imagery_basic,bp,mot,LogBandPower + BatchZ + LDA,accuracy,1.0,2,chronological,48,12,46,0.2263491153717041,b80bbc0c708a,0d79a81a67b3,within_subject,0.3.0.dev0,2026-09-11T18:27:49,
Miller2019-imagery_basic,bp,mot,LogBandPower + BatchZ + LDA,balanced_accuracy,1.0,2,chronological,48,12,46,0.2263491153717041,b80bbc0c708a,0d79a81a67b3,within_subject,0.3.0.dev0,2026-09-11T18:27:49,
Miller2019-imagery_basic,bp,mot,LogBandPower + BatchZ + LDA,kappa,1.0,3,chronological,48,12,46,0.1656038761138916,b80bbc0c708a,0d79a81a67b3,within_subject,0.3.0.dev0,2026-09-11T18:27:49,
Miller2019-imagery_basic,bp,mot,LogBandPower + BatchZ + LDA,accuracy,1.0,3,chronological,48,12,46,0.1656038761138916,b80bbc0c708a,0d79a81a67b3,within_subject,0.3.0.dev0,2026-09-11T18:27:49,
Miller2019-imagery_basic,bp,mot,LogBandPower + BatchZ + LDA,balanced_accuracy,1.0,3,chronological,48,12,46,0.1656038761138916,b80bbc0c708a,0d79a81a67b3,within_subject,0.3.0.dev0,2026-09-11T18:27:49,
Miller2019-imagery_basic,bp,mot,LogBandPower + BatchZ + LDA,kappa,0.8333333333333334,4,chronological,48,12,46,0.1595304012298584,b80bbc0c708a,0d79a81a67b3,within_subject,0.3.0.dev0,2026-09-11T18:27:49,
Miller2019-imagery_basic,bp,mot,LogBandPower + BatchZ + LDA,accuracy,0.9166666666666666,4,chronological,48,12,46,0.1595304012298584,b80bbc0c708a,0d79a81a67b3,within_subject,0.3.0.dev0,2026-09-11T18:27:49,
Miller2019-imagery_basic,bp,mot,LogBandPower + BatchZ + LDA,balanced_accuracy,0.9166666666666667,4,chronological,48,12,46,0.1595304012298584,b80bbc0c708a,0d79a81a67b3,within_subject,0.3.0.dev0,2026-09-11T18:27:49,
Miller2019-imagery_basic,bp,im,LogBandPower + BatchZ + LDA,kappa,0.16666666666666663,0,chronological,48,12,46,0.16193604469299316,b80bbc0c708a,0d79a81a67b3,within_subject,0.3.0.dev0,2026-09-11T18:27:49,
Miller2019-imagery_basic,bp,im,LogBandPower + BatchZ + LDA,accuracy,0.5833333333333334,0,chronological,48,12,46,0.16193604469299316,b80bbc0c708a,0d79a81a67b3,within_subject,0.3.0.dev0,2026-09-11T18:27:49,
Miller2019-imagery_basic,bp,im,LogBandPower + BatchZ + LDA,balanced_accuracy,0.5857142857142856,0,chronological,48,12,46,0.16193604469299316,b80bbc0c708a,0d79a81a67b3,within_subject,0.3.0.dev0,2026-09-11T18:27:49,
Miller2019-imagery_basic,bp,im,LogBandPower + BatchZ + LDA,kappa,-0.028571428571428692,1,chronological,48,12,46,0.16027188301086426,b80bbc0c708a,0d79a81a67b3,within_subject,0.3.0.dev0,2026-09-11T18:27:49,
Miller2019-imagery_basic,bp,im,LogBandPower + BatchZ + LDA,accuracy,0.5,1,chronological,48,12,46,0.16027188301086426,b80bbc0c708a,0d79a81a67b3,within_subject,0.3.0.dev0,2026-09-11T18:27:49,
Miller2019-imagery_basic,bp,im,LogBandPower + BatchZ + LDA,balanced_accuracy,0.4857142857142857,1,chronological,48,12,46,0.16027188301086426,b80bbc0c708a,0d79a81a67b3,within_subject,0.3.0.dev0,2026-09-11T18:27:49,
Miller2019-imagery_basic,bp,im,LogBandPower + BatchZ + LDA,kappa,0.5263157894736843,2,chronological,48,12,46,0.15750789642333984,b80bbc0c708a,0d79a81a67b3,within_subject,0.3.0.dev0,2026-09-11T18:27:49,
Miller2019-imagery_basic,bp,im,LogBandPower + BatchZ + LDA,accuracy,0.75,2,chronological,48,12,46,0.15750789642333984,b80bbc0c708a,0d79a81a67b3,within_subject,0.3.0.dev0,2026-09-11T18:27:49,
Miller2019-imagery_basic,bp,im,LogBandPower + BatchZ + LDA,balanced_accuracy,0.8125,2,chronological,48,12,46,0.15750789642333984,b80bbc0c708a,0d79a81a67b3,within_subject,0.3.0.dev0,2026-09-11T18:27:49,
Miller2019-imagery_basic,bp,im,LogBandPower + BatchZ + LDA,kappa,-0.16666666666666674,3,chronological,48,12,46,0.15806794166564941,b80bbc0c708a,0d79a81a67b3,within_subject,0.3.0.dev0,2026-09-11T18:27:49,
Miller2019-imagery_basic,bp,im,LogBandPower + BatchZ + LDA,accuracy,0.4166666666666667,3,chronological,48,12,46,0.15806794166564941,b80bbc0c708a,0d79a81a67b3,within_subject,0.3.0.dev0,2026-09-11T18:27:49,
Miller2019-imagery_basic,bp,im,LogBandPower + BatchZ + LDA,balanced_accuracy,0.41666666666666663,3,chronological,48,12,46,0.15806794166564941,b80bbc0c708a,0d79a81a67b3,within_subject,0.3.0.dev0,2026-09-11T18:27:49,
Miller2019-imagery_basic,bp,im,LogBandPower + BatchZ + LDA,kappa,0.6666666666666667,4,chronological,48,12,46,0.15771865844726562,b80bbc0c708a,0d79a81a67b3,within_subject,0.3.0.dev0,2026-09-11T18:27:49,
Miller2019-imagery_basic,bp,im,LogBandPower + BatchZ + LDA,accuracy,0.8333333333333334,4,chronological,48,12,46,0.15771865844726562,b80bbc0c708a,0d79a81a67b3,within_subject,0.3.0.dev0,2026-09-11T18:27:49,
Miller2019-imagery_basic,bp,im,LogBandPower + BatchZ + LDA,balanced_accuracy,0.8333333333333333,4,chronological,48,12,46,0.15771865844726562,b80bbc0c708a,0d79a81a67b3,within_subject,0.3.0.dev0,2026-09-11T18:27:49,
Miller2019-imagery_basic,fp,mot,LogBandPower + BatchZ + LDA,kappa,0.8333333333333334,0,chronological,48,12,64,0.314298152923584,b80bbc0c708a,0d79a81a67b3,within_subject,0.3.0.dev0,2026-09-11T18:27:54,
Miller2019-imagery_basic,fp,mot,LogBandPower + BatchZ + LDA,accuracy,0.9166666666666666,0,chronological,48,12,64,0.314298152923584,b80bbc0c708a,0d79a81a67b3,within_subject,0.3.0.dev0,2026-09-11T18:27:54,
Miller2019-imagery_basic,fp,mot,LogBandPower + BatchZ + LDA,balanced_accuracy,0.9285714285714286,0,chronological,48,12,64,0.314298152923584,b80bbc0c708a,0d79a81a67b3,within_subject,0.3.0.dev0,2026-09-11T18:27:54,
Miller2019-imagery_basic,fp,mot,LogBandPower + BatchZ + LDA,kappa,0.8333333333333334,1,chronological,48,12,64,0.26439905166625977,b80bbc0c708a,0d79a81a67b3,within_subject,0.3.0.dev0,2026-09-11T18:27:54,
Miller2019-imagery_basic,fp,mot,LogBandPower + BatchZ + LDA,accuracy,0.9166666666666666,1,chronological,48,12,64,0.26439905166625977,b80bbc0c708a,0d79a81a67b3,within_subject,0.3.0.dev0,2026-09-11T18:27:54,
Miller2019-imagery_basic,fp,mot,LogBandPower + BatchZ + LDA,balanced_accuracy,0.9285714285714286,1,chronological,48,12,64,0.26439905166625977,b80bbc0c708a,0d79a81a67b3,within_subject,0.3.0.dev0,2026-09-11T18:27:54,
Miller2019-imagery_basic,fp,mot,LogBandPower + BatchZ + LDA,kappa,0.6666666666666667,2,chronological,48,12,64,0.25950098037719727,b80bbc0c708a,0d79a81a67b3,within_subject,0.3.0.dev0,2026-09-11T18:27:54,
Miller2019-imagery_basic,fp,mot,LogBandPower + BatchZ + LDA,accuracy,0.8333333333333334,2,chronological,48,12,64,0.25950098037719727,b80bbc0c708a,0d79a81a67b3,within_subject,0.3.0.dev0,2026-09-11T18:27:54,
Miller2019-imagery_basic,fp,mot,LogBandPower + BatchZ + LDA,balanced_accuracy,0.8333333333333334,2,chronological,48,12,64,0.25950098037719727,b80bbc0c708a,0d79a81a67b3,within_subject,0.3.0.dev0,2026-09-11T18:27:54,
Miller2019-imagery_basic,fp,mot,LogBandPower + BatchZ + LDA,kappa,0.8333333333333334,3,chronological,48,12,64,0.2679452896118164,b80bbc0c708a,0d79a81a67b3,within_subject,0.3.0.dev0,2026-09-11T18:27:54,
Miller2019-imagery_basic,fp,mot,LogBandPower + BatchZ + LDA,accuracy,0.9166666666666666,3,chronological,48,12,64,0.2679452896118164,b80bbc0c708a,0d79a81a67b3,within_subject,0.3.0.dev0,2026-09-11T18:27:54,
Miller2019-imagery_basic,fp,mot,LogBandPower + BatchZ + LDA,balanced_accuracy,0.9166666666666667,3,chronological,48,12,64,0.2679452896118164,b80bbc0c708a,0d79a81a67b3,within_subject,0.3.0.dev0,2026-09-11T18:27:54,
Miller2019-imagery_basic,fp,mot,LogBandPower + BatchZ + LDA,kappa,0.25,4,chronological,48,12,64,0.26792407035827637,b80bbc0c708a,0d79a81a67b3,within_subject,0.3.0.dev0,2026-09-11T18:27:54,
Miller2019-imagery_basic,fp,mot,LogBandPower + BatchZ + LDA,accuracy,0.6666666666666666,4,chronological,48,12,64,0.26792407035827637,b80bbc0c708a,0d79a81a67b3,within_subject,0.3.0.dev0,2026-09-11T18:27:54,
Miller2019-imagery_basic,fp,mot,LogBandPower + BatchZ + LDA,balanced_accuracy,0.625,4,chronological,48,12,64,0.26792407035827637,b80bbc0c708a,0d79a81a67b3,within_subject,0.3.0.dev0,2026-09-11T18:27:54,
Miller2019-imagery_basic,fp,im,LogBandPower + BatchZ + LDA,kappa,0.6756756756756757,0,chronological,48,12,64,0.26921606063842773,b80bbc0c708a,0d79a81a67b3,within_subject,0.3.0.dev0,2026-09-11T18:27:54,
Miller2019-imagery_basic,fp,im,LogBandPower + BatchZ + LDA,accuracy,0.8333333333333334,0,chronological,48,12,64,0.26921606063842773,b80bbc0c708a,0d79a81a67b3,within_subject,0.3.0.dev0,2026-09-11T18:27:54,
Miller2019-imagery_basic,fp,im,LogBandPower + BatchZ + LDA,balanced_accuracy,0.8571428571428572,0,chronological,48,12,64,0.26921606063842773,b80bbc0c708a,0d79a81a67b3,within_subject,0.3.0.dev0,2026-09-11T18:27:54,
Miller2019-imagery_basic,fp,im,LogBandPower + BatchZ + LDA,kappa,0.16666666666666663,1,chronological,48,12,64,0.26822519302368164,b80bbc0c708a,0d79a81a67b3,within_subject,0.3.0.dev0,2026-09-11T18:27:54,
Miller2019-imagery_basic,fp,im,LogBandPower + BatchZ + LDA,accuracy,0.5833333333333334,1,chronological,48,12,64,0.26822519302368164,b80bbc0c708a,0d79a81a67b3,within_subject,0.3.0.dev0,2026-09-11T18:27:54,
Miller2019-imagery_basic,fp,im,LogBandPower + BatchZ + LDA,balanced_accuracy,0.5857142857142856,1,chronological,48,12,64,0.26822519302368164,b80bbc0c708a,0d79a81a67b3,within_subject,0.3.0.dev0,2026-09-11T18:27:54,
Miller2019-imagery_basic,fp,im,LogBandPower + BatchZ + LDA,kappa,0.2727272727272727,2,chronological,48,12,64,0.26581501960754395,b80bbc0c708a,0d79a81a67b3,within_subject,0.3.0.dev0,2026-09-11T18:27:54,
Miller2019-imagery_basic,fp,im,LogBandPower + BatchZ + LDA,accuracy,0.6666666666666666,2,chronological,48,12,64,0.26581501960754395,b80bbc0c708a,0d79a81a67b3,within_subject,0.3.0.dev0,2026-09-11T18:27:54,
Miller2019-imagery_basic,fp,im,LogBandPower + BatchZ + LDA,balanced_accuracy,0.6666666666666666,2,chronological,48,12,64,0.26581501960754395,b80bbc0c708a,0d79a81a67b3,within_subject,0.3.0.dev0,2026-09-11T18:27:54,
Miller2019-imagery_basic,fp,im,LogBandPower + BatchZ + LDA,kappa,0.3513513513513513,3,chronological,48,12,64,0.2591862678527832,b80bbc0c708a,0d79a81a67b3,within_subject,0.3.0.dev0,2026-09-11T18:27:54,
Miller2019-imagery_basic,fp,im,LogBandPower + BatchZ + LDA,accuracy,0.6666666666666666,3,chronological,48,12,64,0.2591862678527832,b80bbc0c708a,0d79a81a67b3,within_subject,0.3.0.dev0,2026-09-11T18:27:54,
Miller2019-imagery_basic,fp,im,LogBandPower + BatchZ + LDA,balanced_accuracy,0.6857142857142857,3,chronological,48,12,64,0.2591862678527832,b80bbc0c708a,0d79a81a67b3,within_subject,0.3.0.dev0,2026-09-11T18:27:54,
Miller2019-imagery_basic,fp,im,LogBandPower + BatchZ + LDA,kappa,0.16666666666666663,4,chronological,48,12,64,0.2648801803588867,b80bbc0c708a,0d79a81a67b3,within_subject,0.3.0.dev0,2026-09-11T18:27:54,
Miller2019-imagery_basic,fp,im,LogBandPower + BatchZ + LDA,accuracy,0.5833333333333334,4,chronological,48,12,64,0.2648801803588867,b80bbc0c708a,0d79a81a67b3,within_subject,0.3.0.dev0,2026-09-11T18:27:54,
Miller2019-imagery_basic,fp,im,LogBandPower + BatchZ + LDA,balanced_accuracy,0.5833333333333333,4,chronological,48,12,64,0.2648801803588867,b80bbc0c708a,0d79a81a67b3,within_subject,0.3.0.dev0,2026-09-11T18:27:54,
Miller2019-imagery_basic,hh,mot,LogBandPower + BatchZ + LDA,kappa,1.0,0,chronological,48,12,48,0.17473411560058594,b80bbc0c708a,0d79a81a67b3,within_subject,0.3.0.dev0,2026-09-11T18:27:57,
Miller2019-imagery_basic,hh,mot,LogBandPower + BatchZ + LDA,accuracy,1.0,0,chronological,48,12,48,0.17473411560058594,b80bbc0c708a,0d79a81a67b3,within_subject,0.3.0.dev0,2026-09-11T18:27:57,
Miller2019-imagery_basic,hh,mot,LogBandPower + BatchZ + LDA,balanced_accuracy,1.0,0,chronological,48,12,48,0.17473411560058594,b80bbc0c708a,0d79a81a67b3,within_subject,0.3.0.dev0,2026-09-11T18:27:57,
Miller2019-imagery_basic,hh,mot,LogBandPower + BatchZ + LDA,kappa,0.5,1,chronological,48,12,48,0.17065882682800293,b80bbc0c708a,0d79a81a67b3,within_subject,0.3.0.dev0,2026-09-11T18:27:57,
Miller2019-imagery_basic,hh,mot,LogBandPower + BatchZ + LDA,accuracy,0.75,1,chronological,48,12,48,0.17065882682800293,b80bbc0c708a,0d79a81a67b3,within_subject,0.3.0.dev0,2026-09-11T18:27:57,
Miller2019-imagery_basic,hh,mot,LogBandPower + BatchZ + LDA,balanced_accuracy,0.7571428571428571,1,chronological,48,12,48,0.17065882682800293,b80bbc0c708a,0d79a81a67b3,within_subject,0.3.0.dev0,2026-09-11T18:27:57,
Miller2019-imagery_basic,hh,mot,LogBandPower + BatchZ + LDA,kappa,1.0,2,chronological,48,12,48,0.16905760765075684,b80bbc0c708a,0d79a81a67b3,within_subject,0.3.0.dev0,2026-09-11T18:27:57,
Miller2019-imagery_basic,hh,mot,LogBandPower + BatchZ + LDA,accuracy,1.0,2,chronological,48,12,48,0.16905760765075684,b80bbc0c708a,0d79a81a67b3,within_subject,0.3.0.dev0,2026-09-11T18:27:57,
Miller2019-imagery_basic,hh,mot,LogBandPower + BatchZ + LDA,balanced_accuracy,1.0,2,chronological,48,12,48,0.16905760765075684,b80bbc0c708a,0d79a81a67b3,within_subject,0.3.0.dev0,2026-09-11T18:27:57,
Miller2019-imagery_basic,hh,mot,LogBandPower + BatchZ + LDA,kappa,1.0,3,chronological,48,12,48,0.16996097564697266,b80bbc0c708a,0d79a81a67b3,within_subject,0.3.0.dev0,2026-09-11T18:27:57,
Miller2019-imagery_basic,hh,mot,LogBandPower + BatchZ + LDA,accuracy,1.0,3,chronological,48,12,48,0.16996097564697266,b80bbc0c708a,0d79a81a67b3,within_subject,0.3.0.dev0,2026-09-11T18:27:57,
Miller2019-imagery_basic,hh,mot,LogBandPower + BatchZ + LDA,balanced_accuracy,1.0,3,chronological,48,12,48,0.16996097564697266,b80bbc0c708a,0d79a81a67b3,within_subject,0.3.0.dev0,2026-09-11T18:27:57,
Miller2019-imagery_basic,hh,mot,LogBandPower + BatchZ + LDA,kappa,0.3846153846153846,4,chronological,48,12,48,0.17021799087524414,b80bbc0c708a,0d79a81a67b3,within_subject,0.3.0.dev0,2026-09-11T18:27:57,
Miller2019-imagery_basic,hh,mot,LogBandPower + BatchZ + LDA,accuracy,0.6666666666666666,4,chronological,48,12,48,0.17021799087524414,b80bbc0c708a,0d79a81a67b3,within_subject,0.3.0.dev0,2026-09-11T18:27:57,
Miller2019-imagery_basic,hh,mot,LogBandPower + BatchZ + LDA,balanced_accuracy,0.7777777777777778,4,chronological,48,12,48,0.17021799087524414,b80bbc0c708a,0d79a81a67b3,within_subject,0.3.0.dev0,2026-09-11T18:27:57,
Miller2019-imagery_basic,hh,im,LogBandPower + BatchZ + LDA,kappa,0.5,0,chronological,48,12,48,0.1641521453857422,b80bbc0c708a,0d79a81a67b3,within_subject,0.3.0.dev0,2026-09-11T18:27:57,
Miller2019-imagery_basic,hh,im,LogBandPower + BatchZ + LDA,accuracy,0.75,0,chronological,48,12,48,0.1641521453857422,b80bbc0c708a,0d79a81a67b3,within_subject,0.3.0.dev0,2026-09-11T18:27:57,
Miller2019-imagery_basic,hh,im,LogBandPower + BatchZ + LDA,balanced_accuracy,0.7571428571428571,0,chronological,48,12,48,0.1641521453857422,b80bbc0c708a,0d79a81a67b3,within_subject,0.3.0.dev0,2026-09-11T18:27:57,
Miller2019-imagery_basic,hh,im,LogBandPower + BatchZ + LDA,kappa,0.6666666666666667,1,chronological,48,12,48,0.17032909393310547,b80bbc0c708a,0d79a81a67b3,within_subject,0.3.0.dev0,2026-09-11T18:27:57,
Miller2019-imagery_basic,hh,im,LogBandPower + BatchZ + LDA,accuracy,0.8333333333333334,1,chronological,48,12,48,0.17032909393310547,b80bbc0c708a,0d79a81a67b3,within_subject,0.3.0.dev0,2026-09-11T18:27:57,
Miller2019-imagery_basic,hh,im,LogBandPower + BatchZ + LDA,balanced_accuracy,0.8333333333333334,1,chronological,48,12,48,0.17032909393310547,b80bbc0c708a,0d79a81a67b3,within_subject,0.3.0.dev0,2026-09-11T18:27:57,
Miller2019-imagery_basic,hh,im,LogBandPower + BatchZ + LDA,kappa,0.6666666666666667,2,chronological,48,12,48,0.17044997215270996,b80bbc0c708a,0d79a81a67b3,within_subject,0.3.0.dev0,2026-09-11T18:27:57,
Miller2019-imagery_basic,hh,im,LogBandPower + BatchZ + LDA,accuracy,0.8333333333333334,2,chronological,48,12,48,0.17044997215270996,b80bbc0c708a,0d79a81a67b3,within_subject,0.3.0.dev0,2026-09-11T18:27:57,
Miller2019-imagery_basic,hh,im,LogBandPower + BatchZ + LDA,balanced_accuracy,0.8333333333333334,2,chronological,48,12,48,0.17044997215270996,b80bbc0c708a,0d79a81a67b3,within_subject,0.3.0.dev0,2026-09-11T18:27:57,
Miller2019-imagery_basic,hh,im,LogBandPower + BatchZ + LDA,kappa,0.16666666666666663,3,chronological,48,12,48,0.16944408416748047,b80bbc0c708a,0d79a81a67b3,within_subject,0.3.0.dev0,2026-09-11T18:27:57,
Miller2019-imagery_basic,hh,im,LogBandPower + BatchZ + LDA,accuracy,0.5833333333333334,3,chronological,48,12,48,0.16944408416748047,b80bbc0c708a,0d79a81a67b3,within_subject,0.3.0.dev0,2026-09-11T18:27:57,
Miller2019-imagery_basic,hh,im,LogBandPower + BatchZ + LDA,balanced_accuracy,0.5857142857142856,3,chronological,48,12,48,0.16944408416748047,b80bbc0c708a,0d79a81a67b3,within_subject,0.3.0.dev0,2026-09-11T18:27:57,
Miller2019-imagery_basic,hh,im,LogBandPower + BatchZ + LDA,kappa,1.0,4,chronological,48,12,48,0.16283893585205078,b80bbc0c708a,0d79a81a67b3,within_subject,0.3.0.dev0,2026-09-11T18:27:57,
Miller2019-imagery_basic,hh,im,LogBandPower + BatchZ + LDA,accuracy,1.0,4,chronological,48,12,48,0.16283893585205078,b80bbc0c708a,0d79a81a67b3,within_subject,0.3.0.dev0,2026-09-11T18:27:57,
Miller2019-imagery_basic,hh,im,LogBandPower + BatchZ + LDA,balanced_accuracy,1.0,4,chronological,48,12,48,0.16283893585205078,b80bbc0c708a,0d79a81a67b3,within_subject,0.3.0.dev0,2026-09-11T18:27:57,
Miller2019-imagery_basic,jc,mot,LogBandPower + BatchZ + LDA,kappa,1.0,0,chronological,48,12,48,0.19461393356323242,b80bbc0c708a,0d79a81a67b3,within_subject,0.3.0.dev0,2026-09-11T18:28:01,
Miller2019-imagery_basic,jc,mot,LogBandPower + BatchZ + LDA,accuracy,1.0,0,chronological,48,12,48,0.19461393356323242,b80bbc0c708a,0d79a81a67b3,within_subject,0.3.0.dev0,2026-09-11T18:28:01,
Miller2019-imagery_basic,jc,mot,LogBandPower + BatchZ + LDA,balanced_accuracy,1.0,0,chronological,48,12,48,0.19461393356323242,b80bbc0c708a,0d79a81a67b3,within_subject,0.3.0.dev0,2026-09-11T18:28:01,
Miller2019-imagery_basic,jc,mot,LogBandPower + BatchZ + LDA,kappa,1.0,1,chronological,48,12,48,0.16944527626037598,b80bbc0c708a,0d79a81a67b3,within_subject,0.3.0.dev0,2026-09-11T18:28:01,
Miller2019-imagery_basic,jc,mot,LogBandPower + BatchZ + LDA,accuracy,1.0,1,chronological,48,12,48,0.16944527626037598,b80bbc0c708a,0d79a81a67b3,within_subject,0.3.0.dev0,2026-09-11T18:28:01,
Miller2019-imagery_basic,jc,mot,LogBandPower + BatchZ + LDA,balanced_accuracy,1.0,1,chronological,48,12,48,0.16944527626037598,b80bbc0c708a,0d79a81a67b3,within_subject,0.3.0.dev0,2026-09-11T18:28:01,
Miller2019-imagery_basic,jc,mot,LogBandPower + BatchZ + LDA,kappa,1.0,2,chronological,48,12,48,0.17078614234924316,b80bbc0c708a,0d79a81a67b3,within_subject,0.3.0.dev0,2026-09-11T18:28:01,
Miller2019-imagery_basic,jc,mot,LogBandPower + BatchZ + LDA,accuracy,1.0,2,chronological,48,12,48,0.17078614234924316,b80bbc0c708a,0d79a81a67b3,within_subject,0.3.0.dev0,2026-09-11T18:28:01,
Miller2019-imagery_basic,jc,mot,LogBandPower + BatchZ + LDA,balanced_accuracy,1.0,2,chronological,48,12,48,0.17078614234924316,b80bbc0c708a,0d79a81a67b3,within_subject,0.3.0.dev0,2026-09-11T18:28:01,
Miller2019-imagery_basic,jc,mot,LogBandPower + BatchZ + LDA,kappa,1.0,3,chronological,48,12,48,0.17095708847045898,b80bbc0c708a,0d79a81a67b3,within_subject,0.3.0.dev0,2026-09-11T18:28:01,
Miller2019-imagery_basic,jc,mot,LogBandPower + BatchZ + LDA,accuracy,1.0,3,chronological,48,12,48,0.17095708847045898,b80bbc0c708a,0d79a81a67b3,within_subject,0.3.0.dev0,2026-09-11T18:28:01,
Miller2019-imagery_basic,jc,mot,LogBandPower + BatchZ + LDA,balanced_accuracy,1.0,3,chronological,48,12,48,0.17095708847045898,b80bbc0c708a,0d79a81a67b3,within_subject,0.3.0.dev0,2026-09-11T18:28:01,
Miller2019-imagery_basic,jc,mot,LogBandPower + BatchZ + LDA,kappa,1.0,4,chronological,48,12,48,0.16803789138793945,b80bbc0c708a,0d79a81a67b3,within_subject,0.3.0.dev0,2026-09-11T18:28:01,
Miller2019-imagery_basic,jc,mot,LogBandPower + BatchZ + LDA,accuracy,1.0,4,chronological,48,12,48,0.16803789138793945,b80bbc0c708a,0d79a81a67b3,within_subject,0.3.0.dev0,2026-09-11T18:28:01,
Miller2019-imagery_basic,jc,mot,LogBandPower + BatchZ + LDA,balanced_accuracy,1.0,4,chronological,48,12,48,0.16803789138793945,b80bbc0c708a,0d79a81a67b3,within_subject,0.3.0.dev0,2026-09-11T18:28:01,
Miller2019-imagery_basic,jc,im,LogBandPower + BatchZ + LDA,kappa,0.8333333333333334,0,chronological,48,12,48,0.1626429557800293,b80bbc0c708a,0d79a81a67b3,within_subject,0.3.0.dev0,2026-09-11T18:28:01,
Miller2019-imagery_basic,jc,im,LogBandPower + BatchZ + LDA,accuracy,0.9166666666666666,0,chronological,48,12,48,0.1626429557800293,b80bbc0c708a,0d79a81a67b3,within_subject,0.3.0.dev0,2026-09-11T18:28:01,
Miller2019-imagery_basic,jc,im,LogBandPower + BatchZ + LDA,balanced_accuracy,0.9285714285714286,0,chronological,48,12,48,0.1626429557800293,b80bbc0c708a,0d79a81a67b3,within_subject,0.3.0.dev0,2026-09-11T18:28:01,
Miller2019-imagery_basic,jc,im,LogBandPower + BatchZ + LDA,kappa,0.8333333333333334,1,chronological,48,12,48,0.16495895385742188,b80bbc0c708a,0d79a81a67b3,within_subject,0.3.0.dev0,2026-09-11T18:28:01,
Miller2019-imagery_basic,jc,im,LogBandPower + BatchZ + LDA,accuracy,0.9166666666666666,1,chronological,48,12,48,0.16495895385742188,b80bbc0c708a,0d79a81a67b3,within_subject,0.3.0.dev0,2026-09-11T18:28:01,
Miller2019-imagery_basic,jc,im,LogBandPower + BatchZ + LDA,balanced_accuracy,0.9285714285714286,1,chronological,48,12,48,0.16495895385742188,b80bbc0c708a,0d79a81a67b3,within_subject,0.3.0.dev0,2026-09-11T18:28:01,
Miller2019-imagery_basic,jc,im,LogBandPower + BatchZ + LDA,kappa,0.33333333333333337,2,chronological,48,12,48,0.17114591598510742,b80bbc0c708a,0d79a81a67b3,within_subject,0.3.0.dev0,2026-09-11T18:28:01,
Miller2019-imagery_basic,jc,im,LogBandPower + BatchZ + LDA,accuracy,0.6666666666666666,2,chronological,48,12,48,0.17114591598510742,b80bbc0c708a,0d79a81a67b3,within_subject,0.3.0.dev0,2026-09-11T18:28:01,
Miller2019-imagery_basic,jc,im,LogBandPower + BatchZ + LDA,balanced_accuracy,0.8,2,chronological,48,12,48,0.17114591598510742,b80bbc0c708a,0d79a81a67b3,within_subject,0.3.0.dev0,2026-09-11T18:28:01,
Miller2019-imagery_basic,jc,im,LogBandPower + BatchZ + LDA,kappa,0.6756756756756757,3,chronological,48,12,48,0.16541194915771484,b80bbc0c708a,0d79a81a67b3,within_subject,0.3.0.dev0,2026-09-11T18:28:01,
Miller2019-imagery_basic,jc,im,LogBandPower + BatchZ + LDA,accuracy,0.8333333333333334,3,chronological,48,12,48,0.16541194915771484,b80bbc0c708a,0d79a81a67b3,within_subject,0.3.0.dev0,2026-09-11T18:28:01,
Miller2019-imagery_basic,jc,im,LogBandPower + BatchZ + LDA,balanced_accuracy,0.8571428571428572,3,chronological,48,12,48,0.16541194915771484,b80bbc0c708a,0d79a81a67b3,within_subject,0.3.0.dev0,2026-09-11T18:28:01,
Miller2019-imagery_basic,jc,im,LogBandPower + BatchZ + LDA,kappa,0.6571428571428571,4,chronological,48,12,48,0.16204380989074707,b80bbc0c708a,0d79a81a67b3,within_subject,0.3.0.dev0,2026-09-11T18:28:01,
Miller2019-imagery_basic,jc,im,LogBandPower + BatchZ + LDA,accuracy,0.8333333333333334,4,chronological,48,12,48,0.16204380989074707,b80bbc0c708a,0d79a81a67b3,within_subject,0.3.0.dev0,2026-09-11T18:28:01,
Miller2019-imagery_basic,jc,im,LogBandPower + BatchZ + LDA,balanced_accuracy,0.8285714285714285,4,chronological,48,12,48,0.16204380989074707,b80bbc0c708a,0d79a81a67b3,within_subject,0.3.0.dev0,2026-09-11T18:28:01,
Miller2019-imagery_basic,jm,mot,LogBandPower + BatchZ + LDA,kappa,0.6666666666666667,0,chronological,48,12,64,0.2792167663574219,b80bbc0c708a,0d79a81a67b3,within_subject,0.3.0.dev0,2026-09-11T18:28:06,
Miller2019-imagery_basic,jm,mot,LogBandPower + BatchZ + LDA,accuracy,0.8333333333333334,0,chronological,48,12,64,0.2792167663574219,b80bbc0c708a,0d79a81a67b3,within_subject,0.3.0.dev0,2026-09-11T18:28:06,
Miller2019-imagery_basic,jm,mot,LogBandPower + BatchZ + LDA,balanced_accuracy,0.875,0,chronological,48,12,64,0.2792167663574219,b80bbc0c708a,0d79a81a67b3,within_subject,0.3.0.dev0,2026-09-11T18:28:06,
Miller2019-imagery_basic,jm,mot,LogBandPower + BatchZ + LDA,kappa,0.8333333333333334,1,chronological,48,12,64,0.2598710060119629,b80bbc0c708a,0d79a81a67b3,within_subject,0.3.0.dev0,2026-09-11T18:28:06,
Miller2019-imagery_basic,jm,mot,LogBandPower + BatchZ + LDA,accuracy,0.9166666666666666,1,chronological,48,12,64,0.2598710060119629,b80bbc0c708a,0d79a81a67b3,within_subject,0.3.0.dev0,2026-09-11T18:28:06,
Miller2019-imagery_basic,jm,mot,LogBandPower + BatchZ + LDA,balanced_accuracy,0.9285714285714286,1,chronological,48,12,64,0.2598710060119629,b80bbc0c708a,0d79a81a67b3,within_subject,0.3.0.dev0,2026-09-11T18:28:06,
Miller2019-imagery_basic,jm,mot,LogBandPower + BatchZ + LDA,kappa,0.8235294117647058,2,chronological,48,12,64,0.2542307376861572,b80bbc0c708a,0d79a81a67b3,within_subject,0.3.0.dev0,2026-09-11T18:28:06,
Miller2019-imagery_basic,jm,mot,LogBandPower + BatchZ + LDA,accuracy,0.9166666666666666,2,chronological,48,12,64,0.2542307376861572,b80bbc0c708a,0d79a81a67b3,within_subject,0.3.0.dev0,2026-09-11T18:28:06,
Miller2019-imagery_basic,jm,mot,LogBandPower + BatchZ + LDA,balanced_accuracy,0.9375,2,chronological,48,12,64,0.2542307376861572,b80bbc0c708a,0d79a81a67b3,within_subject,0.3.0.dev0,2026-09-11T18:28:06,
Miller2019-imagery_basic,jm,mot,LogBandPower + BatchZ + LDA,kappa,0.6756756756756757,3,chronological,48,12,64,0.25595808029174805,b80bbc0c708a,0d79a81a67b3,within_subject,0.3.0.dev0,2026-09-11T18:28:06,
Miller2019-imagery_basic,jm,mot,LogBandPower + BatchZ + LDA,accuracy,0.8333333333333334,3,chronological,48,12,64,0.25595808029174805,b80bbc0c708a,0d79a81a67b3,within_subject,0.3.0.dev0,2026-09-11T18:28:06,
Miller2019-imagery_basic,jm,mot,LogBandPower + BatchZ + LDA,balanced_accuracy,0.8571428571428572,3,chronological,48,12,64,0.25595808029174805,b80bbc0c708a,0d79a81a67b3,within_subject,0.3.0.dev0,2026-09-11T18:28:06,
Miller2019-imagery_basic,jm,mot,LogBandPower + BatchZ + LDA,kappa,0.6666666666666667,4,chronological,48,12,64,0.2616400718688965,b80bbc0c708a,0d79a81a67b3,within_subject,0.3.0.dev0,2026-09-11T18:28:06,
Miller2019-imagery_basic,jm,mot,LogBandPower + BatchZ + LDA,accuracy,0.8333333333333334,4,chronological,48,12,64,0.2616400718688965,b80bbc0c708a,0d79a81a67b3,within_subject,0.3.0.dev0,2026-09-11T18:28:06,
Miller2019-imagery_basic,jm,mot,LogBandPower + BatchZ + LDA,balanced_accuracy,0.875,4,chronological,48,12,64,0.2616400718688965,b80bbc0c708a,0d79a81a67b3,within_subject,0.3.0.dev0,2026-09-11T18:28:06,
Miller2019-imagery_basic,jm,im,LogBandPower + BatchZ + LDA,kappa,0.3142857142857143,0,chronological,48,12,64,0.2544231414794922,b80bbc0c708a,0d79a81a67b3,within_subject,0.3.0.dev0,2026-09-11T18:28:06,
Miller2019-imagery_basic,jm,im,LogBandPower + BatchZ + LDA,accuracy,0.6666666666666666,0,chronological,48,12,64,0.2544231414794922,b80bbc0c708a,0d79a81a67b3,within_subject,0.3.0.dev0,2026-09-11T18:28:06,
Miller2019-imagery_basic,jm,im,LogBandPower + BatchZ + LDA,balanced_accuracy,0.6571428571428571,0,chronological,48,12,64,0.2544231414794922,b80bbc0c708a,0d79a81a67b3,within_subject,0.3.0.dev0,2026-09-11T18:28:06,
Miller2019-imagery_basic,jm,im,LogBandPower + BatchZ + LDA,kappa,0.5,1,chronological,48,12,64,0.2572159767150879,b80bbc0c708a,0d79a81a67b3,within_subject,0.3.0.dev0,2026-09-11T18:28:06,
Miller2019-imagery_basic,jm,im,LogBandPower + BatchZ + LDA,accuracy,0.75,1,chronological,48,12,64,0.2572159767150879,b80bbc0c708a,0d79a81a67b3,within_subject,0.3.0.dev0,2026-09-11T18:28:06,
Miller2019-imagery_basic,jm,im,LogBandPower + BatchZ + LDA,balanced_accuracy,0.7571428571428571,1,chronological,48,12,64,0.2572159767150879,b80bbc0c708a,0d79a81a67b3,within_subject,0.3.0.dev0,2026-09-11T18:28:06,
Miller2019-imagery_basic,jm,im,LogBandPower + BatchZ + LDA,kappa,0.33333333333333337,2,chronological,48,12,64,0.28545713424682617,b80bbc0c708a,0d79a81a67b3,within_subject,0.3.0.dev0,2026-09-11T18:28:06,
Miller2019-imagery_basic,jm,im,LogBandPower + BatchZ + LDA,accuracy,0.6666666666666666,2,chronological,48,12,64,0.28545713424682617,b80bbc0c708a,0d79a81a67b3,within_subject,0.3.0.dev0,2026-09-11T18:28:06,
Miller2019-imagery_basic,jm,im,LogBandPower + BatchZ + LDA,balanced_accuracy,0.6666666666666667,2,chronological,48,12,64,0.28545713424682617,b80bbc0c708a,0d79a81a67b3,within_subject,0.3.0.dev0,2026-09-11T18:28:06,
Miller2019-imagery_basic,jm,im,LogBandPower + BatchZ + LDA,kappa,0.6666666666666667,3,chronological,48,12,64,0.273144006729126,b80bbc0c708a,0d79a81a67b3,within_subject,0.3.0.dev0,2026-09-11T18:28:06,
Miller2019-imagery_basic,jm,im,LogBandPower + BatchZ + LDA,accuracy,0.8333333333333334,3,chronological,48,12,64,0.273144006729126,b80bbc0c708a,0d79a81a67b3,within_subject,0.3.0.dev0,2026-09-11T18:28:06,
Miller2019-imagery_basic,jm,im,LogBandPower + BatchZ + LDA,balanced_accuracy,0.8333333333333333,3,chronological,48,12,64,0.273144006729126,b80bbc0c708a,0d79a81a67b3,within_subject,0.3.0.dev0,2026-09-11T18:28:06,
Miller2019-imagery_basic,jm,im,LogBandPower + BatchZ + LDA,kappa,0.8333333333333334,4,chronological,48,12,64,0.25840306282043457,b80bbc0c708a,0d79a81a67b3,within_subject,0.3.0.dev0,2026-09-11T18:28:06,
Miller2019-imagery_basic,jm,im,LogBandPower + BatchZ + LDA,accuracy,0.9166666666666666,4,chronological,48,12,64,0.25840306282043457,b80bbc0c708a,0d79a81a67b3,within_subject,0.3.0.dev0,2026-09-11T18:28:06,
Miller2019-imagery_basic,jm,im,LogBandPower + BatchZ + LDA,balanced_accuracy,0.9166666666666667,4,chronological,48,12,64,0.25840306282043457,b80bbc0c708a,0d79a81a67b3,within_subject,0.3.0.dev0,2026-09-11T18:28:06,
Miller2019-imagery_basic,rh,mot,LogBandPower + BatchZ + LDA,kappa,0.8235294117647058,0,chronological,48,12,64,0.2732212543487549,b80bbc0c708a,0d79a81a67b3,within_subject,0.3.0.dev0,2026-09-11T18:28:11,
Miller2019-imagery_basic,rh,mot,LogBandPower + BatchZ + LDA,accuracy,0.9166666666666666,0,chronological,48,12,64,0.2732212543487549,b80bbc0c708a,0d79a81a67b3,within_subject,0.3.0.dev0,2026-09-11T18:28:11,
Miller2019-imagery_basic,rh,mot,LogBandPower + BatchZ + LDA,balanced_accuracy,0.9375,0,chronological,48,12,64,0.2732212543487549,b80bbc0c708a,0d79a81a67b3,within_subject,0.3.0.dev0,2026-09-11T18:28:11,
Miller2019-imagery_basic,rh,mot,LogBandPower + BatchZ + LDA,kappa,0.8333333333333334,1,chronological,48,12,64,0.26972079277038574,b80bbc0c708a,0d79a81a67b3,within_subject,0.3.0.dev0,2026-09-11T18:28:11,
Miller2019-imagery_basic,rh,mot,LogBandPower + BatchZ + LDA,accuracy,0.9166666666666666,1,chronological,48,12,64,0.26972079277038574,b80bbc0c708a,0d79a81a67b3,within_subject,0.3.0.dev0,2026-09-11T18:28:11,
Miller2019-imagery_basic,rh,mot,LogBandPower + BatchZ + LDA,balanced_accuracy,0.9285714285714286,1,chronological,48,12,64,0.26972079277038574,b80bbc0c708a,0d79a81a67b3,within_subject,0.3.0.dev0,2026-09-11T18:28:11,
Miller2019-imagery_basic,rh,mot,LogBandPower + BatchZ + LDA,kappa,1.0,2,chronological,48,12,64,0.2626380920410156,b80bbc0c708a,0d79a81a67b3,within_subject,0.3.0.dev0,2026-09-11T18:28:11,
Miller2019-imagery_basic,rh,mot,LogBandPower + BatchZ + LDA,accuracy,1.0,2,chronological,48,12,64,0.2626380920410156,b80bbc0c708a,0d79a81a67b3,within_subject,0.3.0.dev0,2026-09-11T18:28:11,
Miller2019-imagery_basic,rh,mot,LogBandPower + BatchZ + LDA,balanced_accuracy,1.0,2,chronological,48,12,64,0.2626380920410156,b80bbc0c708a,0d79a81a67b3,within_subject,0.3.0.dev0,2026-09-11T18:28:11,
Miller2019-imagery_basic,rh,mot,LogBandPower + BatchZ + LDA,kappa,1.0,3,chronological,48,12,64,0.2697269916534424,b80bbc0c708a,0d79a81a67b3,within_subject,0.3.0.dev0,2026-09-11T18:28:11,
Miller2019-imagery_basic,rh,mot,LogBandPower + BatchZ + LDA,accuracy,1.0,3,chronological,48,12,64,0.2697269916534424,b80bbc0c708a,0d79a81a67b3,within_subject,0.3.0.dev0,2026-09-11T18:28:11,
Miller2019-imagery_basic,rh,mot,LogBandPower + BatchZ + LDA,balanced_accuracy,1.0,3,chronological,48,12,64,0.2697269916534424,b80bbc0c708a,0d79a81a67b3,within_subject,0.3.0.dev0,2026-09-11T18:28:11,
Miller2019-imagery_basic,rh,mot,LogBandPower + BatchZ + LDA,kappa,0.6666666666666667,4,chronological,48,12,64,0.2658529281616211,b80bbc0c708a,0d79a81a67b3,within_subject,0.3.0.dev0,2026-09-11T18:28:11,
Miller2019-imagery_basic,rh,mot,LogBandPower + BatchZ + LDA,accuracy,0.8333333333333334,4,chronological,48,12,64,0.2658529281616211,b80bbc0c708a,0d79a81a67b3,within_subject,0.3.0.dev0,2026-09-11T18:28:11,
Miller2019-imagery_basic,rh,mot,LogBandPower + BatchZ + LDA,balanced_accuracy,0.8333333333333333,4,chronological,48,12,64,0.2658529281616211,b80bbc0c708a,0d79a81a67b3,within_subject,0.3.0.dev0,2026-09-11T18:28:11,
Miller2019-imagery_basic,rh,im,LogBandPower + BatchZ + LDA,kappa,0.5,0,chronological,48,12,64,0.27062392234802246,b80bbc0c708a,0d79a81a67b3,within_subject,0.3.0.dev0,2026-09-11T18:28:11,
Miller2019-imagery_basic,rh,im,LogBandPower + BatchZ + LDA,accuracy,0.75,0,chronological,48,12,64,0.27062392234802246,b80bbc0c708a,0d79a81a67b3,within_subject,0.3.0.dev0,2026-09-11T18:28:11,
Miller2019-imagery_basic,rh,im,LogBandPower + BatchZ + LDA,balanced_accuracy,0.7571428571428571,0,chronological,48,12,64,0.27062392234802246,b80bbc0c708a,0d79a81a67b3,within_subject,0.3.0.dev0,2026-09-11T18:28:11,
Miller2019-imagery_basic,rh,im,LogBandPower + BatchZ + LDA,kappa,0.21052631578947378,1,chronological,48,12,64,0.2583801746368408,b80bbc0c708a,0d79a81a67b3,within_subject,0.3.0.dev0,2026-09-11T18:28:11,
Miller2019-imagery_basic,rh,im,LogBandPower + BatchZ + LDA,accuracy,0.5833333333333334,1,chronological,48,12,64,0.2583801746368408,b80bbc0c708a,0d79a81a67b3,within_subject,0.3.0.dev0,2026-09-11T18:28:11,
Miller2019-imagery_basic,rh,im,LogBandPower + BatchZ + LDA,balanced_accuracy,0.6142857142857143,1,chronological,48,12,64,0.2583801746368408,b80bbc0c708a,0d79a81a67b3,within_subject,0.3.0.dev0,2026-09-11T18:28:11,
Miller2019-imagery_basic,rh,im,LogBandPower + BatchZ + LDA,kappa,0.16666666666666663,2,chronological,48,12,64,0.2618281841278076,b80bbc0c708a,0d79a81a67b3,within_subject,0.3.0.dev0,2026-09-11T18:28:11,
Miller2019-imagery_basic,rh,im,LogBandPower + BatchZ + LDA,accuracy,0.5833333333333334,2,chronological,48,12,64,0.2618281841278076,b80bbc0c708a,0d79a81a67b3,within_subject,0.3.0.dev0,2026-09-11T18:28:11,
Miller2019-imagery_basic,rh,im,LogBandPower + BatchZ + LDA,balanced_accuracy,0.5857142857142856,2,chronological,48,12,64,0.2618281841278076,b80bbc0c708a,0d79a81a67b3,within_subject,0.3.0.dev0,2026-09-11T18:28:11,
Miller2019-imagery_basic,rh,im,LogBandPower + BatchZ + LDA,kappa,0.33333333333333337,3,chronological,48,12,64,0.2613041400909424,b80bbc0c708a,0d79a81a67b3,within_subject,0.3.0.dev0,2026-09-11T18:28:11,
Miller2019-imagery_basic,rh,im,LogBandPower + BatchZ + LDA,accuracy,0.6666666666666666,3,chronological,48,12,64,0.2613041400909424,b80bbc0c708a,0d79a81a67b3,within_subject,0.3.0.dev0,2026-09-11T18:28:11,
Miller2019-imagery_basic,rh,im,LogBandPower + BatchZ + LDA,balanced_accuracy,0.6666666666666666,3,chronological,48,12,64,0.2613041400909424,b80bbc0c708a,0d79a81a67b3,within_subject,0.3.0.dev0,2026-09-11T18:28:11,
Miller2019-imagery_basic,rh,im,LogBandPower + BatchZ + LDA,kappa,0.16666666666666663,4,chronological,48,12,64,0.26653194427490234,b80bbc0c708a,0d79a81a67b3,within_subject,0.3.0.dev0,2026-09-11T18:28:11,
Miller2019-imagery_basic,rh,im,LogBandPower + BatchZ + LDA,accuracy,0.5833333333333334,4,chronological,48,12,64,0.26653194427490234,b80bbc0c708a,0d79a81a67b3,within_subject,0.3.0.dev0,2026-09-11T18:28:11,
Miller2019-imagery_basic,rh,im,LogBandPower + BatchZ + LDA,balanced_accuracy,0.5857142857142856,4,chronological,48,12,64,0.26653194427490234,b80bbc0c708a,0d79a81a67b3,within_subject,0.3.0.dev0,2026-09-11T18:28:11,
Miller2019-imagery_basic,rr,mot,LogBandPower + BatchZ + LDA,kappa,0.8333333333333334,0,chronological,48,12,64,0.2810518741607666,b80bbc0c708a,0d79a81a67b3,within_subject,0.3.0.dev0,2026-09-11T18:28:17,
Miller2019-imagery_basic,rr,mot,LogBandPower + BatchZ + LDA,accuracy,0.9166666666666666,0,chronological,48,12,64,0.2810518741607666,b80bbc0c708a,0d79a81a67b3,within_subject,0.3.0.dev0,2026-09-11T18:28:17,
Miller2019-imagery_basic,rr,mot,LogBandPower + BatchZ + LDA,balanced_accuracy,0.9166666666666667,0,chronological,48,12,64,0.2810518741607666,b80bbc0c708a,0d79a81a67b3,within_subject,0.3.0.dev0,2026-09-11T18:28:17,
Miller2019-imagery_basic,rr,mot,LogBandPower + BatchZ + LDA,kappa,0.8333333333333334,1,chronological,48,12,64,0.2631721496582031,b80bbc0c708a,0d79a81a67b3,within_subject,0.3.0.dev0,2026-09-11T18:28:17,
Miller2019-imagery_basic,rr,mot,LogBandPower + BatchZ + LDA,accuracy,0.9166666666666666,1,chronological,48,12,64,0.2631721496582031,b80bbc0c708a,0d79a81a67b3,within_subject,0.3.0.dev0,2026-09-11T18:28:17,
Miller2019-imagery_basic,rr,mot,LogBandPower + BatchZ + LDA,balanced_accuracy,0.9166666666666667,1,chronological,48,12,64,0.2631721496582031,b80bbc0c708a,0d79a81a67b3,within_subject,0.3.0.dev0,2026-09-11T18:28:17,
Miller2019-imagery_basic,rr,mot,LogBandPower + BatchZ + LDA,kappa,0.8333333333333334,2,chronological,48,12,64,0.33841896057128906,b80bbc0c708a,0d79a81a67b3,within_subject,0.3.0.dev0,2026-09-11T18:28:17,
Miller2019-imagery_basic,rr,mot,LogBandPower + BatchZ + LDA,accuracy,0.9166666666666666,2,chronological,48,12,64,0.33841896057128906,b80bbc0c708a,0d79a81a67b3,within_subject,0.3.0.dev0,2026-09-11T18:28:17,
Miller2019-imagery_basic,rr,mot,LogBandPower + BatchZ + LDA,balanced_accuracy,0.9285714285714286,2,chronological,48,12,64,0.33841896057128906,b80bbc0c708a,0d79a81a67b3,within_subject,0.3.0.dev0,2026-09-11T18:28:17,
Miller2019-imagery_basic,rr,mot,LogBandPower + BatchZ + LDA,kappa,0.8333333333333334,3,chronological,48,12,64,0.2728712558746338,b80bbc0c708a,0d79a81a67b3,within_subject,0.3.0.dev0,2026-09-11T18:28:17,
Miller2019-imagery_basic,rr,mot,LogBandPower + BatchZ + LDA,accuracy,0.9166666666666666,3,chronological,48,12,64,0.2728712558746338,b80bbc0c708a,0d79a81a67b3,within_subject,0.3.0.dev0,2026-09-11T18:28:17,
Miller2019-imagery_basic,rr,mot,LogBandPower + BatchZ + LDA,balanced_accuracy,0.9285714285714286,3,chronological,48,12,64,0.2728712558746338,b80bbc0c708a,0d79a81a67b3,within_subject,0.3.0.dev0,2026-09-11T18:28:17,
Miller2019-imagery_basic,rr,mot,LogBandPower + BatchZ + LDA,kappa,1.0,4,chronological,48,12,64,0.2701752185821533,b80bbc0c708a,0d79a81a67b3,within_subject,0.3.0.dev0,2026-09-11T18:28:17,
Miller2019-imagery_basic,rr,mot,LogBandPower + BatchZ + LDA,accuracy,1.0,4,chronological,48,12,64,0.2701752185821533,b80bbc0c708a,0d79a81a67b3,within_subject,0.3.0.dev0,2026-09-11T18:28:17,
Miller2019-imagery_basic,rr,mot,LogBandPower + BatchZ + LDA,balanced_accuracy,1.0,4,chronological,48,12,64,0.2701752185821533,b80bbc0c708a,0d79a81a67b3,within_subject,0.3.0.dev0,2026-09-11T18:28:17,
Miller2019-imagery_basic,rr,im,LogBandPower + BatchZ + LDA,kappa,0.33333333333333337,0,chronological,48,12,64,0.25992321968078613,b80bbc0c708a,0d79a81a67b3,within_subject,0.3.0.dev0,2026-09-11T18:28:17,
Miller2019-imagery_basic,rr,im,LogBandPower + BatchZ + LDA,accuracy,0.6666666666666666,0,chronological,48,12,64,0.25992321968078613,b80bbc0c708a,0d79a81a67b3,within_subject,0.3.0.dev0,2026-09-11T18:28:17,
Miller2019-imagery_basic,rr,im,LogBandPower + BatchZ + LDA,balanced_accuracy,0.6666666666666666,0,chronological,48,12,64,0.25992321968078613,b80bbc0c708a,0d79a81a67b3,within_subject,0.3.0.dev0,2026-09-11T18:28:17,
Miller2019-imagery_basic,rr,im,LogBandPower + BatchZ + LDA,kappa,0.6666666666666667,1,chronological,48,12,64,0.2728309631347656,b80bbc0c708a,0d79a81a67b3,within_subject,0.3.0.dev0,2026-09-11T18:28:17,
Miller2019-imagery_basic,rr,im,LogBandPower + BatchZ + LDA,accuracy,0.8333333333333334,1,chronological,48,12,64,0.2728309631347656,b80bbc0c708a,0d79a81a67b3,within_subject,0.3.0.dev0,2026-09-11T18:28:17,
Miller2019-imagery_basic,rr,im,LogBandPower + BatchZ + LDA,balanced_accuracy,0.8333333333333334,1,chronological,48,12,64,0.2728309631347656,b80bbc0c708a,0d79a81a67b3,within_subject,0.3.0.dev0,2026-09-11T18:28:17,
Miller2019-imagery_basic,rr,im,LogBandPower + BatchZ + LDA,kappa,0.33333333333333337,2,chronological,48,12,64,0.26171231269836426,b80bbc0c708a,0d79a81a67b3,within_subject,0.3.0.dev0,2026-09-11T18:28:17,
Miller2019-imagery_basic,rr,im,LogBandPower + BatchZ + LDA,accuracy,0.6666666666666666,2,chronological,48,12,64,0.26171231269836426,b80bbc0c708a,0d79a81a67b3,within_subject,0.3.0.dev0,2026-09-11T18:28:17,
Miller2019-imagery_basic,rr,im,LogBandPower + BatchZ + LDA,balanced_accuracy,0.6666666666666667,2,chronological,48,12,64,0.26171231269836426,b80bbc0c708a,0d79a81a67b3,within_subject,0.3.0.dev0,2026-09-11T18:28:17,
Miller2019-imagery_basic,rr,im,LogBandPower + BatchZ + LDA,kappa,0.5,3,chronological,48,12,64,0.27596116065979004,b80bbc0c708a,0d79a81a67b3,within_subject,0.3.0.dev0,2026-09-11T18:28:17,
Miller2019-imagery_basic,rr,im,LogBandPower + BatchZ + LDA,accuracy,0.75,3,chronological,48,12,64,0.27596116065979004,b80bbc0c708a,0d79a81a67b3,within_subject,0.3.0.dev0,2026-09-11T18:28:17,
Miller2019-imagery_basic,rr,im,LogBandPower + BatchZ + LDA,balanced_accuracy,0.7571428571428571,3,chronological,48,12,64,0.27596116065979004,b80bbc0c708a,0d79a81a67b3,within_subject,0.3.0.dev0,2026-09-11T18:28:17,
Miller2019-imagery_basic,rr,im,LogBandPower + BatchZ + LDA,kappa,0.16666666666666663,4,chronological,48,12,64,0.26453590393066406,b80bbc0c708a,0d79a81a67b3,within_subject,0.3.0.dev0,2026-09-11T18:28:17,
Miller2019-imagery_basic,rr,im,LogBandPower + BatchZ + LDA,accuracy,0.5833333333333334,4,chronological,48,12,64,0.26453590393066406,b80bbc0c708a,0d79a81a67b3,within_subject,0.3.0.dev0,2026-09-11T18:28:17,
Miller2019-imagery_basic,rr,im,LogBandPower + BatchZ + LDA,balanced_accuracy,0.5857142857142856,4,chronological,48,12,64,0.26453590393066406,b80bbc0c708a,0d79a81a67b3,within_subject,0.3.0.dev0,2026-09-11T18:28:17,
